requirementId,sourceDocument,sourceLocation,sourceType,module,navigationFamily,canonicalRoute,sectionDeepLink,screenWorkspace,capability,businessPurpose,visibleControlAction,workflowStateTransition,dataEntityFields,rolePermission,clinicTenantScope,sourceSystemOwner,privacySensitivityClass,crossModuleContracts,currentProductionCodePath,currentServicePath,currentEvidence,uiImplementationStatus,domainImplementationStatus,crossModuleIntegrationStatus,evidenceAcceptanceStatus,productionStatus,prototypeDisposition,dispositionReason,targetProgrammeWave,acceptanceTestEvidencePath,finalDesignReferenceOrPattern
brdmod_d344b51f534a,public/pulse-html-prototype.html,"{""file"": ""public/pulse-html-prototype.html"", ""startOffset"": 504373, ""endOffset"": 629806, ""startLine"": 2870, ""endLine"": 2870}",brd,M01,Executive,/dashboard,,Executive Command Centre,BRD module M01: Executive Command Centre,"Provide a single cross-clinic overview of operational health, risk, workforce readiness, compliance, finance readiness and unresolved actions. The page should explain why a clinic is green, amber or red and allow the user to open the underlying record in one click.",,,,"Owner / Director, Group Operations Manager, Senior Practice Manager, Finance and Quality Leads",clinic-scoped-unless-stated,Read-only executive summaries with source-completeness and drill-downs,operational,,src/modules/m01-*/ + module-register,,,FUNCTIONALLY-COMPLETE,FUNCTIONALLY-COMPLETE,FUNCTIONALLY-COMPLETE,OWNER-ACCEPTED,NOT-STARTED,ADOPTED-AS-IS,Deep/strong; match M01 final image; KPI source completeness must be truthful,P2,docs/architecture/prototype-parity/,M01 dashboard
brdtab_173d9f87430b,public/pulse-html-prototype.html,"{""file"": ""public/pulse-html-prototype.html"", ""startOffset"": 504373, ""endOffset"": 629806, ""startLine"": 2870, ""endLine"": 2870}",brd,M01,Executive,/dashboard,"/dashboard?section=Overview — Today’s priorities, all-location KPIs, urgent alerts and quick links.","Overview — Today’s priorities, all-location KPIs, urgent alerts and quick links.","Tab: Overview — Today’s priorities, all-location KPIs, urgent alerts and quick links.","Provide a single cross-clinic overview of operational health, risk, workforce readiness, compliance, finance readiness and unresolved actions. The page should explain why a clinic is green, amber or red and allow the user to open the underlying record in one click.","Overview — Today’s priorities, all-location KPIs, urgent alerts and quick links.",,,,clinic-scoped-unless-stated,,operational,,,,,FUNCTIONALLY-COMPLETE,FUNCTIONALLY-COMPLETE,FUNCTIONALLY-COMPLETE,OWNER-ACCEPTED,NOT-STARTED,ADOPTED-AS-IS,BRD tab retained in canonical screen register,P2,docs/architecture/prototype-parity/,M01 dashboard
brdtab_d00e4d2e02e0,public/pulse-html-prototype.html,"{""file"": ""public/pulse-html-prototype.html"", ""startOffset"": 504373, ""endOffset"": 629806, ""startLine"": 2870, ""endLine"": 2870}",brd,M01,Executive,/dashboard,"/dashboard?section=My Day — Role-sensitive daily workspace for shifts, clocking, duties, tasks, training, handovers and alerts.","My Day — Role-sensitive daily workspace for shifts, clocking, duties, tasks, training, handovers and alerts.","Tab: My Day — Role-sensitive daily workspace for shifts, clocking, duties, tasks, training, handovers and alerts.","Provide a single cross-clinic overview of operational health, risk, workforce readiness, compliance, finance readiness and unresolved actions. The page should explain why a clinic is green, amber or red and allow the user to open the underlying record in one click.","My Day — Role-sensitive daily workspace for shifts, clocking, duties, tasks, training, handovers and alerts.",,,,clinic-scoped-unless-stated,,operational,,,,,FUNCTIONALLY-COMPLETE,FUNCTIONALLY-COMPLETE,FUNCTIONALLY-COMPLETE,OWNER-ACCEPTED,NOT-STARTED,ADOPTED-AS-IS,BRD tab retained in canonical screen register,P2,docs/architecture/prototype-parity/,M01 dashboard
brdtab_bcb09b7e9cb2,public/pulse-html-prototype.html,"{""file"": ""public/pulse-html-prototype.html"", ""startOffset"": 504373, ""endOffset"": 629806, ""startLine"": 2870, ""endLine"": 2870}",brd,M01,Executive,/dashboard,"/dashboard?section=Clinic Health — Location cards with score, reasons, trend and drill-down.","Clinic Health — Location cards with score, reasons, trend and drill-down.","Tab: Clinic Health — Location cards with score, reasons, trend and drill-down.","Provide a single cross-clinic overview of operational health, risk, workforce readiness, compliance, finance readiness and unresolved actions. The page should explain why a clinic is green, amber or red and allow the user to open the underlying record in one click.","Clinic Health — Location cards with score, reasons, trend and drill-down.",,,,clinic-scoped-unless-stated,,operational,,,,,FUNCTIONALLY-COMPLETE,FUNCTIONALLY-COMPLETE,FUNCTIONALLY-COMPLETE,OWNER-ACCEPTED,NOT-STARTED,ADOPTED-AS-IS,BRD tab retained in canonical screen register,P2,docs/architecture/prototype-parity/,M01 dashboard
brdtab_9a495e615f35,public/pulse-html-prototype.html,"{""file"": ""public/pulse-html-prototype.html"", ""startOffset"": 504373, ""endOffset"": 629806, ""startLine"": 2870, ""endLine"": 2870}",brd,M01,Executive,/dashboard,"/dashboard?section=KPI Scorecard — Comparable workforce, pay, quality, inventory, digital and risk measures.","KPI Scorecard — Comparable workforce, pay, quality, inventory, digital and risk measures.","Tab: KPI Scorecard — Comparable workforce, pay, quality, inventory, digital and risk measures.","Provide a single cross-clinic overview of operational health, risk, workforce readiness, compliance, finance readiness and unresolved actions. The page should explain why a clinic is green, amber or red and allow the user to open the underlying record in one click.","KPI Scorecard — Comparable workforce, pay, quality, inventory, digital and risk measures.",,,,clinic-scoped-unless-stated,,operational,,,,,FUNCTIONALLY-COMPLETE,FUNCTIONALLY-COMPLETE,FUNCTIONALLY-COMPLETE,OWNER-ACCEPTED,NOT-STARTED,ADOPTED-AS-IS,BRD tab retained in canonical screen register,P2,docs/architecture/prototype-parity/,M01 dashboard
brdtab_52e4039f00d2,public/pulse-html-prototype.html,"{""file"": ""public/pulse-html-prototype.html"", ""startOffset"": 504373, ""endOffset"": 629806, ""startLine"": 2870, ""endLine"": 2870}",brd,M01,Executive,/dashboard,/dashboard?section=Risk & Exceptions — Cross-module red/amber items ranked by severity and due date.,Risk & Exceptions — Cross-module red/amber items ranked by severity and due date.,Tab: Risk & Exceptions — Cross-module red/amber items ranked by severity and due date.,"Provide a single cross-clinic overview of operational health, risk, workforce readiness, compliance, finance readiness and unresolved actions. The page should explain why a clinic is green, amber or red and allow the user to open the underlying record in one click.",Risk & Exceptions — Cross-module red/amber items ranked by severity and due date.,,,,clinic-scoped-unless-stated,,operational,,,,,FUNCTIONALLY-COMPLETE,FUNCTIONALLY-COMPLETE,FUNCTIONALLY-COMPLETE,OWNER-ACCEPTED,NOT-STARTED,ADOPTED-AS-IS,BRD tab retained in canonical screen register,P2,docs/architecture/prototype-parity/,M01 dashboard
brdtab_c2bffaddbbe3,public/pulse-html-prototype.html,"{""file"": ""public/pulse-html-prototype.html"", ""startOffset"": 504373, ""endOffset"": 629806, ""startLine"": 2870, ""endLine"": 2870}",brd,M01,Executive,/dashboard,"/dashboard?section=Reports — Saved management packs, period comparisons and exported summaries.","Reports — Saved management packs, period comparisons and exported summaries.","Tab: Reports — Saved management packs, period comparisons and exported summaries.","Provide a single cross-clinic overview of operational health, risk, workforce readiness, compliance, finance readiness and unresolved actions. The page should explain why a clinic is green, amber or red and allow the user to open the underlying record in one click.","Reports — Saved management packs, period comparisons and exported summaries.",,,,clinic-scoped-unless-stated,,operational,,,,,FUNCTIONALLY-COMPLETE,FUNCTIONALLY-COMPLETE,FUNCTIONALLY-COMPLETE,OWNER-ACCEPTED,NOT-STARTED,ADOPTED-AS-IS,BRD tab retained in canonical screen register,P2,docs/architecture/prototype-parity/,M01 dashboard
brdbtn_d09dff93d10a,public/pulse-html-prototype.html,"{""file"": ""public/pulse-html-prototype.html"", ""startOffset"": 504373, ""endOffset"": 629806, ""startLine"": 2870, ""endLine"": 2870}",brd,M01,Executive,/dashboard,,Executive Command Centre,Named action: Switch Clinic / All Clinics,"Provide a single cross-clinic overview of operational health, risk, workforce readiness, compliance, finance readiness and unresolved actions. The page should explain why a clinic is green, amber or red and allow the user to open the underlying record in one click.",Switch Clinic / All Clinics,service-backed transition required for final claim,,,clinic-scoped-unless-stated,,operational,,,,,FUNCTIONALLY-COMPLETE,FUNCTIONALLY-COMPLETE,FUNCTIONALLY-COMPLETE,OWNER-ACCEPTED,NOT-STARTED,ADOPTED-AS-IS,"Named BRD button must map to real action, planned service-backed action, or owner decision",P2,docs/architecture/prototype-parity/,M01 dashboard
brdbtn_e1f800769de0,public/pulse-html-prototype.html,"{""file"": ""public/pulse-html-prototype.html"", ""startOffset"": 504373, ""endOffset"": 629806, ""startLine"": 2870, ""endLine"": 2870}",brd,M01,Executive,/dashboard,,Executive Command Centre,Named action: Change Date Range,"Provide a single cross-clinic overview of operational health, risk, workforce readiness, compliance, finance readiness and unresolved actions. The page should explain why a clinic is green, amber or red and allow the user to open the underlying record in one click.",Change Date Range,service-backed transition required for final claim,,,clinic-scoped-unless-stated,,operational,,,,,FUNCTIONALLY-COMPLETE,FUNCTIONALLY-COMPLETE,FUNCTIONALLY-COMPLETE,OWNER-ACCEPTED,NOT-STARTED,ADOPTED-AS-IS,"Named BRD button must map to real action, planned service-backed action, or owner decision",P2,docs/architecture/prototype-parity/,M01 dashboard
brdbtn_9fa22879c20c,public/pulse-html-prototype.html,"{""file"": ""public/pulse-html-prototype.html"", ""startOffset"": 504373, ""endOffset"": 629806, ""startLine"": 2870, ""endLine"": 2870}",brd,M01,Executive,/dashboard,,Executive Command Centre,Named action: Open Action Inbox,"Provide a single cross-clinic overview of operational health, risk, workforce readiness, compliance, finance readiness and unresolved actions. The page should explain why a clinic is green, amber or red and allow the user to open the underlying record in one click.",Open Action Inbox,service-backed transition required for final claim,,,clinic-scoped-unless-stated,,operational,,,,,FUNCTIONALLY-COMPLETE,FUNCTIONALLY-COMPLETE,FUNCTIONALLY-COMPLETE,OWNER-ACCEPTED,NOT-STARTED,ADOPTED-AS-IS,"Named BRD button must map to real action, planned service-backed action, or owner decision",P2,docs/architecture/prototype-parity/,M01 dashboard
brdbtn_022556c72a45,public/pulse-html-prototype.html,"{""file"": ""public/pulse-html-prototype.html"", ""startOffset"": 504373, ""endOffset"": 629806, ""startLine"": 2870, ""endLine"": 2870}",brd,M01,Executive,/dashboard,,Executive Command Centre,Named action: View Source Record,"Provide a single cross-clinic overview of operational health, risk, workforce readiness, compliance, finance readiness and unresolved actions. The page should explain why a clinic is green, amber or red and allow the user to open the underlying record in one click.",View Source Record,service-backed transition required for final claim,,,clinic-scoped-unless-stated,,operational,,,,,FUNCTIONALLY-COMPLETE,FUNCTIONALLY-COMPLETE,FUNCTIONALLY-COMPLETE,OWNER-ACCEPTED,NOT-STARTED,ADOPTED-AS-IS,"Named BRD button must map to real action, planned service-backed action, or owner decision",P2,docs/architecture/prototype-parity/,M01 dashboard
brdbtn_3454f80230cf,public/pulse-html-prototype.html,"{""file"": ""public/pulse-html-prototype.html"", ""startOffset"": 504373, ""endOffset"": 629806, ""startLine"": 2870, ""endLine"": 2870}",brd,M01,Executive,/dashboard,,Executive Command Centre,Named action: Create Management Action,"Provide a single cross-clinic overview of operational health, risk, workforce readiness, compliance, finance readiness and unresolved actions. The page should explain why a clinic is green, amber or red and allow the user to open the underlying record in one click.",Create Management Action,service-backed transition required for final claim,,,clinic-scoped-unless-stated,,operational,,,,,FUNCTIONALLY-COMPLETE,FUNCTIONALLY-COMPLETE,FUNCTIONALLY-COMPLETE,OWNER-ACCEPTED,NOT-STARTED,ADOPTED-AS-IS,"Named BRD button must map to real action, planned service-backed action, or owner decision",P2,docs/architecture/prototype-parity/,M01 dashboard
brdbtn_690744bd6d0e,public/pulse-html-prototype.html,"{""file"": ""public/pulse-html-prototype.html"", ""startOffset"": 504373, ""endOffset"": 629806, ""startLine"": 2870, ""endLine"": 2870}",brd,M01,Executive,/dashboard,,Executive Command Centre,Named action: Export Executive Summary,"Provide a single cross-clinic overview of operational health, risk, workforce readiness, compliance, finance readiness and unresolved actions. The page should explain why a clinic is green, amber or red and allow the user to open the underlying record in one click.",Export Executive Summary,service-backed transition required for final claim,,,clinic-scoped-unless-stated,,operational,,,,,FUNCTIONALLY-COMPLETE,FUNCTIONALLY-COMPLETE,FUNCTIONALLY-COMPLETE,OWNER-ACCEPTED,NOT-STARTED,ADOPTED-AS-IS,"Named BRD button must map to real action, planned service-backed action, or owner decision",P2,docs/architecture/prototype-parity/,M01 dashboard
brdbtn_f2c1db142fcf,public/pulse-html-prototype.html,"{""file"": ""public/pulse-html-prototype.html"", ""startOffset"": 504373, ""endOffset"": 629806, ""startLine"": 2870, ""endLine"": 2870}",brd,M01,Executive,/dashboard,,Executive Command Centre,Named action: Save View,"Provide a single cross-clinic overview of operational health, risk, workforce readiness, compliance, finance readiness and unresolved actions. The page should explain why a clinic is green, amber or red and allow the user to open the underlying record in one click.",Save View,service-backed transition required for final claim,,,clinic-scoped-unless-stated,,operational,,,,,FUNCTIONALLY-COMPLETE,FUNCTIONALLY-COMPLETE,FUNCTIONALLY-COMPLETE,OWNER-ACCEPTED,NOT-STARTED,ADOPTED-AS-IS,"Named BRD button must map to real action, planned service-backed action, or owner decision",P2,docs/architecture/prototype-parity/,M01 dashboard
brdbtn_fbc1ae7d4efc,public/pulse-html-prototype.html,"{""file"": ""public/pulse-html-prototype.html"", ""startOffset"": 504373, ""endOffset"": 629806, ""startLine"": 2870, ""endLine"": 2870}",brd,M01,Executive,/dashboard,,Executive Command Centre,Named action: Open My Day,"Provide a single cross-clinic overview of operational health, risk, workforce readiness, compliance, finance readiness and unresolved actions. The page should explain why a clinic is green, amber or red and allow the user to open the underlying record in one click.",Open My Day,service-backed transition required for final claim,,,clinic-scoped-unless-stated,,operational,,,,,FUNCTIONALLY-COMPLETE,FUNCTIONALLY-COMPLETE,FUNCTIONALLY-COMPLETE,OWNER-ACCEPTED,NOT-STARTED,ADOPTED-AS-IS,"Named BRD button must map to real action, planned service-backed action, or owner decision",P2,docs/architecture/prototype-parity/,M01 dashboard
brdbtn_5611ac3286f1,public/pulse-html-prototype.html,"{""file"": ""public/pulse-html-prototype.html"", ""startOffset"": 504373, ""endOffset"": 629806, ""startLine"": 2870, ""endLine"": 2870}",brd,M01,Executive,/dashboard,,Executive Command Centre,Named action: Report a Problem,"Provide a single cross-clinic overview of operational health, risk, workforce readiness, compliance, finance readiness and unresolved actions. The page should explain why a clinic is green, amber or red and allow the user to open the underlying record in one click.",Report a Problem,service-backed transition required for final claim,,,clinic-scoped-unless-stated,,operational,,,,,FUNCTIONALLY-COMPLETE,FUNCTIONALLY-COMPLETE,FUNCTIONALLY-COMPLETE,OWNER-ACCEPTED,NOT-STARTED,ADOPTED-AS-IS,"Named BRD button must map to real action, planned service-backed action, or owner decision",P2,docs/architecture/prototype-parity/,M01 dashboard
brdflow_ffd9f77521ee,public/pulse-html-prototype.html,"{""file"": ""public/pulse-html-prototype.html"", ""startOffset"": 504373, ""endOffset"": 629806, ""startLine"": 2870, ""endLine"": 2870}",brd,M01,Executive,/dashboard,,Executive Command Centre,Workflow: Morning executive review,Morning executive review,,"User opens the platform and lands on Overview with All Clini > The KPI strip loads current red and amber indicators; the us > A filtered detail drawer opens showing affected clinic, pay  > The user clicks Open Source Record and is taken to the relev > After the item is resolved, the dashboard status updates and",,,clinic-scoped-unless-stated,,operational,,,,,FUNCTIONALLY-COMPLETE,FUNCTIONALLY-COMPLETE,FUNCTIONALLY-COMPLETE,OWNER-ACCEPTED,NOT-STARTED,ADOPTED-AS-IS,Core,P2,docs/architecture/prototype-parity/,M01 dashboard
brdflow_721185805e0c,public/pulse-html-prototype.html,"{""file"": ""public/pulse-html-prototype.html"", ""startOffset"": 504373, ""endOffset"": 629806, ""startLine"": 2870, ""endLine"": 2870}",brd,M01,Executive,/dashboard,,Executive Command Centre,Workflow: Compare clinic performance,Compare clinic performance,,"User opens Clinic Health and selects the comparison period. > The page displays clinic cards ordered by risk or score. > User selects two or more clinics and clicks Compare. > A comparison view shows KPI definitions, current value, tren > User clicks Create Management Action on a weak area, assigns",,,clinic-scoped-unless-stated,,operational,,,,,FUNCTIONALLY-COMPLETE,FUNCTIONALLY-COMPLETE,FUNCTIONALLY-COMPLETE,OWNER-ACCEPTED,NOT-STARTED,ADOPTED-AS-IS,Core,P2,docs/architecture/prototype-parity/,M01 dashboard
brdflow_72d027049451,public/pulse-html-prototype.html,"{""file"": ""public/pulse-html-prototype.html"", ""startOffset"": 504373, ""endOffset"": 629806, ""startLine"": 2870, ""endLine"": 2870}",brd,M01,Executive,/dashboard,,Executive Command Centre,Workflow: Produce management pack,Produce management pack,,"User opens Reports and chooses Monthly Operations Pack. > A preview shows included clinics, period, KPI sections, unre > User adds management commentary and excludes any section the > User clicks Generate Report, reviews the final preview and e > The generated report is stored in report history with creato",,,clinic-scoped-unless-stated,,operational,,,,,FUNCTIONALLY-COMPLETE,FUNCTIONALLY-COMPLETE,FUNCTIONALLY-COMPLETE,OWNER-ACCEPTED,NOT-STARTED,ADOPTED-AS-IS,Core,P2,docs/architecture/prototype-parity/,M01 dashboard
brdflow_b74f8442c52c,public/pulse-html-prototype.html,"{""file"": ""public/pulse-html-prototype.html"", ""startOffset"": 504373, ""endOffset"": 629806, ""startLine"": 2870, ""endLine"": 2870}",brd,M01,Executive,/dashboard,,Executive Command Centre,Workflow: Role-Based My Day User Journey,Role-Based My Day User Journey,,"User signs in and lands on My Day for the default clinic and > The page displays today's shift, clocking status, opening/cl > The user selects the next required action, such as Clock In, > Completed items leave the urgent area and remain visible in  > Unfinished items are included in the next handover or manage > The user may switch clinic or date only where access permits",,,clinic-scoped-unless-stated,,operational,,,,,FUNCTIONALLY-COMPLETE,FUNCTIONALLY-COMPLETE,FUNCTIONALLY-COMPLETE,OWNER-ACCEPTED,NOT-STARTED,ADOPTED-AS-IS,Expanded,P2,docs/architecture/prototype-parity/,M01 dashboard
brdrule_dbb68476b0d6,public/pulse-html-prototype.html,,brd,M01,Executive,/dashboard,,,Business rule,"Every KPI must have a documented definition, owner and threshold.",,,,,clinic-scoped-unless-stated,,operational,,,,,FUNCTIONALLY-COMPLETE,FUNCTIONALLY-COMPLETE,FUNCTIONALLY-COMPLETE,OWNER-ACCEPTED,NOT-STARTED,ADOPTED-AS-IS,BRD business rule,P2,docs/architecture/prototype-parity/,
brdrule_d6ec4e413dd0,public/pulse-html-prototype.html,,brd,M01,Executive,/dashboard,,,Business rule,A red/amber status must show the contributing records rather than an unexplained score.,,,,,clinic-scoped-unless-stated,,operational,,,,,FUNCTIONALLY-COMPLETE,FUNCTIONALLY-COMPLETE,FUNCTIONALLY-COMPLETE,OWNER-ACCEPTED,NOT-STARTED,ADOPTED-AS-IS,BRD business rule,P2,docs/architecture/prototype-parity/,
brdrule_4e817df12e60,public/pulse-html-prototype.html,,brd,M01,Executive,/dashboard,,,Business rule,Clinic comparisons should be normalised where size or activity volume materially changes interpretation.,,,,,clinic-scoped-unless-stated,,operational,,,,,FUNCTIONALLY-COMPLETE,FUNCTIONALLY-COMPLETE,FUNCTIONALLY-COMPLETE,OWNER-ACCEPTED,NOT-STARTED,ADOPTED-AS-IS,BRD business rule,P2,docs/architecture/prototype-parity/,
brdrule_3207b2441a64,public/pulse-html-prototype.html,,brd,M01,Executive,/dashboard,,,Business rule,Closed or archived items remain available in trend reports but do not appear in the active attention queue.,,,,,clinic-scoped-unless-stated,,operational,,,,,FUNCTIONALLY-COMPLETE,FUNCTIONALLY-COMPLETE,FUNCTIONALLY-COMPLETE,OWNER-ACCEPTED,NOT-STARTED,ADOPTED-AS-IS,BRD business rule,P2,docs/architecture/prototype-parity/,
brdrule_a5973369980c,public/pulse-html-prototype.html,,brd,M01,Executive,/dashboard,,,Business rule,Users see only clinics and sensitive indicators allowed by their role.,,,,,clinic-scoped-unless-stated,,operational,,,,,FUNCTIONALLY-COMPLETE,FUNCTIONALLY-COMPLETE,FUNCTIONALLY-COMPLETE,OWNER-ACCEPTED,NOT-STARTED,ADOPTED-AS-IS,BRD business rule,P2,docs/architecture/prototype-parity/,
brdvis_bc4dad3d1765,public/pulse-html-prototype.html,,brd,M01,Executive,/dashboard,,,Visual requirement,"KPI strip for overdue actions, roster gaps, pay readiness, incidents, checklist completion and expiring evidence.",,,,,clinic-scoped-unless-stated,,operational,,,,,FUNCTIONALLY-COMPLETE,FUNCTIONALLY-COMPLETE,FUNCTIONALLY-COMPLETE,OWNER-ACCEPTED,NOT-STARTED,ADOPTED-AS-IS,BRD visual requirement; final PNG prevails where image exists,P2,docs/architecture/prototype-parity/,M01 dashboard
brdvis_4e1d1308be85,public/pulse-html-prototype.html,,brd,M01,Executive,/dashboard,,,Visual requirement,Clinic health cards with green/amber/red status plus plain-language reasons.,,,,,clinic-scoped-unless-stated,,operational,,,,,FUNCTIONALLY-COMPLETE,FUNCTIONALLY-COMPLETE,FUNCTIONALLY-COMPLETE,OWNER-ACCEPTED,NOT-STARTED,ADOPTED-AS-IS,BRD visual requirement; final PNG prevails where image exists,P2,docs/architecture/prototype-parity/,M01 dashboard
brdvis_41dc7dbd3c71,public/pulse-html-prototype.html,,brd,M01,Executive,/dashboard,,,Visual requirement,"Top Risks table showing severity, owner, clinic, due date and days overdue.",,,,,clinic-scoped-unless-stated,,operational,,,,,FUNCTIONALLY-COMPLETE,FUNCTIONALLY-COMPLETE,FUNCTIONALLY-COMPLETE,OWNER-ACCEPTED,NOT-STARTED,ADOPTED-AS-IS,BRD visual requirement; final PNG prevails where image exists,P2,docs/architecture/prototype-parity/,M01 dashboard
brdvis_53fe5c46ed14,public/pulse-html-prototype.html,,brd,M01,Executive,/dashboard,,,Visual requirement,Trend charts with comparison period selector and direct links to the relevant module.,,,,,clinic-scoped-unless-stated,,operational,,,,,FUNCTIONALLY-COMPLETE,FUNCTIONALLY-COMPLETE,FUNCTIONALLY-COMPLETE,OWNER-ACCEPTED,NOT-STARTED,ADOPTED-AS-IS,BRD visual requirement; final PNG prevails where image exists,P2,docs/architecture/prototype-parity/,M01 dashboard
brdvis_8eaf35f28633,public/pulse-html-prototype.html,,brd,M01,Executive,/dashboard,,,Visual requirement,Role-sensitive quick actions so users do not see actions they cannot perform.,,,,,clinic-scoped-unless-stated,,operational,,,,,FUNCTIONALLY-COMPLETE,FUNCTIONALLY-COMPLETE,FUNCTIONALLY-COMPLETE,OWNER-ACCEPTED,NOT-STARTED,ADOPTED-AS-IS,BRD visual requirement; final PNG prevails where image exists,P2,docs/architecture/prototype-parity/,M01 dashboard
brdout_871bb7bc15cd,public/pulse-html-prototype.html,,brd,M01,Executive,/dashboard,,,Output/measure,Executive operations summary,,,,,clinic-scoped-unless-stated,,operational,,,,,FUNCTIONALLY-COMPLETE,FUNCTIONALLY-COMPLETE,FUNCTIONALLY-COMPLETE,OWNER-ACCEPTED,NOT-STARTED,ADOPTED-AS-IS,BRD output/measure,P2,docs/architecture/prototype-parity/,
brdout_d58cbc93d2c4,public/pulse-html-prototype.html,,brd,M01,Executive,/dashboard,,,Output/measure,Clinic health and benchmarking report,,,,,clinic-scoped-unless-stated,,operational,,,,,FUNCTIONALLY-COMPLETE,FUNCTIONALLY-COMPLETE,FUNCTIONALLY-COMPLETE,OWNER-ACCEPTED,NOT-STARTED,ADOPTED-AS-IS,BRD output/measure,P2,docs/architecture/prototype-parity/,
brdout_18ba223b2609,public/pulse-html-prototype.html,,brd,M01,Executive,/dashboard,,,Output/measure,Top-risk and overdue-action report,,,,,clinic-scoped-unless-stated,,operational,,,,,FUNCTIONALLY-COMPLETE,FUNCTIONALLY-COMPLETE,FUNCTIONALLY-COMPLETE,OWNER-ACCEPTED,NOT-STARTED,ADOPTED-AS-IS,BRD output/measure,P2,docs/architecture/prototype-parity/,
brdout_955df821c549,public/pulse-html-prototype.html,,brd,M01,Executive,/dashboard,,,Output/measure,Monthly management pack,,,,,clinic-scoped-unless-stated,,operational,,,,,FUNCTIONALLY-COMPLETE,FUNCTIONALLY-COMPLETE,FUNCTIONALLY-COMPLETE,OWNER-ACCEPTED,NOT-STARTED,ADOPTED-AS-IS,BRD output/measure,P2,docs/architecture/prototype-parity/,
brdout_60a746b5c4e9,public/pulse-html-prototype.html,,brd,M01,Executive,/dashboard,,,Output/measure,Measure: percentage of red/amber items resolved within target,,,,,clinic-scoped-unless-stated,,operational,,,,,FUNCTIONALLY-COMPLETE,FUNCTIONALLY-COMPLETE,FUNCTIONALLY-COMPLETE,OWNER-ACCEPTED,NOT-STARTED,ADOPTED-AS-IS,BRD output/measure,P2,docs/architecture/prototype-parity/,
brdout_707dfff4f9e4,public/pulse-html-prototype.html,,brd,M01,Executive,/dashboard,,,Output/measure,Measure: number of unexplained or ownerless exceptions (target zero),,,,,clinic-scoped-unless-stated,,operational,,,,,FUNCTIONALLY-COMPLETE,FUNCTIONALLY-COMPLETE,FUNCTIONALLY-COMPLETE,OWNER-ACCEPTED,NOT-STARTED,ADOPTED-AS-IS,BRD output/measure,P2,docs/architecture/prototype-parity/,
brdmod_b96000f10881,public/pulse-html-prototype.html,"{""file"": ""public/pulse-html-prototype.html"", ""startOffset"": 504373, ""endOffset"": 629806, ""startLine"": 2870, ""endLine"": 2870}",brd,M02,Executive,/action-inbox,,Action Inbox & Notification Centre,BRD module M02: Action Inbox & Notification Centre,"Prevent important work from being lost in separate module screens or email. Every approval, failed check, overdue action, pay blocker, document review and high-risk alert should enter an owned queue with clear context and next steps.",,,,"All users for personal actions, Practice Managers, Operations Managers, Approvers, Owners",clinic-scoped-unless-stated,Receives action/approval/exception/notification projections,operational,,src/modules/m02-*/ + module-register,,,FUNCTIONALLY-COMPLETE,FUNCTIONALLY-COMPLETE,FUNCTIONALLY-COMPLETE,OWNER-ACCEPTED,NOT-STARTED,ADOPTED-AS-IS,Deep/strong; match M02 final image; single cross-module queue,P2,docs/architecture/prototype-parity/,M02 master-detail queue
brdtab_120b38f77c59,public/pulse-html-prototype.html,"{""file"": ""public/pulse-html-prototype.html"", ""startOffset"": 504373, ""endOffset"": 629806, ""startLine"": 2870, ""endLine"": 2870}",brd,M02,Executive,/action-inbox,/action-inbox?section=My Actions — Items assigned directly to the logged-in user.,My Actions — Items assigned directly to the logged-in user.,Tab: My Actions — Items assigned directly to the logged-in user.,"Prevent important work from being lost in separate module screens or email. Every approval, failed check, overdue action, pay blocker, document review and high-risk alert should enter an owned queue with clear context and next steps.",My Actions — Items assigned directly to the logged-in user.,,,,clinic-scoped-unless-stated,,operational,,,,,FUNCTIONALLY-COMPLETE,FUNCTIONALLY-COMPLETE,FUNCTIONALLY-COMPLETE,OWNER-ACCEPTED,NOT-STARTED,ADOPTED-AS-IS,BRD tab retained in canonical screen register,P2,docs/architecture/prototype-parity/,M02 master-detail queue
brdtab_eb8c3edff837,public/pulse-html-prototype.html,"{""file"": ""public/pulse-html-prototype.html"", ""startOffset"": 504373, ""endOffset"": 629806, ""startLine"": 2870, ""endLine"": 2870}",brd,M02,Executive,/action-inbox,/action-inbox?section=Team Queue — Items owned by the user’s team or clinic.,Team Queue — Items owned by the user’s team or clinic.,Tab: Team Queue — Items owned by the user’s team or clinic.,"Prevent important work from being lost in separate module screens or email. Every approval, failed check, overdue action, pay blocker, document review and high-risk alert should enter an owned queue with clear context and next steps.",Team Queue — Items owned by the user’s team or clinic.,,,,clinic-scoped-unless-stated,,operational,,,,,FUNCTIONALLY-COMPLETE,FUNCTIONALLY-COMPLETE,FUNCTIONALLY-COMPLETE,OWNER-ACCEPTED,NOT-STARTED,ADOPTED-AS-IS,BRD tab retained in canonical screen register,P2,docs/architecture/prototype-parity/,M02 master-detail queue
brdtab_6c804a446976,public/pulse-html-prototype.html,"{""file"": ""public/pulse-html-prototype.html"", ""startOffset"": 504373, ""endOffset"": 629806, ""startLine"": 2870, ""endLine"": 2870}",brd,M02,Executive,/action-inbox,/action-inbox?section=Approvals — Submitted records awaiting a decision.,Approvals — Submitted records awaiting a decision.,Tab: Approvals — Submitted records awaiting a decision.,"Prevent important work from being lost in separate module screens or email. Every approval, failed check, overdue action, pay blocker, document review and high-risk alert should enter an owned queue with clear context and next steps.",Approvals — Submitted records awaiting a decision.,,,,clinic-scoped-unless-stated,,operational,,,,,FUNCTIONALLY-COMPLETE,FUNCTIONALLY-COMPLETE,FUNCTIONALLY-COMPLETE,OWNER-ACCEPTED,NOT-STARTED,ADOPTED-AS-IS,BRD tab retained in canonical screen register,P2,docs/architecture/prototype-parity/,M02 master-detail queue
brdtab_fe0b0722480f,public/pulse-html-prototype.html,"{""file"": ""public/pulse-html-prototype.html"", ""startOffset"": 504373, ""endOffset"": 629806, ""startLine"": 2870, ""endLine"": 2870}",brd,M02,Executive,/action-inbox,"/action-inbox?section=Exceptions — Blocked, failed, skipped, overdue or mismatched records.","Exceptions — Blocked, failed, skipped, overdue or mismatched records.","Tab: Exceptions — Blocked, failed, skipped, overdue or mismatched records.","Prevent important work from being lost in separate module screens or email. Every approval, failed check, overdue action, pay blocker, document review and high-risk alert should enter an owned queue with clear context and next steps.","Exceptions — Blocked, failed, skipped, overdue or mismatched records.",,,,clinic-scoped-unless-stated,,operational,,,,,FUNCTIONALLY-COMPLETE,FUNCTIONALLY-COMPLETE,FUNCTIONALLY-COMPLETE,OWNER-ACCEPTED,NOT-STARTED,ADOPTED-AS-IS,BRD tab retained in canonical screen register,P2,docs/architecture/prototype-parity/,M02 master-detail queue
brdtab_acbcc29d08c6,public/pulse-html-prototype.html,"{""file"": ""public/pulse-html-prototype.html"", ""startOffset"": 504373, ""endOffset"": 629806, ""startLine"": 2870, ""endLine"": 2870}",brd,M02,Executive,/action-inbox,/action-inbox?section=Escalations — High-risk or overdue items requiring elevated attention.,Escalations — High-risk or overdue items requiring elevated attention.,Tab: Escalations — High-risk or overdue items requiring elevated attention.,"Prevent important work from being lost in separate module screens or email. Every approval, failed check, overdue action, pay blocker, document review and high-risk alert should enter an owned queue with clear context and next steps.",Escalations — High-risk or overdue items requiring elevated attention.,,,,clinic-scoped-unless-stated,,operational,,,,,FUNCTIONALLY-COMPLETE,FUNCTIONALLY-COMPLETE,FUNCTIONALLY-COMPLETE,OWNER-ACCEPTED,NOT-STARTED,ADOPTED-AS-IS,BRD tab retained in canonical screen register,P2,docs/architecture/prototype-parity/,M02 master-detail queue
brdtab_030a6cb5d590,public/pulse-html-prototype.html,"{""file"": ""public/pulse-html-prototype.html"", ""startOffset"": 504373, ""endOffset"": 629806, ""startLine"": 2870, ""endLine"": 2870}",brd,M02,Executive,/action-inbox,/action-inbox?section=Completed — Recently completed decisions and actions with filters.,Completed — Recently completed decisions and actions with filters.,Tab: Completed — Recently completed decisions and actions with filters.,"Prevent important work from being lost in separate module screens or email. Every approval, failed check, overdue action, pay blocker, document review and high-risk alert should enter an owned queue with clear context and next steps.",Completed — Recently completed decisions and actions with filters.,,,,clinic-scoped-unless-stated,,operational,,,,,FUNCTIONALLY-COMPLETE,FUNCTIONALLY-COMPLETE,FUNCTIONALLY-COMPLETE,OWNER-ACCEPTED,NOT-STARTED,ADOPTED-AS-IS,BRD tab retained in canonical screen register,P2,docs/architecture/prototype-parity/,M02 master-detail queue
brdtab_50e4561fee9f,public/pulse-html-prototype.html,"{""file"": ""public/pulse-html-prototype.html"", ""startOffset"": 504373, ""endOffset"": 629806, ""startLine"": 2870, ""endLine"": 2870}",brd,M02,Executive,/action-inbox,"/action-inbox?section=Delegations — Temporary approval cover, acting authority, effective dates and post-delegation review.","Delegations — Temporary approval cover, acting authority, effective dates and post-delegation review.","Tab: Delegations — Temporary approval cover, acting authority, effective dates and post-delegation review.","Prevent important work from being lost in separate module screens or email. Every approval, failed check, overdue action, pay blocker, document review and high-risk alert should enter an owned queue with clear context and next steps.","Delegations — Temporary approval cover, acting authority, effective dates and post-delegation review.",,,,clinic-scoped-unless-stated,,operational,,,,,FUNCTIONALLY-COMPLETE,FUNCTIONALLY-COMPLETE,FUNCTIONALLY-COMPLETE,OWNER-ACCEPTED,NOT-STARTED,ADOPTED-AS-IS,BRD tab retained in canonical screen register,P2,docs/architecture/prototype-parity/,M02 master-detail queue
brdbtn_bfe4510aebf6,public/pulse-html-prototype.html,"{""file"": ""public/pulse-html-prototype.html"", ""startOffset"": 504373, ""endOffset"": 629806, ""startLine"": 2870, ""endLine"": 2870}",brd,M02,Executive,/action-inbox,,Action Inbox & Notification Centre,Named action: Open Source,"Prevent important work from being lost in separate module screens or email. Every approval, failed check, overdue action, pay blocker, document review and high-risk alert should enter an owned queue with clear context and next steps.",Open Source,service-backed transition required for final claim,,,clinic-scoped-unless-stated,,operational,,,,,FUNCTIONALLY-COMPLETE,FUNCTIONALLY-COMPLETE,FUNCTIONALLY-COMPLETE,OWNER-ACCEPTED,NOT-STARTED,ADOPTED-AS-IS,"Named BRD button must map to real action, planned service-backed action, or owner decision",P2,docs/architecture/prototype-parity/,M02 master-detail queue
brdbtn_c27324d6429c,public/pulse-html-prototype.html,"{""file"": ""public/pulse-html-prototype.html"", ""startOffset"": 504373, ""endOffset"": 629806, ""startLine"": 2870, ""endLine"": 2870}",brd,M02,Executive,/action-inbox,,Action Inbox & Notification Centre,Named action: Approve,"Prevent important work from being lost in separate module screens or email. Every approval, failed check, overdue action, pay blocker, document review and high-risk alert should enter an owned queue with clear context and next steps.",Approve,service-backed transition required for final claim,,,clinic-scoped-unless-stated,,operational,,,,,FUNCTIONALLY-COMPLETE,FUNCTIONALLY-COMPLETE,FUNCTIONALLY-COMPLETE,OWNER-ACCEPTED,NOT-STARTED,ADOPTED-AS-IS,"Named BRD button must map to real action, planned service-backed action, or owner decision",P2,docs/architecture/prototype-parity/,M02 master-detail queue
brdbtn_d8c6c4f14f5e,public/pulse-html-prototype.html,"{""file"": ""public/pulse-html-prototype.html"", ""startOffset"": 504373, ""endOffset"": 629806, ""startLine"": 2870, ""endLine"": 2870}",brd,M02,Executive,/action-inbox,,Action Inbox & Notification Centre,Named action: Reject,"Prevent important work from being lost in separate module screens or email. Every approval, failed check, overdue action, pay blocker, document review and high-risk alert should enter an owned queue with clear context and next steps.",Reject,service-backed transition required for final claim,,,clinic-scoped-unless-stated,,operational,,,,,FUNCTIONALLY-COMPLETE,FUNCTIONALLY-COMPLETE,FUNCTIONALLY-COMPLETE,OWNER-ACCEPTED,NOT-STARTED,ADOPTED-AS-IS,"Named BRD button must map to real action, planned service-backed action, or owner decision",P2,docs/architecture/prototype-parity/,M02 master-detail queue
brdbtn_56f7f40548e2,public/pulse-html-prototype.html,"{""file"": ""public/pulse-html-prototype.html"", ""startOffset"": 504373, ""endOffset"": 629806, ""startLine"": 2870, ""endLine"": 2870}",brd,M02,Executive,/action-inbox,,Action Inbox & Notification Centre,Named action: Request Changes,"Prevent important work from being lost in separate module screens or email. Every approval, failed check, overdue action, pay blocker, document review and high-risk alert should enter an owned queue with clear context and next steps.",Request Changes,service-backed transition required for final claim,,,clinic-scoped-unless-stated,,operational,,,,,FUNCTIONALLY-COMPLETE,FUNCTIONALLY-COMPLETE,FUNCTIONALLY-COMPLETE,OWNER-ACCEPTED,NOT-STARTED,ADOPTED-AS-IS,"Named BRD button must map to real action, planned service-backed action, or owner decision",P2,docs/architecture/prototype-parity/,M02 master-detail queue
brdbtn_7750c099ab65,public/pulse-html-prototype.html,"{""file"": ""public/pulse-html-prototype.html"", ""startOffset"": 504373, ""endOffset"": 629806, ""startLine"": 2870, ""endLine"": 2870}",brd,M02,Executive,/action-inbox,,Action Inbox & Notification Centre,Named action: Reassign,"Prevent important work from being lost in separate module screens or email. Every approval, failed check, overdue action, pay blocker, document review and high-risk alert should enter an owned queue with clear context and next steps.",Reassign,service-backed transition required for final claim,,,clinic-scoped-unless-stated,,operational,,,,,FUNCTIONALLY-COMPLETE,FUNCTIONALLY-COMPLETE,FUNCTIONALLY-COMPLETE,OWNER-ACCEPTED,NOT-STARTED,ADOPTED-AS-IS,"Named BRD button must map to real action, planned service-backed action, or owner decision",P2,docs/architecture/prototype-parity/,M02 master-detail queue
brdbtn_2fa19ee5cd2c,public/pulse-html-prototype.html,"{""file"": ""public/pulse-html-prototype.html"", ""startOffset"": 504373, ""endOffset"": 629806, ""startLine"": 2870, ""endLine"": 2870}",brd,M02,Executive,/action-inbox,,Action Inbox & Notification Centre,Named action: Add Note,"Prevent important work from being lost in separate module screens or email. Every approval, failed check, overdue action, pay blocker, document review and high-risk alert should enter an owned queue with clear context and next steps.",Add Note,service-backed transition required for final claim,,,clinic-scoped-unless-stated,,operational,,,,,FUNCTIONALLY-COMPLETE,FUNCTIONALLY-COMPLETE,FUNCTIONALLY-COMPLETE,OWNER-ACCEPTED,NOT-STARTED,ADOPTED-AS-IS,"Named BRD button must map to real action, planned service-backed action, or owner decision",P2,docs/architecture/prototype-parity/,M02 master-detail queue
brdbtn_03617fd2e664,public/pulse-html-prototype.html,"{""file"": ""public/pulse-html-prototype.html"", ""startOffset"": 504373, ""endOffset"": 629806, ""startLine"": 2870, ""endLine"": 2870}",brd,M02,Executive,/action-inbox,,Action Inbox & Notification Centre,Named action: Snooze,"Prevent important work from being lost in separate module screens or email. Every approval, failed check, overdue action, pay blocker, document review and high-risk alert should enter an owned queue with clear context and next steps.",Snooze,service-backed transition required for final claim,,,clinic-scoped-unless-stated,,operational,,,,,FUNCTIONALLY-COMPLETE,FUNCTIONALLY-COMPLETE,FUNCTIONALLY-COMPLETE,OWNER-ACCEPTED,NOT-STARTED,ADOPTED-AS-IS,"Named BRD button must map to real action, planned service-backed action, or owner decision",P2,docs/architecture/prototype-parity/,M02 master-detail queue
brdbtn_68a607f764fc,public/pulse-html-prototype.html,"{""file"": ""public/pulse-html-prototype.html"", ""startOffset"": 504373, ""endOffset"": 629806, ""startLine"": 2870, ""endLine"": 2870}",brd,M02,Executive,/action-inbox,,Action Inbox & Notification Centre,Named action: Escalate,"Prevent important work from being lost in separate module screens or email. Every approval, failed check, overdue action, pay blocker, document review and high-risk alert should enter an owned queue with clear context and next steps.",Escalate,service-backed transition required for final claim,,,clinic-scoped-unless-stated,,operational,,,,,FUNCTIONALLY-COMPLETE,FUNCTIONALLY-COMPLETE,FUNCTIONALLY-COMPLETE,OWNER-ACCEPTED,NOT-STARTED,ADOPTED-AS-IS,"Named BRD button must map to real action, planned service-backed action, or owner decision",P2,docs/architecture/prototype-parity/,M02 master-detail queue
brdbtn_f2e3c9c2492d,public/pulse-html-prototype.html,"{""file"": ""public/pulse-html-prototype.html"", ""startOffset"": 504373, ""endOffset"": 629806, ""startLine"": 2870, ""endLine"": 2870}",brd,M02,Executive,/action-inbox,,Action Inbox & Notification Centre,Named action: Complete,"Prevent important work from being lost in separate module screens or email. Every approval, failed check, overdue action, pay blocker, document review and high-risk alert should enter an owned queue with clear context and next steps.",Complete,service-backed transition required for final claim,,,clinic-scoped-unless-stated,,operational,,,,,FUNCTIONALLY-COMPLETE,FUNCTIONALLY-COMPLETE,FUNCTIONALLY-COMPLETE,OWNER-ACCEPTED,NOT-STARTED,ADOPTED-AS-IS,"Named BRD button must map to real action, planned service-backed action, or owner decision",P2,docs/architecture/prototype-parity/,M02 master-detail queue
brdbtn_b855885a0e7b,public/pulse-html-prototype.html,"{""file"": ""public/pulse-html-prototype.html"", ""startOffset"": 504373, ""endOffset"": 629806, ""startLine"": 2870, ""endLine"": 2870}",brd,M02,Executive,/action-inbox,,Action Inbox & Notification Centre,Named action: Bulk Assign,"Prevent important work from being lost in separate module screens or email. Every approval, failed check, overdue action, pay blocker, document review and high-risk alert should enter an owned queue with clear context and next steps.",Bulk Assign,service-backed transition required for final claim,,,clinic-scoped-unless-stated,,operational,,,,,FUNCTIONALLY-COMPLETE,FUNCTIONALLY-COMPLETE,FUNCTIONALLY-COMPLETE,OWNER-ACCEPTED,NOT-STARTED,ADOPTED-AS-IS,"Named BRD button must map to real action, planned service-backed action, or owner decision",P2,docs/architecture/prototype-parity/,M02 master-detail queue
brdbtn_ccd46b2321e6,public/pulse-html-prototype.html,"{""file"": ""public/pulse-html-prototype.html"", ""startOffset"": 504373, ""endOffset"": 629806, ""startLine"": 2870, ""endLine"": 2870}",brd,M02,Executive,/action-inbox,,Action Inbox & Notification Centre,Named action: Mark Notification Read,"Prevent important work from being lost in separate module screens or email. Every approval, failed check, overdue action, pay blocker, document review and high-risk alert should enter an owned queue with clear context and next steps.",Mark Notification Read,service-backed transition required for final claim,,,clinic-scoped-unless-stated,,operational,,,,,FUNCTIONALLY-COMPLETE,FUNCTIONALLY-COMPLETE,FUNCTIONALLY-COMPLETE,OWNER-ACCEPTED,NOT-STARTED,ADOPTED-AS-IS,"Named BRD button must map to real action, planned service-backed action, or owner decision",P2,docs/architecture/prototype-parity/,M02 master-detail queue
brdbtn_27988f81f05c,public/pulse-html-prototype.html,"{""file"": ""public/pulse-html-prototype.html"", ""startOffset"": 504373, ""endOffset"": 629806, ""startLine"": 2870, ""endLine"": 2870}",brd,M02,Executive,/action-inbox,,Action Inbox & Notification Centre,Named action: Create Delegation,"Prevent important work from being lost in separate module screens or email. Every approval, failed check, overdue action, pay blocker, document review and high-risk alert should enter an owned queue with clear context and next steps.",Create Delegation,service-backed transition required for final claim,,,clinic-scoped-unless-stated,,operational,,,,,FUNCTIONALLY-COMPLETE,FUNCTIONALLY-COMPLETE,FUNCTIONALLY-COMPLETE,OWNER-ACCEPTED,NOT-STARTED,ADOPTED-AS-IS,"Named BRD button must map to real action, planned service-backed action, or owner decision",P2,docs/architecture/prototype-parity/,M02 master-detail queue
brdbtn_3c3bc8b9b816,public/pulse-html-prototype.html,"{""file"": ""public/pulse-html-prototype.html"", ""startOffset"": 504373, ""endOffset"": 629806, ""startLine"": 2870, ""endLine"": 2870}",brd,M02,Executive,/action-inbox,,Action Inbox & Notification Centre,Named action: End Delegation,"Prevent important work from being lost in separate module screens or email. Every approval, failed check, overdue action, pay blocker, document review and high-risk alert should enter an owned queue with clear context and next steps.",End Delegation,service-backed transition required for final claim,,,clinic-scoped-unless-stated,,operational,,,,,FUNCTIONALLY-COMPLETE,FUNCTIONALLY-COMPLETE,FUNCTIONALLY-COMPLETE,OWNER-ACCEPTED,NOT-STARTED,ADOPTED-AS-IS,"Named BRD button must map to real action, planned service-backed action, or owner decision",P2,docs/architecture/prototype-parity/,M02 master-detail queue
brdbtn_12831435269f,public/pulse-html-prototype.html,"{""file"": ""public/pulse-html-prototype.html"", ""startOffset"": 504373, ""endOffset"": 629806, ""startLine"": 2870, ""endLine"": 2870}",brd,M02,Executive,/action-inbox,,Action Inbox & Notification Centre,Named action: Review Delegated Decisions,"Prevent important work from being lost in separate module screens or email. Every approval, failed check, overdue action, pay blocker, document review and high-risk alert should enter an owned queue with clear context and next steps.",Review Delegated Decisions,service-backed transition required for final claim,,,clinic-scoped-unless-stated,,operational,,,,,FUNCTIONALLY-COMPLETE,FUNCTIONALLY-COMPLETE,FUNCTIONALLY-COMPLETE,OWNER-ACCEPTED,NOT-STARTED,ADOPTED-AS-IS,"Named BRD button must map to real action, planned service-backed action, or owner decision",P2,docs/architecture/prototype-parity/,M02 master-detail queue
brdflow_199f547ac514,public/pulse-html-prototype.html,"{""file"": ""public/pulse-html-prototype.html"", ""startOffset"": 504373, ""endOffset"": 629806, ""startLine"": 2870, ""endLine"": 2870}",brd,M02,Executive,/action-inbox,,Action Inbox & Notification Centre,Workflow: Review and approve an item,Review and approve an item,,"User opens Approvals and filters by clinic or module. > User selects an item; the right panel displays summary, evid > User clicks Approve or Request Changes. > A confirmation modal shows any downstream effect, such as pu > The decision is saved, the source record changes status and ",,,clinic-scoped-unless-stated,,operational,,,,,FUNCTIONALLY-COMPLETE,FUNCTIONALLY-COMPLETE,FUNCTIONALLY-COMPLETE,OWNER-ACCEPTED,NOT-STARTED,ADOPTED-AS-IS,Core,P2,docs/architecture/prototype-parity/,M02 master-detail queue
brdflow_ba1b1d24dd17,public/pulse-html-prototype.html,"{""file"": ""public/pulse-html-prototype.html"", ""startOffset"": 504373, ""endOffset"": 629806, ""startLine"": 2870, ""endLine"": 2870}",brd,M02,Executive,/action-inbox,,Action Inbox & Notification Centre,Workflow: Resolve an exception,Resolve an exception,,"User opens Exceptions and selects an attendance or checklist > The panel shows the exception reason, affected workflow and  > User chooses Resolve, Reassign or Open Source depending on a > If an override is used, the user enters a mandatory reason a > The item leaves the active queue only when the source record",,,clinic-scoped-unless-stated,,operational,,,,,FUNCTIONALLY-COMPLETE,FUNCTIONALLY-COMPLETE,FUNCTIONALLY-COMPLETE,OWNER-ACCEPTED,NOT-STARTED,ADOPTED-AS-IS,Core,P2,docs/architecture/prototype-parity/,M02 master-detail queue
brdflow_7f2ab1fb5753,public/pulse-html-prototype.html,"{""file"": ""public/pulse-html-prototype.html"", ""startOffset"": 504373, ""endOffset"": 629806, ""startLine"": 2870, ""endLine"": 2870}",brd,M02,Executive,/action-inbox,,Action Inbox & Notification Centre,Workflow: Escalate overdue work,Escalate overdue work,,"A manager opens Team Queue and sorts by days overdue. > The manager selects one or more items and clicks Escalate. > The escalation modal requires escalation owner, reason, new  > The items move to Escalations and display the escalation lev > When resolved, the history records original owner, escalatio",,,clinic-scoped-unless-stated,,operational,,,,,FUNCTIONALLY-COMPLETE,FUNCTIONALLY-COMPLETE,FUNCTIONALLY-COMPLETE,OWNER-ACCEPTED,NOT-STARTED,ADOPTED-AS-IS,Core,P2,docs/architecture/prototype-parity/,M02 master-detail queue
brdflow_be3b453e061e,public/pulse-html-prototype.html,"{""file"": ""public/pulse-html-prototype.html"", ""startOffset"": 504373, ""endOffset"": 629806, ""startLine"": 2870, ""endLine"": 2870}",brd,M02,Executive,/action-inbox,,Action Inbox & Notification Centre,Workflow: Approval Delegation and Absence Cover,Approval Delegation and Absence Cover,,"Approver opens Delegations and clicks Create Delegation. > The approver selects the delegate, relevant modules, clinics > A preview lists approvals and queues that will redirect. > Higher-risk or broad delegations are submitted for owner app > During the active period, the delegate sees eligible actions > The delegation ends automatically or may be ended early with > A post-delegation report shows all decisions taken, unresolv",,,clinic-scoped-unless-stated,,operational,,,,,FUNCTIONALLY-COMPLETE,FUNCTIONALLY-COMPLETE,FUNCTIONALLY-COMPLETE,OWNER-ACCEPTED,NOT-STARTED,ADOPTED-AS-IS,Expanded,P2,docs/architecture/prototype-parity/,M02 master-detail queue
brdrule_f50c7e9ac960,public/pulse-html-prototype.html,,brd,M02,Executive,/action-inbox,,,Business rule,Action Inbox is the common approval entry point; duplicate standalone approval navigation should not be created.,,,,,clinic-scoped-unless-stated,,operational,,,,,FUNCTIONALLY-COMPLETE,FUNCTIONALLY-COMPLETE,FUNCTIONALLY-COMPLETE,OWNER-ACCEPTED,NOT-STARTED,ADOPTED-AS-IS,BRD business rule,P2,docs/architecture/prototype-parity/,
brdrule_4b34498f625c,public/pulse-html-prototype.html,,brd,M02,Executive,/action-inbox,,,Business rule,Approvals must show the information needed to decide and a link to full evidence.,,,,,clinic-scoped-unless-stated,,operational,,,,,FUNCTIONALLY-COMPLETE,FUNCTIONALLY-COMPLETE,FUNCTIONALLY-COMPLETE,OWNER-ACCEPTED,NOT-STARTED,ADOPTED-AS-IS,BRD business rule,P2,docs/architecture/prototype-parity/,
brdrule_61c91f1b4532,public/pulse-html-prototype.html,,brd,M02,Executive,/action-inbox,,,Business rule,"Reject, override, reassign and snooze actions require a reason.",,,,,clinic-scoped-unless-stated,,operational,,,,,FUNCTIONALLY-COMPLETE,FUNCTIONALLY-COMPLETE,FUNCTIONALLY-COMPLETE,OWNER-ACCEPTED,NOT-STARTED,ADOPTED-AS-IS,BRD business rule,P2,docs/architecture/prototype-parity/,
brdrule_59b02de70ef4,public/pulse-html-prototype.html,,brd,M02,Executive,/action-inbox,,,Business rule,The same item should not create multiple indistinguishable inbox entries for one user.,,,,,clinic-scoped-unless-stated,,operational,,,,,FUNCTIONALLY-COMPLETE,FUNCTIONALLY-COMPLETE,FUNCTIONALLY-COMPLETE,OWNER-ACCEPTED,NOT-STARTED,ADOPTED-AS-IS,BRD business rule,P2,docs/architecture/prototype-parity/,
brdrule_fe10209b008f,public/pulse-html-prototype.html,,brd,M02,Executive,/action-inbox,,,Business rule,"Escalation follows severity, due date and business ownership rules defined by the source module.",,,,,clinic-scoped-unless-stated,,operational,,,,,FUNCTIONALLY-COMPLETE,FUNCTIONALLY-COMPLETE,FUNCTIONALLY-COMPLETE,OWNER-ACCEPTED,NOT-STARTED,ADOPTED-AS-IS,BRD business rule,P2,docs/architecture/prototype-parity/,
brdvis_ccf29e398da1,public/pulse-html-prototype.html,,brd,M02,Executive,/action-inbox,,,Visual requirement,"Queue cards with source module icon, clinic, status, owner, due date and risk.",,,,,clinic-scoped-unless-stated,,operational,,,,,FUNCTIONALLY-COMPLETE,FUNCTIONALLY-COMPLETE,FUNCTIONALLY-COMPLETE,OWNER-ACCEPTED,NOT-STARTED,ADOPTED-AS-IS,BRD visual requirement; final PNG prevails where image exists,P2,docs/architecture/prototype-parity/,M02 master-detail queue
brdvis_4faf5f192f0a,public/pulse-html-prototype.html,,brd,M02,Executive,/action-inbox,,,Visual requirement,Split-view mode: queue on the left and record preview/action panel on the right.,,,,,clinic-scoped-unless-stated,,operational,,,,,FUNCTIONALLY-COMPLETE,FUNCTIONALLY-COMPLETE,FUNCTIONALLY-COMPLETE,OWNER-ACCEPTED,NOT-STARTED,ADOPTED-AS-IS,BRD visual requirement; final PNG prevails where image exists,P2,docs/architecture/prototype-parity/,M02 master-detail queue
brdvis_7cf4316d44c6,public/pulse-html-prototype.html,,brd,M02,Executive,/action-inbox,,,Visual requirement,"Reason modal for reject, override, snooze or reassignment actions.",,,,,clinic-scoped-unless-stated,,operational,,,,,FUNCTIONALLY-COMPLETE,FUNCTIONALLY-COMPLETE,FUNCTIONALLY-COMPLETE,OWNER-ACCEPTED,NOT-STARTED,ADOPTED-AS-IS,BRD visual requirement; final PNG prevails where image exists,P2,docs/architecture/prototype-parity/,M02 master-detail queue
brdvis_886648c18d8d,public/pulse-html-prototype.html,,brd,M02,Executive,/action-inbox,,,Visual requirement,Unread notification badge and notification preference controls.,,,,,clinic-scoped-unless-stated,,operational,,,,,FUNCTIONALLY-COMPLETE,FUNCTIONALLY-COMPLETE,FUNCTIONALLY-COMPLETE,OWNER-ACCEPTED,NOT-STARTED,ADOPTED-AS-IS,BRD visual requirement; final PNG prevails where image exists,P2,docs/architecture/prototype-parity/,M02 master-detail queue
brdvis_6a1414a44f34,public/pulse-html-prototype.html,,brd,M02,Executive,/action-inbox,,,Visual requirement,"Saved filters such as “Due today”, “My clinics”, “Pay blockers” and “High risk”.",,,,,clinic-scoped-unless-stated,,operational,,,,,FUNCTIONALLY-COMPLETE,FUNCTIONALLY-COMPLETE,FUNCTIONALLY-COMPLETE,OWNER-ACCEPTED,NOT-STARTED,ADOPTED-AS-IS,BRD visual requirement; final PNG prevails where image exists,P2,docs/architecture/prototype-parity/,M02 master-detail queue
brdout_4f0560c0ff58,public/pulse-html-prototype.html,,brd,M02,Executive,/action-inbox,,,Output/measure,Personal and team action register,,,,,clinic-scoped-unless-stated,,operational,,,,,FUNCTIONALLY-COMPLETE,FUNCTIONALLY-COMPLETE,FUNCTIONALLY-COMPLETE,OWNER-ACCEPTED,NOT-STARTED,ADOPTED-AS-IS,BRD output/measure,P2,docs/architecture/prototype-parity/,
brdout_0473333f9fa4,public/pulse-html-prototype.html,,brd,M02,Executive,/action-inbox,,,Output/measure,Approval turnaround report,,,,,clinic-scoped-unless-stated,,operational,,,,,FUNCTIONALLY-COMPLETE,FUNCTIONALLY-COMPLETE,FUNCTIONALLY-COMPLETE,OWNER-ACCEPTED,NOT-STARTED,ADOPTED-AS-IS,BRD output/measure,P2,docs/architecture/prototype-parity/,
brdout_c74179263c50,public/pulse-html-prototype.html,,brd,M02,Executive,/action-inbox,,,Output/measure,Overdue and escalated action report,,,,,clinic-scoped-unless-stated,,operational,,,,,FUNCTIONALLY-COMPLETE,FUNCTIONALLY-COMPLETE,FUNCTIONALLY-COMPLETE,OWNER-ACCEPTED,NOT-STARTED,ADOPTED-AS-IS,BRD output/measure,P2,docs/architecture/prototype-parity/,
brdout_2b61e3b1e0d0,public/pulse-html-prototype.html,,brd,M02,Executive,/action-inbox,,,Output/measure,Notification delivery and acknowledgement summary,,,,,clinic-scoped-unless-stated,,operational,,,,,FUNCTIONALLY-COMPLETE,FUNCTIONALLY-COMPLETE,FUNCTIONALLY-COMPLETE,OWNER-ACCEPTED,NOT-STARTED,ADOPTED-AS-IS,BRD output/measure,P2,docs/architecture/prototype-parity/,
brdout_8da93a749390,public/pulse-html-prototype.html,,brd,M02,Executive,/action-inbox,,,Output/measure,Measure: actions without an owner (target zero),,,,,clinic-scoped-unless-stated,,operational,,,,,FUNCTIONALLY-COMPLETE,FUNCTIONALLY-COMPLETE,FUNCTIONALLY-COMPLETE,OWNER-ACCEPTED,NOT-STARTED,ADOPTED-AS-IS,BRD output/measure,P2,docs/architecture/prototype-parity/,
brdout_8c13e1f5f809,public/pulse-html-prototype.html,,brd,M02,Executive,/action-inbox,,,Output/measure,Measure: approval turnaround by module and clinic,,,,,clinic-scoped-unless-stated,,operational,,,,,FUNCTIONALLY-COMPLETE,FUNCTIONALLY-COMPLETE,FUNCTIONALLY-COMPLETE,OWNER-ACCEPTED,NOT-STARTED,ADOPTED-AS-IS,BRD output/measure,P2,docs/architecture/prototype-parity/,
brdmod_641bc521b5db,public/pulse-html-prototype.html,"{""file"": ""public/pulse-html-prototype.html"", ""startOffset"": 504373, ""endOffset"": 629806, ""startLine"": 2870, ""endLine"": 2870}",brd,M03,Organisation,/settings,,"Organisation, Locations, Users & Permissions","BRD module M03: Organisation, Locations, Users & Permissions","Maintain the organisation structure and enforce location-aware, role-aware access across the platform. Clinic profiles, users, responsibilities, operating settings and historical access decisions are managed here.",,,,"Owner / Director, Group Administrator, Operations Manager, Authorised Practice Manager, Auditor",clinic-scoped-unless-stated,"Organisation, tenant, clinic, user and access scope",operational,,src/modules/m03-*/ + module-register,,,FUNCTIONALLY-COMPLETE,FUNCTIONALLY-COMPLETE,FUNCTIONALLY-COMPLETE,OWNER-ACCEPTED,NOT-STARTED,ADOPTED-AS-IS,Deep/strong; apply shared final design,P2,docs/architecture/prototype-parity/,M02/M04 admin queue + people
brdtab_4b81461e5fe7,public/pulse-html-prototype.html,"{""file"": ""public/pulse-html-prototype.html"", ""startOffset"": 504373, ""endOffset"": 629806, ""startLine"": 2870, ""endLine"": 2870}",brd,M03,Organisation,/settings,"/settings?section=Organisation — Group identity, business units and central contacts.","Organisation — Group identity, business units and central contacts.","Tab: Organisation — Group identity, business units and central contacts.","Maintain the organisation structure and enforce location-aware, role-aware access across the platform. Clinic profiles, users, responsibilities, operating settings and historical access decisions are managed here.","Organisation — Group identity, business units and central contacts.",,,,clinic-scoped-unless-stated,,operational,,,,,FUNCTIONALLY-COMPLETE,FUNCTIONALLY-COMPLETE,FUNCTIONALLY-COMPLETE,OWNER-ACCEPTED,NOT-STARTED,ADOPTED-AS-IS,BRD tab retained in canonical screen register,P2,docs/architecture/prototype-parity/,M02/M04 admin queue + people
brdtab_6e606cdbb90c,public/pulse-html-prototype.html,"{""file"": ""public/pulse-html-prototype.html"", ""startOffset"": 504373, ""endOffset"": 629806, ""startLine"": 2870, ""endLine"": 2870}",brd,M03,Organisation,/settings,"/settings?section=Clinics — Location profiles, hours, public holiday region and responsible managers.","Clinics — Location profiles, hours, public holiday region and responsible managers.","Tab: Clinics — Location profiles, hours, public holiday region and responsible managers.","Maintain the organisation structure and enforce location-aware, role-aware access across the platform. Clinic profiles, users, responsibilities, operating settings and historical access decisions are managed here.","Clinics — Location profiles, hours, public holiday region and responsible managers.",,,,clinic-scoped-unless-stated,,operational,,,,,FUNCTIONALLY-COMPLETE,FUNCTIONALLY-COMPLETE,FUNCTIONALLY-COMPLETE,OWNER-ACCEPTED,NOT-STARTED,ADOPTED-AS-IS,BRD tab retained in canonical screen register,P2,docs/architecture/prototype-parity/,M02/M04 admin queue + people
brdtab_8e2927ceeb95,public/pulse-html-prototype.html,"{""file"": ""public/pulse-html-prototype.html"", ""startOffset"": 504373, ""endOffset"": 629806, ""startLine"": 2870, ""endLine"": 2870}",brd,M03,Organisation,/settings,"/settings?section=Rooms & Areas — Operational areas used by rosters, assets, checklists and tickets.","Rooms & Areas — Operational areas used by rosters, assets, checklists and tickets.","Tab: Rooms & Areas — Operational areas used by rosters, assets, checklists and tickets.","Maintain the organisation structure and enforce location-aware, role-aware access across the platform. Clinic profiles, users, responsibilities, operating settings and historical access decisions are managed here.","Rooms & Areas — Operational areas used by rosters, assets, checklists and tickets.",,,,clinic-scoped-unless-stated,,operational,,,,,FUNCTIONALLY-COMPLETE,FUNCTIONALLY-COMPLETE,FUNCTIONALLY-COMPLETE,OWNER-ACCEPTED,NOT-STARTED,ADOPTED-AS-IS,BRD tab retained in canonical screen register,P2,docs/architecture/prototype-parity/,M02/M04 admin queue + people
brdtab_cbdbbd781928,public/pulse-html-prototype.html,"{""file"": ""public/pulse-html-prototype.html"", ""startOffset"": 504373, ""endOffset"": 629806, ""startLine"": 2870, ""endLine"": 2870}",brd,M03,Organisation,/settings,"/settings?section=Users — User accounts, status, assigned roles and clinic access.","Users — User accounts, status, assigned roles and clinic access.","Tab: Users — User accounts, status, assigned roles and clinic access.","Maintain the organisation structure and enforce location-aware, role-aware access across the platform. Clinic profiles, users, responsibilities, operating settings and historical access decisions are managed here.","Users — User accounts, status, assigned roles and clinic access.",,,,clinic-scoped-unless-stated,,operational,,,,,FUNCTIONALLY-COMPLETE,FUNCTIONALLY-COMPLETE,FUNCTIONALLY-COMPLETE,OWNER-ACCEPTED,NOT-STARTED,ADOPTED-AS-IS,BRD tab retained in canonical screen register,P2,docs/architecture/prototype-parity/,M02/M04 admin queue + people
brdtab_49bd2c25ac5f,public/pulse-html-prototype.html,"{""file"": ""public/pulse-html-prototype.html"", ""startOffset"": 504373, ""endOffset"": 629806, ""startLine"": 2870, ""endLine"": 2870}",brd,M03,Organisation,/settings,/settings?section=Roles & Permissions — Role templates and permitted view/create/approve/export actions.,Roles & Permissions — Role templates and permitted view/create/approve/export actions.,Tab: Roles & Permissions — Role templates and permitted view/create/approve/export actions.,"Maintain the organisation structure and enforce location-aware, role-aware access across the platform. Clinic profiles, users, responsibilities, operating settings and historical access decisions are managed here.",Roles & Permissions — Role templates and permitted view/create/approve/export actions.,,,,clinic-scoped-unless-stated,,operational,,,,,FUNCTIONALLY-COMPLETE,FUNCTIONALLY-COMPLETE,FUNCTIONALLY-COMPLETE,OWNER-ACCEPTED,NOT-STARTED,ADOPTED-AS-IS,BRD tab retained in canonical screen register,P2,docs/architecture/prototype-parity/,M02/M04 admin queue + people
brdtab_7441061844ec,public/pulse-html-prototype.html,"{""file"": ""public/pulse-html-prototype.html"", ""startOffset"": 504373, ""endOffset"": 629806, ""startLine"": 2870, ""endLine"": 2870}",brd,M03,Organisation,/settings,"/settings?section=Business Settings — Pay periods, alert thresholds, review cycles and notification rules.","Business Settings — Pay periods, alert thresholds, review cycles and notification rules.","Tab: Business Settings — Pay periods, alert thresholds, review cycles and notification rules.","Maintain the organisation structure and enforce location-aware, role-aware access across the platform. Clinic profiles, users, responsibilities, operating settings and historical access decisions are managed here.","Business Settings — Pay periods, alert thresholds, review cycles and notification rules.",,,,clinic-scoped-unless-stated,,operational,,,,,FUNCTIONALLY-COMPLETE,FUNCTIONALLY-COMPLETE,FUNCTIONALLY-COMPLETE,OWNER-ACCEPTED,NOT-STARTED,ADOPTED-AS-IS,BRD tab retained in canonical screen register,P2,docs/architecture/prototype-parity/,M02/M04 admin queue + people
brdtab_4ab6bc5f14dc,public/pulse-html-prototype.html,"{""file"": ""public/pulse-html-prototype.html"", ""startOffset"": 504373, ""endOffset"": 629806, ""startLine"": 2870, ""endLine"": 2870}",brd,M03,Organisation,/settings,/settings?section=Access Reviews — Scheduled review of active permissions.,Access Reviews — Scheduled review of active permissions.,Tab: Access Reviews — Scheduled review of active permissions.,"Maintain the organisation structure and enforce location-aware, role-aware access across the platform. Clinic profiles, users, responsibilities, operating settings and historical access decisions are managed here.",Access Reviews — Scheduled review of active permissions.,,,,clinic-scoped-unless-stated,,operational,,,,,FUNCTIONALLY-COMPLETE,FUNCTIONALLY-COMPLETE,FUNCTIONALLY-COMPLETE,OWNER-ACCEPTED,NOT-STARTED,ADOPTED-AS-IS,BRD tab retained in canonical screen register,P2,docs/architecture/prototype-parity/,M02/M04 admin queue + people
brdtab_5c29794b7b36,public/pulse-html-prototype.html,"{""file"": ""public/pulse-html-prototype.html"", ""startOffset"": 504373, ""endOffset"": 629806, ""startLine"": 2870, ""endLine"": 2870}",brd,M03,Organisation,/settings,/settings?section=Audit History — Sensitive activity and access decision history.,Audit History — Sensitive activity and access decision history.,Tab: Audit History — Sensitive activity and access decision history.,"Maintain the organisation structure and enforce location-aware, role-aware access across the platform. Clinic profiles, users, responsibilities, operating settings and historical access decisions are managed here.",Audit History — Sensitive activity and access decision history.,,,,clinic-scoped-unless-stated,,operational,,,,,FUNCTIONALLY-COMPLETE,FUNCTIONALLY-COMPLETE,FUNCTIONALLY-COMPLETE,OWNER-ACCEPTED,NOT-STARTED,ADOPTED-AS-IS,BRD tab retained in canonical screen register,P2,docs/architecture/prototype-parity/,M02/M04 admin queue + people
brdtab_e86177b5be9c,public/pulse-html-prototype.html,"{""file"": ""public/pulse-html-prototype.html"", ""startOffset"": 504373, ""endOffset"": 629806, ""startLine"": 2870, ""endLine"": 2870}",brd,M03,Organisation,/settings,"/settings?section=Account Activation & Recovery — Invitation status, first-time access, lockout, reset and administrator-assisted recovery.","Account Activation & Recovery — Invitation status, first-time access, lockout, reset and administrator-assisted recovery.","Tab: Account Activation & Recovery — Invitation status, first-time access, lockout, reset and administrator-assisted recovery.","Maintain the organisation structure and enforce location-aware, role-aware access across the platform. Clinic profiles, users, responsibilities, operating settings and historical access decisions are managed here.","Account Activation & Recovery — Invitation status, first-time access, lockout, reset and administrator-assisted recovery.",,,,clinic-scoped-unless-stated,,operational,,,,,FUNCTIONALLY-COMPLETE,FUNCTIONALLY-COMPLETE,FUNCTIONALLY-COMPLETE,OWNER-ACCEPTED,NOT-STARTED,ADOPTED-AS-IS,BRD tab retained in canonical screen register,P2,docs/architecture/prototype-parity/,M02/M04 admin queue + people
brdtab_ae3995be5286,public/pulse-html-prototype.html,"{""file"": ""public/pulse-html-prototype.html"", ""startOffset"": 504373, ""endOffset"": 629806, ""startLine"": 2870, ""endLine"": 2870}",brd,M03,Organisation,/settings,"/settings?section=Clinic Lifecycle — New clinic opening, relocation, temporary closure, merger, service transfer, permanent closure and reopening.","Clinic Lifecycle — New clinic opening, relocation, temporary closure, merger, service transfer, permanent closure and reopening.","Tab: Clinic Lifecycle — New clinic opening, relocation, temporary closure, merger, service transfer, permanent closure and reopening.","Maintain the organisation structure and enforce location-aware, role-aware access across the platform. Clinic profiles, users, responsibilities, operating settings and historical access decisions are managed here.","Clinic Lifecycle — New clinic opening, relocation, temporary closure, merger, service transfer, permanent closure and reopening.",,,,clinic-scoped-unless-stated,,operational,,,,,FUNCTIONALLY-COMPLETE,FUNCTIONALLY-COMPLETE,FUNCTIONALLY-COMPLETE,OWNER-ACCEPTED,NOT-STARTED,ADOPTED-AS-IS,BRD tab retained in canonical screen register,P2,docs/architecture/prototype-parity/,M02/M04 admin queue + people
brdbtn_ffc07ac1a3e7,public/pulse-html-prototype.html,"{""file"": ""public/pulse-html-prototype.html"", ""startOffset"": 504373, ""endOffset"": 629806, ""startLine"": 2870, ""endLine"": 2870}",brd,M03,Organisation,/settings,,"Organisation, Locations, Users & Permissions",Named action: Add Clinic,"Maintain the organisation structure and enforce location-aware, role-aware access across the platform. Clinic profiles, users, responsibilities, operating settings and historical access decisions are managed here.",Add Clinic,service-backed transition required for final claim,,,clinic-scoped-unless-stated,,operational,,,,,FUNCTIONALLY-COMPLETE,FUNCTIONALLY-COMPLETE,FUNCTIONALLY-COMPLETE,OWNER-ACCEPTED,NOT-STARTED,ADOPTED-AS-IS,"Named BRD button must map to real action, planned service-backed action, or owner decision",P2,docs/architecture/prototype-parity/,M02/M04 admin queue + people
brdbtn_7c92b9702b6f,public/pulse-html-prototype.html,"{""file"": ""public/pulse-html-prototype.html"", ""startOffset"": 504373, ""endOffset"": 629806, ""startLine"": 2870, ""endLine"": 2870}",brd,M03,Organisation,/settings,,"Organisation, Locations, Users & Permissions",Named action: Edit Clinic,"Maintain the organisation structure and enforce location-aware, role-aware access across the platform. Clinic profiles, users, responsibilities, operating settings and historical access decisions are managed here.",Edit Clinic,service-backed transition required for final claim,,,clinic-scoped-unless-stated,,operational,,,,,FUNCTIONALLY-COMPLETE,FUNCTIONALLY-COMPLETE,FUNCTIONALLY-COMPLETE,OWNER-ACCEPTED,NOT-STARTED,ADOPTED-AS-IS,"Named BRD button must map to real action, planned service-backed action, or owner decision",P2,docs/architecture/prototype-parity/,M02/M04 admin queue + people
brdbtn_e64562d6291f,public/pulse-html-prototype.html,"{""file"": ""public/pulse-html-prototype.html"", ""startOffset"": 504373, ""endOffset"": 629806, ""startLine"": 2870, ""endLine"": 2870}",brd,M03,Organisation,/settings,,"Organisation, Locations, Users & Permissions",Named action: Add Room / Area,"Maintain the organisation structure and enforce location-aware, role-aware access across the platform. Clinic profiles, users, responsibilities, operating settings and historical access decisions are managed here.",Add Room / Area,service-backed transition required for final claim,,,clinic-scoped-unless-stated,,operational,,,,,FUNCTIONALLY-COMPLETE,FUNCTIONALLY-COMPLETE,FUNCTIONALLY-COMPLETE,OWNER-ACCEPTED,NOT-STARTED,ADOPTED-AS-IS,"Named BRD button must map to real action, planned service-backed action, or owner decision",P2,docs/architecture/prototype-parity/,M02/M04 admin queue + people
brdbtn_d600ef6c3f25,public/pulse-html-prototype.html,"{""file"": ""public/pulse-html-prototype.html"", ""startOffset"": 504373, ""endOffset"": 629806, ""startLine"": 2870, ""endLine"": 2870}",brd,M03,Organisation,/settings,,"Organisation, Locations, Users & Permissions",Named action: Invite User,"Maintain the organisation structure and enforce location-aware, role-aware access across the platform. Clinic profiles, users, responsibilities, operating settings and historical access decisions are managed here.",Invite User,service-backed transition required for final claim,,,clinic-scoped-unless-stated,,operational,,,,,FUNCTIONALLY-COMPLETE,FUNCTIONALLY-COMPLETE,FUNCTIONALLY-COMPLETE,OWNER-ACCEPTED,NOT-STARTED,ADOPTED-AS-IS,"Named BRD button must map to real action, planned service-backed action, or owner decision",P2,docs/architecture/prototype-parity/,M02/M04 admin queue + people
brdbtn_2f439acd8d70,public/pulse-html-prototype.html,"{""file"": ""public/pulse-html-prototype.html"", ""startOffset"": 504373, ""endOffset"": 629806, ""startLine"": 2870, ""endLine"": 2870}",brd,M03,Organisation,/settings,,"Organisation, Locations, Users & Permissions",Named action: Assign Role,"Maintain the organisation structure and enforce location-aware, role-aware access across the platform. Clinic profiles, users, responsibilities, operating settings and historical access decisions are managed here.",Assign Role,service-backed transition required for final claim,,,clinic-scoped-unless-stated,,operational,,,,,FUNCTIONALLY-COMPLETE,FUNCTIONALLY-COMPLETE,FUNCTIONALLY-COMPLETE,OWNER-ACCEPTED,NOT-STARTED,ADOPTED-AS-IS,"Named BRD button must map to real action, planned service-backed action, or owner decision",P2,docs/architecture/prototype-parity/,M02/M04 admin queue + people
brdbtn_72bf752d8d26,public/pulse-html-prototype.html,"{""file"": ""public/pulse-html-prototype.html"", ""startOffset"": 504373, ""endOffset"": 629806, ""startLine"": 2870, ""endLine"": 2870}",brd,M03,Organisation,/settings,,"Organisation, Locations, Users & Permissions",Named action: Add Clinic Access,"Maintain the organisation structure and enforce location-aware, role-aware access across the platform. Clinic profiles, users, responsibilities, operating settings and historical access decisions are managed here.",Add Clinic Access,service-backed transition required for final claim,,,clinic-scoped-unless-stated,,operational,,,,,FUNCTIONALLY-COMPLETE,FUNCTIONALLY-COMPLETE,FUNCTIONALLY-COMPLETE,OWNER-ACCEPTED,NOT-STARTED,ADOPTED-AS-IS,"Named BRD button must map to real action, planned service-backed action, or owner decision",P2,docs/architecture/prototype-parity/,M02/M04 admin queue + people
brdbtn_e5c208afe3c4,public/pulse-html-prototype.html,"{""file"": ""public/pulse-html-prototype.html"", ""startOffset"": 504373, ""endOffset"": 629806, ""startLine"": 2870, ""endLine"": 2870}",brd,M03,Organisation,/settings,,"Organisation, Locations, Users & Permissions",Named action: Suspend User,"Maintain the organisation structure and enforce location-aware, role-aware access across the platform. Clinic profiles, users, responsibilities, operating settings and historical access decisions are managed here.",Suspend User,service-backed transition required for final claim,,,clinic-scoped-unless-stated,,operational,,,,,FUNCTIONALLY-COMPLETE,FUNCTIONALLY-COMPLETE,FUNCTIONALLY-COMPLETE,OWNER-ACCEPTED,NOT-STARTED,ADOPTED-AS-IS,"Named BRD button must map to real action, planned service-backed action, or owner decision",P2,docs/architecture/prototype-parity/,M02/M04 admin queue + people
brdbtn_78b50b0db5bc,public/pulse-html-prototype.html,"{""file"": ""public/pulse-html-prototype.html"", ""startOffset"": 504373, ""endOffset"": 629806, ""startLine"": 2870, ""endLine"": 2870}",brd,M03,Organisation,/settings,,"Organisation, Locations, Users & Permissions",Named action: Deactivate / Archive,"Maintain the organisation structure and enforce location-aware, role-aware access across the platform. Clinic profiles, users, responsibilities, operating settings and historical access decisions are managed here.",Deactivate / Archive,service-backed transition required for final claim,,,clinic-scoped-unless-stated,,operational,,,,,FUNCTIONALLY-COMPLETE,FUNCTIONALLY-COMPLETE,FUNCTIONALLY-COMPLETE,OWNER-ACCEPTED,NOT-STARTED,ADOPTED-AS-IS,"Named BRD button must map to real action, planned service-backed action, or owner decision",P2,docs/architecture/prototype-parity/,M02/M04 admin queue + people
brdbtn_f22ea169fa1e,public/pulse-html-prototype.html,"{""file"": ""public/pulse-html-prototype.html"", ""startOffset"": 504373, ""endOffset"": 629806, ""startLine"": 2870, ""endLine"": 2870}",brd,M03,Organisation,/settings,,"Organisation, Locations, Users & Permissions",Named action: Review Access,"Maintain the organisation structure and enforce location-aware, role-aware access across the platform. Clinic profiles, users, responsibilities, operating settings and historical access decisions are managed here.",Review Access,service-backed transition required for final claim,,,clinic-scoped-unless-stated,,operational,,,,,FUNCTIONALLY-COMPLETE,FUNCTIONALLY-COMPLETE,FUNCTIONALLY-COMPLETE,OWNER-ACCEPTED,NOT-STARTED,ADOPTED-AS-IS,"Named BRD button must map to real action, planned service-backed action, or owner decision",P2,docs/architecture/prototype-parity/,M02/M04 admin queue + people
brdbtn_454fd082c0f6,public/pulse-html-prototype.html,"{""file"": ""public/pulse-html-prototype.html"", ""startOffset"": 504373, ""endOffset"": 629806, ""startLine"": 2870, ""endLine"": 2870}",brd,M03,Organisation,/settings,,"Organisation, Locations, Users & Permissions",Named action: Save Settings,"Maintain the organisation structure and enforce location-aware, role-aware access across the platform. Clinic profiles, users, responsibilities, operating settings and historical access decisions are managed here.",Save Settings,service-backed transition required for final claim,,,clinic-scoped-unless-stated,,operational,,,,,FUNCTIONALLY-COMPLETE,FUNCTIONALLY-COMPLETE,FUNCTIONALLY-COMPLETE,OWNER-ACCEPTED,NOT-STARTED,ADOPTED-AS-IS,"Named BRD button must map to real action, planned service-backed action, or owner decision",P2,docs/architecture/prototype-parity/,M02/M04 admin queue + people
brdbtn_445930dc0e92,public/pulse-html-prototype.html,"{""file"": ""public/pulse-html-prototype.html"", ""startOffset"": 504373, ""endOffset"": 629806, ""startLine"": 2870, ""endLine"": 2870}",brd,M03,Organisation,/settings,,"Organisation, Locations, Users & Permissions",Named action: Export Access Report,"Maintain the organisation structure and enforce location-aware, role-aware access across the platform. Clinic profiles, users, responsibilities, operating settings and historical access decisions are managed here.",Export Access Report,service-backed transition required for final claim,,,clinic-scoped-unless-stated,,operational,,,,,FUNCTIONALLY-COMPLETE,FUNCTIONALLY-COMPLETE,FUNCTIONALLY-COMPLETE,OWNER-ACCEPTED,NOT-STARTED,ADOPTED-AS-IS,"Named BRD button must map to real action, planned service-backed action, or owner decision",P2,docs/architecture/prototype-parity/,M02/M04 admin queue + people
brdbtn_c7a953a37e03,public/pulse-html-prototype.html,"{""file"": ""public/pulse-html-prototype.html"", ""startOffset"": 504373, ""endOffset"": 629806, ""startLine"": 2870, ""endLine"": 2870}",brd,M03,Organisation,/settings,,"Organisation, Locations, Users & Permissions",Named action: Activate Account,"Maintain the organisation structure and enforce location-aware, role-aware access across the platform. Clinic profiles, users, responsibilities, operating settings and historical access decisions are managed here.",Activate Account,service-backed transition required for final claim,,,clinic-scoped-unless-stated,,operational,,,,,FUNCTIONALLY-COMPLETE,FUNCTIONALLY-COMPLETE,FUNCTIONALLY-COMPLETE,OWNER-ACCEPTED,NOT-STARTED,ADOPTED-AS-IS,"Named BRD button must map to real action, planned service-backed action, or owner decision",P2,docs/architecture/prototype-parity/,M02/M04 admin queue + people
brdbtn_8c15494da812,public/pulse-html-prototype.html,"{""file"": ""public/pulse-html-prototype.html"", ""startOffset"": 504373, ""endOffset"": 629806, ""startLine"": 2870, ""endLine"": 2870}",brd,M03,Organisation,/settings,,"Organisation, Locations, Users & Permissions",Named action: Unlock Account,"Maintain the organisation structure and enforce location-aware, role-aware access across the platform. Clinic profiles, users, responsibilities, operating settings and historical access decisions are managed here.",Unlock Account,service-backed transition required for final claim,,,clinic-scoped-unless-stated,,operational,,,,,FUNCTIONALLY-COMPLETE,FUNCTIONALLY-COMPLETE,FUNCTIONALLY-COMPLETE,OWNER-ACCEPTED,NOT-STARTED,ADOPTED-AS-IS,"Named BRD button must map to real action, planned service-backed action, or owner decision",P2,docs/architecture/prototype-parity/,M02/M04 admin queue + people
brdbtn_d52720099ecc,public/pulse-html-prototype.html,"{""file"": ""public/pulse-html-prototype.html"", ""startOffset"": 504373, ""endOffset"": 629806, ""startLine"": 2870, ""endLine"": 2870}",brd,M03,Organisation,/settings,,"Organisation, Locations, Users & Permissions",Named action: Start Clinic Transition,"Maintain the organisation structure and enforce location-aware, role-aware access across the platform. Clinic profiles, users, responsibilities, operating settings and historical access decisions are managed here.",Start Clinic Transition,service-backed transition required for final claim,,,clinic-scoped-unless-stated,,operational,,,,,FUNCTIONALLY-COMPLETE,FUNCTIONALLY-COMPLETE,FUNCTIONALLY-COMPLETE,OWNER-ACCEPTED,NOT-STARTED,ADOPTED-AS-IS,"Named BRD button must map to real action, planned service-backed action, or owner decision",P2,docs/architecture/prototype-parity/,M02/M04 admin queue + people
brdbtn_ce64c1d2d110,public/pulse-html-prototype.html,"{""file"": ""public/pulse-html-prototype.html"", ""startOffset"": 504373, ""endOffset"": 629806, ""startLine"": 2870, ""endLine"": 2870}",brd,M03,Organisation,/settings,,"Organisation, Locations, Users & Permissions",Named action: Confirm Clinic Readiness,"Maintain the organisation structure and enforce location-aware, role-aware access across the platform. Clinic profiles, users, responsibilities, operating settings and historical access decisions are managed here.",Confirm Clinic Readiness,service-backed transition required for final claim,,,clinic-scoped-unless-stated,,operational,,,,,FUNCTIONALLY-COMPLETE,FUNCTIONALLY-COMPLETE,FUNCTIONALLY-COMPLETE,OWNER-ACCEPTED,NOT-STARTED,ADOPTED-AS-IS,"Named BRD button must map to real action, planned service-backed action, or owner decision",P2,docs/architecture/prototype-parity/,M02/M04 admin queue + people
brdflow_ac963e3eab06,public/pulse-html-prototype.html,"{""file"": ""public/pulse-html-prototype.html"", ""startOffset"": 504373, ""endOffset"": 629806, ""startLine"": 2870, ""endLine"": 2870}",brd,M03,Organisation,/settings,,"Organisation, Locations, Users & Permissions",Workflow: Add a clinic,Add a clinic,,"Administrator opens Clinics and clicks Add Clinic. > A stepper opens for Identity, Contact, Hours, Rooms, Respons > Administrator assigns responsible manager, nurse and escalat > A review screen highlights missing mandatory information. > Administrator clicks Activate Clinic; the clinic becomes sel",,,clinic-scoped-unless-stated,,operational,,,,,FUNCTIONALLY-COMPLETE,FUNCTIONALLY-COMPLETE,FUNCTIONALLY-COMPLETE,OWNER-ACCEPTED,NOT-STARTED,ADOPTED-AS-IS,Core,P2,docs/architecture/prototype-parity/,M02/M04 admin queue + people
brdflow_4ada87d2a84b,public/pulse-html-prototype.html,"{""file"": ""public/pulse-html-prototype.html"", ""startOffset"": 504373, ""endOffset"": 629806, ""startLine"": 2870, ""endLine"": 2870}",brd,M03,Organisation,/settings,,"Organisation, Locations, Users & Permissions",Workflow: Onboard a user,Onboard a user,,"Administrator opens Users and clicks Invite User. > The form captures identity, contact, user type and employmen > Administrator selects one or more clinics and assigns a role > A permission preview shows what the user can view and change > Administrator confirms the invitation; the user remains Pend",,,clinic-scoped-unless-stated,,operational,,,,,FUNCTIONALLY-COMPLETE,FUNCTIONALLY-COMPLETE,FUNCTIONALLY-COMPLETE,OWNER-ACCEPTED,NOT-STARTED,ADOPTED-AS-IS,Core,P2,docs/architecture/prototype-parity/,M02/M04 admin queue + people
brdflow_f6063de95274,public/pulse-html-prototype.html,"{""file"": ""public/pulse-html-prototype.html"", ""startOffset"": 504373, ""endOffset"": 629806, ""startLine"": 2870, ""endLine"": 2870}",brd,M03,Organisation,/settings,,"Organisation, Locations, Users & Permissions",Workflow: Suspend and offboard access,Suspend and offboard access,,"Manager opens a user profile and clicks Suspend or Start Off > A modal asks for effective date, reason and whether temporar > The system displays impacted shifts, tasks, approvals, remot > Manager reassigns owned work and confirms access removal che > The user is prevented from new activity while historical rec",,,clinic-scoped-unless-stated,,operational,,,,,FUNCTIONALLY-COMPLETE,FUNCTIONALLY-COMPLETE,FUNCTIONALLY-COMPLETE,OWNER-ACCEPTED,NOT-STARTED,ADOPTED-AS-IS,Core,P2,docs/architecture/prototype-parity/,M02/M04 admin queue + people
brdflow_8ef36e01a7ff,public/pulse-html-prototype.html,"{""file"": ""public/pulse-html-prototype.html"", ""startOffset"": 504373, ""endOffset"": 629806, ""startLine"": 2870, ""endLine"": 2870}",brd,M03,Organisation,/settings,,"Organisation, Locations, Users & Permissions",Workflow: Conduct access review,Conduct access review,,"Authorised reviewer opens Access Reviews and selects clinic  > The page lists active users, last activity, roles, sensitive > Reviewer confirms, changes or removes each questionable perm > Reviewer adds an overall sign-off comment and completes the  > A review report is stored and unresolved changes enter Actio",,,clinic-scoped-unless-stated,,operational,,,,,FUNCTIONALLY-COMPLETE,FUNCTIONALLY-COMPLETE,FUNCTIONALLY-COMPLETE,OWNER-ACCEPTED,NOT-STARTED,ADOPTED-AS-IS,Core,P2,docs/architecture/prototype-parity/,M02/M04 admin queue + people
brdflow_49c58e5dd650,public/pulse-html-prototype.html,"{""file"": ""public/pulse-html-prototype.html"", ""startOffset"": 504373, ""endOffset"": 629806, ""startLine"": 2870, ""endLine"": 2870}",brd,M03,Organisation,/settings,,"Organisation, Locations, Users & Permissions","Workflow: First-Time Access, Sign-In Recovery and Account Lockout","First-Time Access, Sign-In Recovery and Account Lockout",,"Invited user opens the invitation and confirms identity. > User creates sign-in details and completes required security > A preview shows assigned clinics, role and permitted modules > User accepts required privacy, security and acceptable-use a > User completes any mandatory profile setup and enters a guid > If access fails later, the user selects Reset Password, Unlo > Sensitive recovery requests enter the administrator queue an",,,clinic-scoped-unless-stated,,operational,,,,,FUNCTIONALLY-COMPLETE,FUNCTIONALLY-COMPLETE,FUNCTIONALLY-COMPLETE,OWNER-ACCEPTED,NOT-STARTED,ADOPTED-AS-IS,Expanded,P2,docs/architecture/prototype-parity/,M02/M04 admin queue + people
brdflow_31d30578cb3c,public/pulse-html-prototype.html,"{""file"": ""public/pulse-html-prototype.html"", ""startOffset"": 504373, ""endOffset"": 629806, ""startLine"": 2870, ""endLine"": 2870}",brd,M03,Organisation,/settings,,"Organisation, Locations, Users & Permissions",Workflow: Approval Delegation and Absence Cover,Approval Delegation and Absence Cover,,"Approver opens Delegations and clicks Create Delegation. > The approver selects the delegate, relevant modules, clinics > A preview lists approvals and queues that will redirect. > Higher-risk or broad delegations are submitted for owner app > During the active period, the delegate sees eligible actions > The delegation ends automatically or may be ended early with > A post-delegation report shows all decisions taken, unresolv",,,clinic-scoped-unless-stated,,operational,,,,,FUNCTIONALLY-COMPLETE,FUNCTIONALLY-COMPLETE,FUNCTIONALLY-COMPLETE,OWNER-ACCEPTED,NOT-STARTED,ADOPTED-AS-IS,Expanded,P2,docs/architecture/prototype-parity/,M02/M04 admin queue + people
brdflow_74c87db67a1f,public/pulse-html-prototype.html,"{""file"": ""public/pulse-html-prototype.html"", ""startOffset"": 504373, ""endOffset"": 629806, ""startLine"": 2870, ""endLine"": 2870}",brd,M03,Organisation,/settings,,"Organisation, Locations, Users & Permissions","Workflow: Clinic Opening, Relocation, Temporary Closure and Permanent Closure","Clinic Opening, Relocation, Temporary Closure and Permanent Closure",,"Authorised user selects Start Clinic Transition and chooses  > The guided impact assessment identifies affected staff, doct > Actions, owners and due dates are assigned for each affected > Communications are drafted, reviewed and approved for releva > Staff, doctors, assets, stock, contracts and open responsibi > The readiness dashboard is reviewed and unresolved blockers  > Final approver confirms the effective date and changes the c > Historical records remain available under the former locatio",,,clinic-scoped-unless-stated,,operational,,,,,FUNCTIONALLY-COMPLETE,FUNCTIONALLY-COMPLETE,FUNCTIONALLY-COMPLETE,OWNER-ACCEPTED,NOT-STARTED,ADOPTED-AS-IS,Expanded,P2,docs/architecture/prototype-parity/,M02/M04 admin queue + people
brdflow_997982917a76,public/pulse-html-prototype.html,"{""file"": ""public/pulse-html-prototype.html"", ""startOffset"": 504373, ""endOffset"": 629806, ""startLine"": 2870, ""endLine"": 2870}",brd,M03,Organisation,/settings,,"Organisation, Locations, Users & Permissions",Workflow: Workforce Data Access and Correction Request,Workforce Data Access and Correction Request,,"User opens self-service and submits an access or correction  > The request identifies the record/category and explains the  > Authorised owner reviews identity, scope, sensitivity and an > For access, permitted information is prepared and restricted > For correction, the source owner approves, rejects or reques > Approved correction updates the source record through normal > The user receives the outcome, reason and completion date. > The request closes with a retained response history.",,,clinic-scoped-unless-stated,,operational,,,,,FUNCTIONALLY-COMPLETE,FUNCTIONALLY-COMPLETE,FUNCTIONALLY-COMPLETE,OWNER-ACCEPTED,NOT-STARTED,ADOPTED-AS-IS,Expanded,P2,docs/architecture/prototype-parity/,M02/M04 admin queue + people
brdrule_05434cf563ad,public/pulse-html-prototype.html,,brd,M03,Organisation,/settings,,,Business rule,A user may work across multiple clinics but only approved locations appear in their switcher.,,,,,clinic-scoped-unless-stated,,operational,,,,,FUNCTIONALLY-COMPLETE,FUNCTIONALLY-COMPLETE,FUNCTIONALLY-COMPLETE,OWNER-ACCEPTED,NOT-STARTED,ADOPTED-AS-IS,BRD business rule,P2,docs/architecture/prototype-parity/,
brdrule_8be9db30ae38,public/pulse-html-prototype.html,,brd,M03,Organisation,/settings,,,Business rule,Sensitive modules require explicit permission; general clinic access alone is insufficient.,,,,,clinic-scoped-unless-stated,,operational,,,,,FUNCTIONALLY-COMPLETE,FUNCTIONALLY-COMPLETE,FUNCTIONALLY-COMPLETE,OWNER-ACCEPTED,NOT-STARTED,ADOPTED-AS-IS,BRD business rule,P2,docs/architecture/prototype-parity/,
brdrule_3c950cf65c96,public/pulse-html-prototype.html,,brd,M03,Organisation,/settings,,,Business rule,Inactive users and clinics remain in history but cannot be selected for new work.,,,,,clinic-scoped-unless-stated,,operational,,,,,FUNCTIONALLY-COMPLETE,FUNCTIONALLY-COMPLETE,FUNCTIONALLY-COMPLETE,OWNER-ACCEPTED,NOT-STARTED,ADOPTED-AS-IS,BRD business rule,P2,docs/architecture/prototype-parity/,
brdrule_19cdcc24de07,public/pulse-html-prototype.html,,brd,M03,Organisation,/settings,,,Business rule,No shared generic login should be used for sensitive activities.,,,,,clinic-scoped-unless-stated,,operational,,,,,FUNCTIONALLY-COMPLETE,FUNCTIONALLY-COMPLETE,FUNCTIONALLY-COMPLETE,OWNER-ACCEPTED,NOT-STARTED,ADOPTED-AS-IS,BRD business rule,P2,docs/architecture/prototype-parity/,
brdrule_f3e941dc498f,public/pulse-html-prototype.html,,brd,M03,Organisation,/settings,,,Business rule,"Changes to roles, permissions, settings and clinic responsibility are auditable and effective-dated.",,,,,clinic-scoped-unless-stated,,operational,,,,,FUNCTIONALLY-COMPLETE,FUNCTIONALLY-COMPLETE,FUNCTIONALLY-COMPLETE,OWNER-ACCEPTED,NOT-STARTED,ADOPTED-AS-IS,BRD business rule,P2,docs/architecture/prototype-parity/,
brdvis_01ab1983e6c0,public/pulse-html-prototype.html,,brd,M03,Organisation,/settings,,,Visual requirement,"Clinic cards with status, responsible manager, hours and unresolved setup gaps.",,,,,clinic-scoped-unless-stated,,operational,,,,,FUNCTIONALLY-COMPLETE,FUNCTIONALLY-COMPLETE,FUNCTIONALLY-COMPLETE,OWNER-ACCEPTED,NOT-STARTED,ADOPTED-AS-IS,BRD visual requirement; final PNG prevails where image exists,P2,docs/architecture/prototype-parity/,M02/M04 admin queue + people
brdvis_1dd264134b6a,public/pulse-html-prototype.html,,brd,M03,Organisation,/settings,,,Visual requirement,User access matrix showing modules against view/create/approve/export permissions.,,,,,clinic-scoped-unless-stated,,operational,,,,,FUNCTIONALLY-COMPLETE,FUNCTIONALLY-COMPLETE,FUNCTIONALLY-COMPLETE,OWNER-ACCEPTED,NOT-STARTED,ADOPTED-AS-IS,BRD visual requirement; final PNG prevails where image exists,P2,docs/architecture/prototype-parity/,M02/M04 admin queue + people
brdvis_4ffaa018529c,public/pulse-html-prototype.html,,brd,M03,Organisation,/settings,,,Visual requirement,Role assignment drawer with clinic scope and effective dates.,,,,,clinic-scoped-unless-stated,,operational,,,,,FUNCTIONALLY-COMPLETE,FUNCTIONALLY-COMPLETE,FUNCTIONALLY-COMPLETE,OWNER-ACCEPTED,NOT-STARTED,ADOPTED-AS-IS,BRD visual requirement; final PNG prevails where image exists,P2,docs/architecture/prototype-parity/,M02/M04 admin queue + people
brdvis_bca4b917c708,public/pulse-html-prototype.html,,brd,M03,Organisation,/settings,,,Visual requirement,"Access review wizard listing stale, excessive or unused permissions.",,,,,clinic-scoped-unless-stated,,operational,,,,,FUNCTIONALLY-COMPLETE,FUNCTIONALLY-COMPLETE,FUNCTIONALLY-COMPLETE,OWNER-ACCEPTED,NOT-STARTED,ADOPTED-AS-IS,BRD visual requirement; final PNG prevails where image exists,P2,docs/architecture/prototype-parity/,M02/M04 admin queue + people
brdvis_516309918dc4,public/pulse-html-prototype.html,,brd,M03,Organisation,/settings,,,Visual requirement,"Audit timeline filtered by user, clinic, module, action and date.",,,,,clinic-scoped-unless-stated,,operational,,,,,FUNCTIONALLY-COMPLETE,FUNCTIONALLY-COMPLETE,FUNCTIONALLY-COMPLETE,OWNER-ACCEPTED,NOT-STARTED,ADOPTED-AS-IS,BRD visual requirement; final PNG prevails where image exists,P2,docs/architecture/prototype-parity/,M02/M04 admin queue + people
brdout_1fa16d100c16,public/pulse-html-prototype.html,,brd,M03,Organisation,/settings,,,Output/measure,Clinic profile register,,,,,clinic-scoped-unless-stated,,operational,,,,,FUNCTIONALLY-COMPLETE,FUNCTIONALLY-COMPLETE,FUNCTIONALLY-COMPLETE,OWNER-ACCEPTED,NOT-STARTED,ADOPTED-AS-IS,BRD output/measure,P2,docs/architecture/prototype-parity/,
brdout_dddba133fbfb,public/pulse-html-prototype.html,,brd,M03,Organisation,/settings,,,Output/measure,User and permission matrix,,,,,clinic-scoped-unless-stated,,operational,,,,,FUNCTIONALLY-COMPLETE,FUNCTIONALLY-COMPLETE,FUNCTIONALLY-COMPLETE,OWNER-ACCEPTED,NOT-STARTED,ADOPTED-AS-IS,BRD output/measure,P2,docs/architecture/prototype-parity/,
brdout_0040a37bd2fd,public/pulse-html-prototype.html,,brd,M03,Organisation,/settings,,,Output/measure,Access review report,,,,,clinic-scoped-unless-stated,,operational,,,,,FUNCTIONALLY-COMPLETE,FUNCTIONALLY-COMPLETE,FUNCTIONALLY-COMPLETE,OWNER-ACCEPTED,NOT-STARTED,ADOPTED-AS-IS,BRD output/measure,P2,docs/architecture/prototype-parity/,
brdout_c92c0b583e75,public/pulse-html-prototype.html,,brd,M03,Organisation,/settings,,,Output/measure,Inactive user and clinic report,,,,,clinic-scoped-unless-stated,,operational,,,,,FUNCTIONALLY-COMPLETE,FUNCTIONALLY-COMPLETE,FUNCTIONALLY-COMPLETE,OWNER-ACCEPTED,NOT-STARTED,ADOPTED-AS-IS,BRD output/measure,P2,docs/architecture/prototype-parity/,
brdout_edff12f41e34,public/pulse-html-prototype.html,,brd,M03,Organisation,/settings,,,Output/measure,Sensitive activity audit,,,,,clinic-scoped-unless-stated,,operational,,,,,FUNCTIONALLY-COMPLETE,FUNCTIONALLY-COMPLETE,FUNCTIONALLY-COMPLETE,OWNER-ACCEPTED,NOT-STARTED,ADOPTED-AS-IS,BRD output/measure,P2,docs/architecture/prototype-parity/,
brdout_d9db38518764,public/pulse-html-prototype.html,,brd,M03,Organisation,/settings,,,Output/measure,Measure: overdue access reviews,,,,,clinic-scoped-unless-stated,,operational,,,,,FUNCTIONALLY-COMPLETE,FUNCTIONALLY-COMPLETE,FUNCTIONALLY-COMPLETE,OWNER-ACCEPTED,NOT-STARTED,ADOPTED-AS-IS,BRD output/measure,P2,docs/architecture/prototype-parity/,
brdout_765cc33c010a,public/pulse-html-prototype.html,,brd,M03,Organisation,/settings,,,Output/measure,Measure: inactive users retaining active access (target zero),,,,,clinic-scoped-unless-stated,,operational,,,,,FUNCTIONALLY-COMPLETE,FUNCTIONALLY-COMPLETE,FUNCTIONALLY-COMPLETE,OWNER-ACCEPTED,NOT-STARTED,ADOPTED-AS-IS,BRD output/measure,P2,docs/architecture/prototype-parity/,
brdmod_85117305c912,public/pulse-html-prototype.html,"{""file"": ""public/pulse-html-prototype.html"", ""startOffset"": 504373, ""endOffset"": 629806, ""startLine"": 2870, ""endLine"": 2870}",brd,M04,People,/staff-doctors,,Staff & Doctor Management,BRD module M04: Staff & Doctor Management,"Maintain complete and effective-dated business profiles for non-doctor staff and doctors. The module supplies approved workforce information to roster, attendance, staff pay, doctor pay, training, credentials and access lifecycle workflows.",,,,"HR / Payroll, Practice Managers, Owners, Staff self-service users, Doctors",clinic-scoped-unless-stated,"Workforce person, engagement, credential, restriction, readiness",operational,,src/modules/m04-*/ + module-register,,,FUNCTIONALLY-COMPLETE,FUNCTIONALLY-COMPLETE,FUNCTIONALLY-COMPLETE,OWNER-ACCEPTED,NOT-STARTED,ADOPTED-AS-IS,Deep/strong; match M04 final image,P2,docs/architecture/prototype-parity/,M04 people master-detail
brdtab_a65955a944c4,public/pulse-html-prototype.html,"{""file"": ""public/pulse-html-prototype.html"", ""startOffset"": 504373, ""endOffset"": 629806, ""startLine"": 2870, ""endLine"": 2870}",brd,M04,People,/staff-doctors,"/staff-doctors?section=Staff Directory — Reception, nursing, management, administration, contractors and other staff.","Staff Directory — Reception, nursing, management, administration, contractors and other staff.","Tab: Staff Directory — Reception, nursing, management, administration, contractors and other staff.","Maintain complete and effective-dated business profiles for non-doctor staff and doctors. The module supplies approved workforce information to roster, attendance, staff pay, doctor pay, training, credentials and access lifecycle workflows.","Staff Directory — Reception, nursing, management, administration, contractors and other staff.",,,,clinic-scoped-unless-stated,,operational,,,,,FUNCTIONALLY-COMPLETE,FUNCTIONALLY-COMPLETE,FUNCTIONALLY-COMPLETE,OWNER-ACCEPTED,NOT-STARTED,ADOPTED-AS-IS,BRD tab retained in canonical screen register,P2,docs/architecture/prototype-parity/,M04 people master-detail
brdtab_ba22bc15b508,public/pulse-html-prototype.html,"{""file"": ""public/pulse-html-prototype.html"", ""startOffset"": 504373, ""endOffset"": 629806, ""startLine"": 2870, ""endLine"": 2870}",brd,M04,People,/staff-doctors,"/staff-doctors?section=Doctor Directory — Doctor business profile, locations, contract and payment settings.","Doctor Directory — Doctor business profile, locations, contract and payment settings.","Tab: Doctor Directory — Doctor business profile, locations, contract and payment settings.","Maintain complete and effective-dated business profiles for non-doctor staff and doctors. The module supplies approved workforce information to roster, attendance, staff pay, doctor pay, training, credentials and access lifecycle workflows.","Doctor Directory — Doctor business profile, locations, contract and payment settings.",,,,clinic-scoped-unless-stated,,operational,,,,,FUNCTIONALLY-COMPLETE,FUNCTIONALLY-COMPLETE,FUNCTIONALLY-COMPLETE,OWNER-ACCEPTED,NOT-STARTED,ADOPTED-AS-IS,BRD tab retained in canonical screen register,P2,docs/architecture/prototype-parity/,M04 people master-detail
brdtab_017e653b0997,public/pulse-html-prototype.html,"{""file"": ""public/pulse-html-prototype.html"", ""startOffset"": 504373, ""endOffset"": 629806, ""startLine"": 2870, ""endLine"": 2870}",brd,M04,People,/staff-doctors,"/staff-doctors?section=HR Documents — Contracts, identity, certificates, performance and employment records.","HR Documents — Contracts, identity, certificates, performance and employment records.","Tab: HR Documents — Contracts, identity, certificates, performance and employment records.","Maintain complete and effective-dated business profiles for non-doctor staff and doctors. The module supplies approved workforce information to roster, attendance, staff pay, doctor pay, training, credentials and access lifecycle workflows.","HR Documents — Contracts, identity, certificates, performance and employment records.",,,,clinic-scoped-unless-stated,,operational,,,,,FUNCTIONALLY-COMPLETE,FUNCTIONALLY-COMPLETE,FUNCTIONALLY-COMPLETE,OWNER-ACCEPTED,NOT-STARTED,ADOPTED-AS-IS,BRD tab retained in canonical screen register,P2,docs/architecture/prototype-parity/,M04 people master-detail
brdtab_4d325d933dab,public/pulse-html-prototype.html,"{""file"": ""public/pulse-html-prototype.html"", ""startOffset"": 504373, ""endOffset"": 629806, ""startLine"": 2870, ""endLine"": 2870}",brd,M04,People,/staff-doctors,"/staff-doctors?section=Leave / Away Days — Requests, approvals, balances or reference status, coverage notes and calendar.","Leave / Away Days — Requests, approvals, balances or reference status, coverage notes and calendar.","Tab: Leave / Away Days — Requests, approvals, balances or reference status, coverage notes and calendar.","Maintain complete and effective-dated business profiles for non-doctor staff and doctors. The module supplies approved workforce information to roster, attendance, staff pay, doctor pay, training, credentials and access lifecycle workflows.","Leave / Away Days — Requests, approvals, balances or reference status, coverage notes and calendar.",,,,clinic-scoped-unless-stated,,operational,,,,,FUNCTIONALLY-COMPLETE,FUNCTIONALLY-COMPLETE,FUNCTIONALLY-COMPLETE,OWNER-ACCEPTED,NOT-STARTED,ADOPTED-AS-IS,BRD tab retained in canonical screen register,P2,docs/architecture/prototype-parity/,M04 people master-detail
brdtab_ba915caf5cea,public/pulse-html-prototype.html,"{""file"": ""public/pulse-html-prototype.html"", ""startOffset"": 504373, ""endOffset"": 629806, ""startLine"": 2870, ""endLine"": 2870}",brd,M04,People,/staff-doctors,"/staff-doctors?section=Award Rules — Classification, employment type, pay category mapping and effective dates.","Award Rules — Classification, employment type, pay category mapping and effective dates.","Tab: Award Rules — Classification, employment type, pay category mapping and effective dates.","Maintain complete and effective-dated business profiles for non-doctor staff and doctors. The module supplies approved workforce information to roster, attendance, staff pay, doctor pay, training, credentials and access lifecycle workflows.","Award Rules — Classification, employment type, pay category mapping and effective dates.",,,,clinic-scoped-unless-stated,,operational,,,,,FUNCTIONALLY-COMPLETE,FUNCTIONALLY-COMPLETE,FUNCTIONALLY-COMPLETE,OWNER-ACCEPTED,NOT-STARTED,ADOPTED-AS-IS,BRD tab retained in canonical screen register,P2,docs/architecture/prototype-parity/,M04 people master-detail
brdtab_11d9c36fb996,public/pulse-html-prototype.html,"{""file"": ""public/pulse-html-prototype.html"", ""startOffset"": 504373, ""endOffset"": 629806, ""startLine"": 2870, ""endLine"": 2870}",brd,M04,People,/staff-doctors,"/staff-doctors?section=Provider Credentials — AHPRA and role-specific credential evidence, expiry and review.","Provider Credentials — AHPRA and role-specific credential evidence, expiry and review.","Tab: Provider Credentials — AHPRA and role-specific credential evidence, expiry and review.","Maintain complete and effective-dated business profiles for non-doctor staff and doctors. The module supplies approved workforce information to roster, attendance, staff pay, doctor pay, training, credentials and access lifecycle workflows.","Provider Credentials — AHPRA and role-specific credential evidence, expiry and review.",,,,clinic-scoped-unless-stated,,operational,,,,,FUNCTIONALLY-COMPLETE,FUNCTIONALLY-COMPLETE,FUNCTIONALLY-COMPLETE,OWNER-ACCEPTED,NOT-STARTED,ADOPTED-AS-IS,BRD tab retained in canonical screen register,P2,docs/architecture/prototype-parity/,M04 people master-detail
brdtab_6cfddce041a2,public/pulse-html-prototype.html,"{""file"": ""public/pulse-html-prototype.html"", ""startOffset"": 504373, ""endOffset"": 629806, ""startLine"": 2870, ""endLine"": 2870}",brd,M04,People,/staff-doctors,"/staff-doctors?section=Onboarding — Readiness checklist, induction and access setup.","Onboarding — Readiness checklist, induction and access setup.","Tab: Onboarding — Readiness checklist, induction and access setup.","Maintain complete and effective-dated business profiles for non-doctor staff and doctors. The module supplies approved workforce information to roster, attendance, staff pay, doctor pay, training, credentials and access lifecycle workflows.","Onboarding — Readiness checklist, induction and access setup.",,,,clinic-scoped-unless-stated,,operational,,,,,FUNCTIONALLY-COMPLETE,FUNCTIONALLY-COMPLETE,FUNCTIONALLY-COMPLETE,OWNER-ACCEPTED,NOT-STARTED,ADOPTED-AS-IS,BRD tab retained in canonical screen register,P2,docs/architecture/prototype-parity/,M04 people master-detail
brdtab_3c2eb9d7e848,public/pulse-html-prototype.html,"{""file"": ""public/pulse-html-prototype.html"", ""startOffset"": 504373, ""endOffset"": 629806, ""startLine"": 2870, ""endLine"": 2870}",brd,M04,People,/staff-doctors,"/staff-doctors?section=Offboarding — Work reassignment, document closure and access removal.","Offboarding — Work reassignment, document closure and access removal.","Tab: Offboarding — Work reassignment, document closure and access removal.","Maintain complete and effective-dated business profiles for non-doctor staff and doctors. The module supplies approved workforce information to roster, attendance, staff pay, doctor pay, training, credentials and access lifecycle workflows.","Offboarding — Work reassignment, document closure and access removal.",,,,clinic-scoped-unless-stated,,operational,,,,,FUNCTIONALLY-COMPLETE,FUNCTIONALLY-COMPLETE,FUNCTIONALLY-COMPLETE,OWNER-ACCEPTED,NOT-STARTED,ADOPTED-AS-IS,BRD tab retained in canonical screen register,P2,docs/architecture/prototype-parity/,M04 people master-detail
brdtab_acd1a0a437dc,public/pulse-html-prototype.html,"{""file"": ""public/pulse-html-prototype.html"", ""startOffset"": 504373, ""endOffset"": 629806, ""startLine"": 2870, ""endLine"": 2870}",brd,M04,People,/staff-doctors,"/staff-doctors?section=Employment Changes — Transfer, promotion, role, manager, employment type and clinic reassignment with effective dates.","Employment Changes — Transfer, promotion, role, manager, employment type and clinic reassignment with effective dates.","Tab: Employment Changes — Transfer, promotion, role, manager, employment type and clinic reassignment with effective dates.","Maintain complete and effective-dated business profiles for non-doctor staff and doctors. The module supplies approved workforce information to roster, attendance, staff pay, doctor pay, training, credentials and access lifecycle workflows.","Employment Changes — Transfer, promotion, role, manager, employment type and clinic reassignment with effective dates.",,,,clinic-scoped-unless-stated,,operational,,,,,FUNCTIONALLY-COMPLETE,FUNCTIONALLY-COMPLETE,FUNCTIONALLY-COMPLETE,OWNER-ACCEPTED,NOT-STARTED,ADOPTED-AS-IS,BRD tab retained in canonical screen register,P2,docs/architecture/prototype-parity/,M04 people master-detail
brdtab_366d6025d566,public/pulse-html-prototype.html,"{""file"": ""public/pulse-html-prototype.html"", ""startOffset"": 504373, ""endOffset"": 629806, ""startLine"": 2870, ""endLine"": 2870}",brd,M04,People,/staff-doctors,"/staff-doctors?section=Return to Work & Restrictions — Leave amendments, cancellations, return confirmation and controlled duty restrictions.","Return to Work & Restrictions — Leave amendments, cancellations, return confirmation and controlled duty restrictions.","Tab: Return to Work & Restrictions — Leave amendments, cancellations, return confirmation and controlled duty restrictions.","Maintain complete and effective-dated business profiles for non-doctor staff and doctors. The module supplies approved workforce information to roster, attendance, staff pay, doctor pay, training, credentials and access lifecycle workflows.","Return to Work & Restrictions — Leave amendments, cancellations, return confirmation and controlled duty restrictions.",,,,clinic-scoped-unless-stated,,operational,,,,,FUNCTIONALLY-COMPLETE,FUNCTIONALLY-COMPLETE,FUNCTIONALLY-COMPLETE,OWNER-ACCEPTED,NOT-STARTED,ADOPTED-AS-IS,BRD tab retained in canonical screen register,P2,docs/architecture/prototype-parity/,M04 people master-detail
brdbtn_32f98714e4b4,public/pulse-html-prototype.html,"{""file"": ""public/pulse-html-prototype.html"", ""startOffset"": 504373, ""endOffset"": 629806, ""startLine"": 2870, ""endLine"": 2870}",brd,M04,People,/staff-doctors,,Staff & Doctor Management,Named action: Add Staff,"Maintain complete and effective-dated business profiles for non-doctor staff and doctors. The module supplies approved workforce information to roster, attendance, staff pay, doctor pay, training, credentials and access lifecycle workflows.",Add Staff,service-backed transition required for final claim,,,clinic-scoped-unless-stated,,operational,,,,,FUNCTIONALLY-COMPLETE,FUNCTIONALLY-COMPLETE,FUNCTIONALLY-COMPLETE,OWNER-ACCEPTED,NOT-STARTED,ADOPTED-AS-IS,"Named BRD button must map to real action, planned service-backed action, or owner decision",P2,docs/architecture/prototype-parity/,M04 people master-detail
brdbtn_149b018aef43,public/pulse-html-prototype.html,"{""file"": ""public/pulse-html-prototype.html"", ""startOffset"": 504373, ""endOffset"": 629806, ""startLine"": 2870, ""endLine"": 2870}",brd,M04,People,/staff-doctors,,Staff & Doctor Management,Named action: Add Doctor,"Maintain complete and effective-dated business profiles for non-doctor staff and doctors. The module supplies approved workforce information to roster, attendance, staff pay, doctor pay, training, credentials and access lifecycle workflows.",Add Doctor,service-backed transition required for final claim,,,clinic-scoped-unless-stated,,operational,,,,,FUNCTIONALLY-COMPLETE,FUNCTIONALLY-COMPLETE,FUNCTIONALLY-COMPLETE,OWNER-ACCEPTED,NOT-STARTED,ADOPTED-AS-IS,"Named BRD button must map to real action, planned service-backed action, or owner decision",P2,docs/architecture/prototype-parity/,M04 people master-detail
brdbtn_f527f56f1b2a,public/pulse-html-prototype.html,"{""file"": ""public/pulse-html-prototype.html"", ""startOffset"": 504373, ""endOffset"": 629806, ""startLine"": 2870, ""endLine"": 2870}",brd,M04,People,/staff-doctors,,Staff & Doctor Management,Named action: Edit Profile,"Maintain complete and effective-dated business profiles for non-doctor staff and doctors. The module supplies approved workforce information to roster, attendance, staff pay, doctor pay, training, credentials and access lifecycle workflows.",Edit Profile,service-backed transition required for final claim,,,clinic-scoped-unless-stated,,operational,,,,,FUNCTIONALLY-COMPLETE,FUNCTIONALLY-COMPLETE,FUNCTIONALLY-COMPLETE,OWNER-ACCEPTED,NOT-STARTED,ADOPTED-AS-IS,"Named BRD button must map to real action, planned service-backed action, or owner decision",P2,docs/architecture/prototype-parity/,M04 people master-detail
brdbtn_2afe8a9b9991,public/pulse-html-prototype.html,"{""file"": ""public/pulse-html-prototype.html"", ""startOffset"": 504373, ""endOffset"": 629806, ""startLine"": 2870, ""endLine"": 2870}",brd,M04,People,/staff-doctors,,Staff & Doctor Management,Named action: Upload Document,"Maintain complete and effective-dated business profiles for non-doctor staff and doctors. The module supplies approved workforce information to roster, attendance, staff pay, doctor pay, training, credentials and access lifecycle workflows.",Upload Document,service-backed transition required for final claim,,,clinic-scoped-unless-stated,,operational,,,,,FUNCTIONALLY-COMPLETE,FUNCTIONALLY-COMPLETE,FUNCTIONALLY-COMPLETE,OWNER-ACCEPTED,NOT-STARTED,ADOPTED-AS-IS,"Named BRD button must map to real action, planned service-backed action, or owner decision",P2,docs/architecture/prototype-parity/,M04 people master-detail
brdbtn_5cd653be5c04,public/pulse-html-prototype.html,"{""file"": ""public/pulse-html-prototype.html"", ""startOffset"": 504373, ""endOffset"": 629806, ""startLine"": 2870, ""endLine"": 2870}",brd,M04,People,/staff-doctors,,Staff & Doctor Management,Named action: Request Leave,"Maintain complete and effective-dated business profiles for non-doctor staff and doctors. The module supplies approved workforce information to roster, attendance, staff pay, doctor pay, training, credentials and access lifecycle workflows.",Request Leave,service-backed transition required for final claim,,,clinic-scoped-unless-stated,,operational,,,,,FUNCTIONALLY-COMPLETE,FUNCTIONALLY-COMPLETE,FUNCTIONALLY-COMPLETE,OWNER-ACCEPTED,NOT-STARTED,ADOPTED-AS-IS,"Named BRD button must map to real action, planned service-backed action, or owner decision",P2,docs/architecture/prototype-parity/,M04 people master-detail
brdbtn_c161d779d119,public/pulse-html-prototype.html,"{""file"": ""public/pulse-html-prototype.html"", ""startOffset"": 504373, ""endOffset"": 629806, ""startLine"": 2870, ""endLine"": 2870}",brd,M04,People,/staff-doctors,,Staff & Doctor Management,Named action: Approve / Reject Leave,"Maintain complete and effective-dated business profiles for non-doctor staff and doctors. The module supplies approved workforce information to roster, attendance, staff pay, doctor pay, training, credentials and access lifecycle workflows.",Approve / Reject Leave,service-backed transition required for final claim,,,clinic-scoped-unless-stated,,operational,,,,,FUNCTIONALLY-COMPLETE,FUNCTIONALLY-COMPLETE,FUNCTIONALLY-COMPLETE,OWNER-ACCEPTED,NOT-STARTED,ADOPTED-AS-IS,"Named BRD button must map to real action, planned service-backed action, or owner decision",P2,docs/architecture/prototype-parity/,M04 people master-detail
brdbtn_85db70e4faa5,public/pulse-html-prototype.html,"{""file"": ""public/pulse-html-prototype.html"", ""startOffset"": 504373, ""endOffset"": 629806, ""startLine"": 2870, ""endLine"": 2870}",brd,M04,People,/staff-doctors,,Staff & Doctor Management,Named action: Change Classification,"Maintain complete and effective-dated business profiles for non-doctor staff and doctors. The module supplies approved workforce information to roster, attendance, staff pay, doctor pay, training, credentials and access lifecycle workflows.",Change Classification,service-backed transition required for final claim,,,clinic-scoped-unless-stated,,operational,,,,,FUNCTIONALLY-COMPLETE,FUNCTIONALLY-COMPLETE,FUNCTIONALLY-COMPLETE,OWNER-ACCEPTED,NOT-STARTED,ADOPTED-AS-IS,"Named BRD button must map to real action, planned service-backed action, or owner decision",P2,docs/architecture/prototype-parity/,M04 people master-detail
brdbtn_92cbfa3766e3,public/pulse-html-prototype.html,"{""file"": ""public/pulse-html-prototype.html"", ""startOffset"": 504373, ""endOffset"": 629806, ""startLine"": 2870, ""endLine"": 2870}",brd,M04,People,/staff-doctors,,Staff & Doctor Management,Named action: Change Contract / Rate,"Maintain complete and effective-dated business profiles for non-doctor staff and doctors. The module supplies approved workforce information to roster, attendance, staff pay, doctor pay, training, credentials and access lifecycle workflows.",Change Contract / Rate,service-backed transition required for final claim,,,clinic-scoped-unless-stated,,operational,,,,,FUNCTIONALLY-COMPLETE,FUNCTIONALLY-COMPLETE,FUNCTIONALLY-COMPLETE,OWNER-ACCEPTED,NOT-STARTED,ADOPTED-AS-IS,"Named BRD button must map to real action, planned service-backed action, or owner decision",P2,docs/architecture/prototype-parity/,M04 people master-detail
brdbtn_aa9e6b75fed8,public/pulse-html-prototype.html,"{""file"": ""public/pulse-html-prototype.html"", ""startOffset"": 504373, ""endOffset"": 629806, ""startLine"": 2870, ""endLine"": 2870}",brd,M04,People,/staff-doctors,,Staff & Doctor Management,Named action: Verify Credential,"Maintain complete and effective-dated business profiles for non-doctor staff and doctors. The module supplies approved workforce information to roster, attendance, staff pay, doctor pay, training, credentials and access lifecycle workflows.",Verify Credential,service-backed transition required for final claim,,,clinic-scoped-unless-stated,,operational,,,,,FUNCTIONALLY-COMPLETE,FUNCTIONALLY-COMPLETE,FUNCTIONALLY-COMPLETE,OWNER-ACCEPTED,NOT-STARTED,ADOPTED-AS-IS,"Named BRD button must map to real action, planned service-backed action, or owner decision",P2,docs/architecture/prototype-parity/,M04 people master-detail
brdbtn_4335937e0666,public/pulse-html-prototype.html,"{""file"": ""public/pulse-html-prototype.html"", ""startOffset"": 504373, ""endOffset"": 629806, ""startLine"": 2870, ""endLine"": 2870}",brd,M04,People,/staff-doctors,,Staff & Doctor Management,Named action: Send Renewal Reminder,"Maintain complete and effective-dated business profiles for non-doctor staff and doctors. The module supplies approved workforce information to roster, attendance, staff pay, doctor pay, training, credentials and access lifecycle workflows.",Send Renewal Reminder,service-backed transition required for final claim,,,clinic-scoped-unless-stated,,operational,,,,,FUNCTIONALLY-COMPLETE,FUNCTIONALLY-COMPLETE,FUNCTIONALLY-COMPLETE,OWNER-ACCEPTED,NOT-STARTED,ADOPTED-AS-IS,"Named BRD button must map to real action, planned service-backed action, or owner decision",P2,docs/architecture/prototype-parity/,M04 people master-detail
brdbtn_fc7a30c96e52,public/pulse-html-prototype.html,"{""file"": ""public/pulse-html-prototype.html"", ""startOffset"": 504373, ""endOffset"": 629806, ""startLine"": 2870, ""endLine"": 2870}",brd,M04,People,/staff-doctors,,Staff & Doctor Management,Named action: Suspend Profile,"Maintain complete and effective-dated business profiles for non-doctor staff and doctors. The module supplies approved workforce information to roster, attendance, staff pay, doctor pay, training, credentials and access lifecycle workflows.",Suspend Profile,service-backed transition required for final claim,,,clinic-scoped-unless-stated,,operational,,,,,FUNCTIONALLY-COMPLETE,FUNCTIONALLY-COMPLETE,FUNCTIONALLY-COMPLETE,OWNER-ACCEPTED,NOT-STARTED,ADOPTED-AS-IS,"Named BRD button must map to real action, planned service-backed action, or owner decision",P2,docs/architecture/prototype-parity/,M04 people master-detail
brdbtn_aac0dbd378ab,public/pulse-html-prototype.html,"{""file"": ""public/pulse-html-prototype.html"", ""startOffset"": 504373, ""endOffset"": 629806, ""startLine"": 2870, ""endLine"": 2870}",brd,M04,People,/staff-doctors,,Staff & Doctor Management,Named action: Start Offboarding,"Maintain complete and effective-dated business profiles for non-doctor staff and doctors. The module supplies approved workforce information to roster, attendance, staff pay, doctor pay, training, credentials and access lifecycle workflows.",Start Offboarding,service-backed transition required for final claim,,,clinic-scoped-unless-stated,,operational,,,,,FUNCTIONALLY-COMPLETE,FUNCTIONALLY-COMPLETE,FUNCTIONALLY-COMPLETE,OWNER-ACCEPTED,NOT-STARTED,ADOPTED-AS-IS,"Named BRD button must map to real action, planned service-backed action, or owner decision",P2,docs/architecture/prototype-parity/,M04 people master-detail
brdbtn_72f35e1272bb,public/pulse-html-prototype.html,"{""file"": ""public/pulse-html-prototype.html"", ""startOffset"": 504373, ""endOffset"": 629806, ""startLine"": 2870, ""endLine"": 2870}",brd,M04,People,/staff-doctors,,Staff & Doctor Management,Named action: Start Employment Change,"Maintain complete and effective-dated business profiles for non-doctor staff and doctors. The module supplies approved workforce information to roster, attendance, staff pay, doctor pay, training, credentials and access lifecycle workflows.",Start Employment Change,service-backed transition required for final claim,,,clinic-scoped-unless-stated,,operational,,,,,FUNCTIONALLY-COMPLETE,FUNCTIONALLY-COMPLETE,FUNCTIONALLY-COMPLETE,OWNER-ACCEPTED,NOT-STARTED,ADOPTED-AS-IS,"Named BRD button must map to real action, planned service-backed action, or owner decision",P2,docs/architecture/prototype-parity/,M04 people master-detail
brdbtn_7037959c9a74,public/pulse-html-prototype.html,"{""file"": ""public/pulse-html-prototype.html"", ""startOffset"": 504373, ""endOffset"": 629806, ""startLine"": 2870, ""endLine"": 2870}",brd,M04,People,/staff-doctors,,Staff & Doctor Management,Named action: Amend / Cancel Leave,"Maintain complete and effective-dated business profiles for non-doctor staff and doctors. The module supplies approved workforce information to roster, attendance, staff pay, doctor pay, training, credentials and access lifecycle workflows.",Amend / Cancel Leave,service-backed transition required for final claim,,,clinic-scoped-unless-stated,,operational,,,,,FUNCTIONALLY-COMPLETE,FUNCTIONALLY-COMPLETE,FUNCTIONALLY-COMPLETE,OWNER-ACCEPTED,NOT-STARTED,ADOPTED-AS-IS,"Named BRD button must map to real action, planned service-backed action, or owner decision",P2,docs/architecture/prototype-parity/,M04 people master-detail
brdbtn_7181b61eb1b1,public/pulse-html-prototype.html,"{""file"": ""public/pulse-html-prototype.html"", ""startOffset"": 504373, ""endOffset"": 629806, ""startLine"": 2870, ""endLine"": 2870}",brd,M04,People,/staff-doctors,,Staff & Doctor Management,Named action: Confirm Return to Work,"Maintain complete and effective-dated business profiles for non-doctor staff and doctors. The module supplies approved workforce information to roster, attendance, staff pay, doctor pay, training, credentials and access lifecycle workflows.",Confirm Return to Work,service-backed transition required for final claim,,,clinic-scoped-unless-stated,,operational,,,,,FUNCTIONALLY-COMPLETE,FUNCTIONALLY-COMPLETE,FUNCTIONALLY-COMPLETE,OWNER-ACCEPTED,NOT-STARTED,ADOPTED-AS-IS,"Named BRD button must map to real action, planned service-backed action, or owner decision",P2,docs/architecture/prototype-parity/,M04 people master-detail
brdbtn_13b38dbe3279,public/pulse-html-prototype.html,"{""file"": ""public/pulse-html-prototype.html"", ""startOffset"": 504373, ""endOffset"": 629806, ""startLine"": 2870, ""endLine"": 2870}",brd,M04,People,/staff-doctors,,Staff & Doctor Management,Named action: Suspend Eligibility,"Maintain complete and effective-dated business profiles for non-doctor staff and doctors. The module supplies approved workforce information to roster, attendance, staff pay, doctor pay, training, credentials and access lifecycle workflows.",Suspend Eligibility,service-backed transition required for final claim,,,clinic-scoped-unless-stated,,operational,,,,,FUNCTIONALLY-COMPLETE,FUNCTIONALLY-COMPLETE,FUNCTIONALLY-COMPLETE,OWNER-ACCEPTED,NOT-STARTED,ADOPTED-AS-IS,"Named BRD button must map to real action, planned service-backed action, or owner decision",P2,docs/architecture/prototype-parity/,M04 people master-detail
brdbtn_bf6ddd6a6521,public/pulse-html-prototype.html,"{""file"": ""public/pulse-html-prototype.html"", ""startOffset"": 504373, ""endOffset"": 629806, ""startLine"": 2870, ""endLine"": 2870}",brd,M04,People,/staff-doctors,,Staff & Doctor Management,Named action: Reactivate Profile,"Maintain complete and effective-dated business profiles for non-doctor staff and doctors. The module supplies approved workforce information to roster, attendance, staff pay, doctor pay, training, credentials and access lifecycle workflows.",Reactivate Profile,service-backed transition required for final claim,,,clinic-scoped-unless-stated,,operational,,,,,FUNCTIONALLY-COMPLETE,FUNCTIONALLY-COMPLETE,FUNCTIONALLY-COMPLETE,OWNER-ACCEPTED,NOT-STARTED,ADOPTED-AS-IS,"Named BRD button must map to real action, planned service-backed action, or owner decision",P2,docs/architecture/prototype-parity/,M04 people master-detail
brdbtn_518a0ee887f0,public/pulse-html-prototype.html,"{""file"": ""public/pulse-html-prototype.html"", ""startOffset"": 504373, ""endOffset"": 629806, ""startLine"": 2870, ""endLine"": 2870}",brd,M04,People,/staff-doctors,,Staff & Doctor Management,Named action: Request Bank Detail Change,"Maintain complete and effective-dated business profiles for non-doctor staff and doctors. The module supplies approved workforce information to roster, attendance, staff pay, doctor pay, training, credentials and access lifecycle workflows.",Request Bank Detail Change,service-backed transition required for final claim,,,clinic-scoped-unless-stated,,operational,,,,,FUNCTIONALLY-COMPLETE,FUNCTIONALLY-COMPLETE,FUNCTIONALLY-COMPLETE,OWNER-ACCEPTED,NOT-STARTED,ADOPTED-AS-IS,"Named BRD button must map to real action, planned service-backed action, or owner decision",P2,docs/architecture/prototype-parity/,M04 people master-detail
brdflow_00869e70c7e9,public/pulse-html-prototype.html,"{""file"": ""public/pulse-html-prototype.html"", ""startOffset"": 504373, ""endOffset"": 629806, ""startLine"": 2870, ""endLine"": 2870}",brd,M04,People,/staff-doctors,,Staff & Doctor Management,Workflow: Add a staff member,Add a staff member,,"HR user opens Staff Directory and clicks Add Staff. > The wizard opens at Basic Details; the user enters name, con > Employment & Locations captures role, employment type, defau > Award & Pay Profile captures approved classification mapping > Documents & Readiness shows required uploads and training; t > Reviewer clicks Activate once mandatory items are complete; ",,,clinic-scoped-unless-stated,,operational,,,,,FUNCTIONALLY-COMPLETE,FUNCTIONALLY-COMPLETE,FUNCTIONALLY-COMPLETE,OWNER-ACCEPTED,NOT-STARTED,ADOPTED-AS-IS,Core,P2,docs/architecture/prototype-parity/,M04 people master-detail
brdflow_3f19773921eb,public/pulse-html-prototype.html,"{""file"": ""public/pulse-html-prototype.html"", ""startOffset"": 504373, ""endOffset"": 629806, ""startLine"": 2870, ""endLine"": 2870}",brd,M04,People,/staff-doctors,,Staff & Doctor Management,Workflow: Add a doctor,Add a doctor,,"Authorised user opens Doctor Directory and clicks Add Doctor > The wizard captures business identity, ABN/GST status, conta > Contract & Payment captures percentage or agreed rule, effec > Credentials captures required evidence and expiry dates. > A review screen shows Doctor Pay and BBPIP readiness. > Approver activates the profile; future transactions use the ",,,clinic-scoped-unless-stated,,operational,,,,,FUNCTIONALLY-COMPLETE,FUNCTIONALLY-COMPLETE,FUNCTIONALLY-COMPLETE,OWNER-ACCEPTED,NOT-STARTED,ADOPTED-AS-IS,Core,P2,docs/architecture/prototype-parity/,M04 people master-detail
brdflow_a7c2503f5264,public/pulse-html-prototype.html,"{""file"": ""public/pulse-html-prototype.html"", ""startOffset"": 504373, ""endOffset"": 629806, ""startLine"": 2870, ""endLine"": 2870}",brd,M04,People,/staff-doctors,,Staff & Doctor Management,Workflow: Request and approve leave,Request and approve leave,,"Staff member opens Leave / Away Days and clicks Request Leav > The form captures dates, type, notes and attachment where re > A coverage preview shows rostered shifts and potential gaps. > Manager receives an Action Inbox approval and approves, reje > Approved leave updates the calendar and triggers roster warn",,,clinic-scoped-unless-stated,,operational,,,,,FUNCTIONALLY-COMPLETE,FUNCTIONALLY-COMPLETE,FUNCTIONALLY-COMPLETE,OWNER-ACCEPTED,NOT-STARTED,ADOPTED-AS-IS,Core,P2,docs/architecture/prototype-parity/,M04 people master-detail
brdflow_6f092fd389f0,public/pulse-html-prototype.html,"{""file"": ""public/pulse-html-prototype.html"", ""startOffset"": 504373, ""endOffset"": 629806, ""startLine"": 2870, ""endLine"": 2870}",brd,M04,People,/staff-doctors,,Staff & Doctor Management,Workflow: Renew an expiring document,Renew an expiring document,,"The expiry dashboard flags an approaching certificate or cre > Owner clicks Send Reminder or opens the person’s document pa > Staff/doctor uploads replacement evidence and submits it for > Reviewer verifies dates and status, then approves or rejects > The new version becomes Current; the prior version remains i",,,clinic-scoped-unless-stated,,operational,,,,,FUNCTIONALLY-COMPLETE,FUNCTIONALLY-COMPLETE,FUNCTIONALLY-COMPLETE,OWNER-ACCEPTED,NOT-STARTED,ADOPTED-AS-IS,Core,P2,docs/architecture/prototype-parity/,M04 people master-detail
brdflow_5a823e6712bb,public/pulse-html-prototype.html,"{""file"": ""public/pulse-html-prototype.html"", ""startOffset"": 504373, ""endOffset"": 629806, ""startLine"": 2870, ""endLine"": 2870}",brd,M04,People,/staff-doctors,,Staff & Doctor Management,Workflow: Offboard a worker,Offboard a worker,,"Manager clicks Start Offboarding from the profile. > The checklist identifies future shifts, open tasks, approval > Owners are assigned for reassignment, asset return and docum > Access is suspended on the effective date and open work is r > Reviewer signs off the checklist and the profile becomes Arc",,,clinic-scoped-unless-stated,,operational,,,,,FUNCTIONALLY-COMPLETE,FUNCTIONALLY-COMPLETE,FUNCTIONALLY-COMPLETE,OWNER-ACCEPTED,NOT-STARTED,ADOPTED-AS-IS,Core,P2,docs/architecture/prototype-parity/,M04 people master-detail
brdflow_922f4e565ab9,public/pulse-html-prototype.html,"{""file"": ""public/pulse-html-prototype.html"", ""startOffset"": 504373, ""endOffset"": 629806, ""startLine"": 2870, ""endLine"": 2870}",brd,M04,People,/staff-doctors,,Staff & Doctor Management,"Workflow: Leave Amendment, Cancellation and Return to Work","Leave Amendment, Cancellation and Return to Work",,"Staff member opens approved leave and selects Amend or Cance > The page displays affected rosters, duties and pay periods. > The staff member enters the requested change and submits it. > Manager approves, rejects or requests changes after reviewin > Approved changes update the leave calendar and create roster > On return, the staff member or manager completes Return to W > Any temporary restrictions or follow-up actions are recorded",,,clinic-scoped-unless-stated,,operational,,,,,FUNCTIONALLY-COMPLETE,FUNCTIONALLY-COMPLETE,FUNCTIONALLY-COMPLETE,OWNER-ACCEPTED,NOT-STARTED,ADOPTED-AS-IS,Expanded,P2,docs/architecture/prototype-parity/,M04 people master-detail
brdflow_c8ed422bc56c,public/pulse-html-prototype.html,"{""file"": ""public/pulse-html-prototype.html"", ""startOffset"": 504373, ""endOffset"": 629806, ""startLine"": 2870, ""endLine"": 2870}",brd,M04,People,/staff-doctors,,Staff & Doctor Management,"Workflow: Worker Transfer, Promotion and Employment Change","Worker Transfer, Promotion and Employment Change",,"HR opens the worker profile and clicks Start Employment Chan > User selects transfer, promotion, role change, manager chang > The impact panel identifies permissions, roster, training, a > Required new documents, training and approvals are assigned. > Approvers review the before-and-after summary and effective  > On approval, the new arrangement becomes active on the effec > Previous arrangements remain visible in history and affected",,,clinic-scoped-unless-stated,,operational,,,,,FUNCTIONALLY-COMPLETE,FUNCTIONALLY-COMPLETE,FUNCTIONALLY-COMPLETE,OWNER-ACCEPTED,NOT-STARTED,ADOPTED-AS-IS,Expanded,P2,docs/architecture/prototype-parity/,M04 people master-detail
brdflow_a5ff8bbd9f9c,public/pulse-html-prototype.html,"{""file"": ""public/pulse-html-prototype.html"", ""startOffset"": 504373, ""endOffset"": 629806, ""startLine"": 2870, ""endLine"": 2870}",brd,M04,People,/staff-doctors,,Staff & Doctor Management,"Workflow: Credential Expiry, Suspension and Reactivation","Credential Expiry, Suspension and Reactivation",,"Reminder actions are issued before expiry according to the c > If the credential expires, the profile changes to Not Ready  > The manager reviews future rosters, checklists and responsib > Manager removes/reassigns affected work, suspends eligibilit > The worker uploads updated evidence and submits it for verif > Reviewer approves or rejects the renewal. > On approval, the credential becomes Current and eligible dut",,,clinic-scoped-unless-stated,,operational,,,,,FUNCTIONALLY-COMPLETE,FUNCTIONALLY-COMPLETE,FUNCTIONALLY-COMPLETE,OWNER-ACCEPTED,NOT-STARTED,ADOPTED-AS-IS,Expanded,P2,docs/architecture/prototype-parity/,M04 people master-detail
brdflow_7b6fb90b193f,public/pulse-html-prototype.html,"{""file"": ""public/pulse-html-prototype.html"", ""startOffset"": 504373, ""endOffset"": 629806, ""startLine"": 2870, ""endLine"": 2870}",brd,M04,People,/staff-doctors,,Staff & Doctor Management,Workflow: Doctor Bank Detail Change and Verification,Doctor Bank Detail Change and Verification,,"Doctor or authorised finance user clicks Request Bank Detail > New details are entered and remain Pending Verification; app > The approved verification procedure is completed and evidenc > Where required, a second authorised approver confirms or rej > The effective date is set and the doctor receives confirmati > Doctor Pay displays a warning for pay runs affected by the c > Previous details remain restricted in effective-dated histor",,,clinic-scoped-unless-stated,,operational,,,,,FUNCTIONALLY-COMPLETE,FUNCTIONALLY-COMPLETE,FUNCTIONALLY-COMPLETE,OWNER-ACCEPTED,NOT-STARTED,ADOPTED-AS-IS,Expanded,P2,docs/architecture/prototype-parity/,M04 people master-detail
brdflow_e2ae7e11e509,public/pulse-html-prototype.html,"{""file"": ""public/pulse-html-prototype.html"", ""startOffset"": 504373, ""endOffset"": 629806, ""startLine"": 2870, ""endLine"": 2870}",brd,M04,People,/staff-doctors,,Staff & Doctor Management,Workflow: Workforce Data Access and Correction Request,Workforce Data Access and Correction Request,,"User opens self-service and submits an access or correction  > The request identifies the record/category and explains the  > Authorised owner reviews identity, scope, sensitivity and an > For access, permitted information is prepared and restricted > For correction, the source owner approves, rejects or reques > Approved correction updates the source record through normal > The user receives the outcome, reason and completion date. > The request closes with a retained response history.",,,clinic-scoped-unless-stated,,operational,,,,,FUNCTIONALLY-COMPLETE,FUNCTIONALLY-COMPLETE,FUNCTIONALLY-COMPLETE,OWNER-ACCEPTED,NOT-STARTED,ADOPTED-AS-IS,Expanded,P2,docs/architecture/prototype-parity/,M04 people master-detail
brdrule_17f777b76eb0,public/pulse-html-prototype.html,,brd,M04,People,/staff-doctors,,,Business rule,A person cannot become Active for roster or pay until mandatory fields are complete or an authorised temporary exception is recorded.,,,,,clinic-scoped-unless-stated,,operational,,,,,FUNCTIONALLY-COMPLETE,FUNCTIONALLY-COMPLETE,FUNCTIONALLY-COMPLETE,OWNER-ACCEPTED,NOT-STARTED,ADOPTED-AS-IS,BRD business rule,P2,docs/architecture/prototype-parity/,
brdrule_1732ad024717,public/pulse-html-prototype.html,,brd,M04,People,/staff-doctors,,,Business rule,Pay and contract settings are never overwritten; changes create a new effective-dated version.,,,,,clinic-scoped-unless-stated,,operational,,,,,FUNCTIONALLY-COMPLETE,FUNCTIONALLY-COMPLETE,FUNCTIONALLY-COMPLETE,OWNER-ACCEPTED,NOT-STARTED,ADOPTED-AS-IS,BRD business rule,P2,docs/architecture/prototype-parity/,
brdrule_8af890522928,public/pulse-html-prototype.html,,brd,M04,People,/staff-doctors,,,Business rule,Mandatory documents differ by role and clinic responsibility.,,,,,clinic-scoped-unless-stated,,operational,,,,,FUNCTIONALLY-COMPLETE,FUNCTIONALLY-COMPLETE,FUNCTIONALLY-COMPLETE,OWNER-ACCEPTED,NOT-STARTED,ADOPTED-AS-IS,BRD business rule,P2,docs/architecture/prototype-parity/,
brdrule_b9de11848f60,public/pulse-html-prototype.html,,brd,M04,People,/staff-doctors,,,Business rule,Leave and away days must feed roster warnings and coverage planning.,,,,,clinic-scoped-unless-stated,,operational,,,,,FUNCTIONALLY-COMPLETE,FUNCTIONALLY-COMPLETE,FUNCTIONALLY-COMPLETE,OWNER-ACCEPTED,NOT-STARTED,ADOPTED-AS-IS,BRD business rule,P2,docs/architecture/prototype-parity/,
brdrule_149fa6e30ba0,public/pulse-html-prototype.html,,brd,M04,People,/staff-doctors,,,Business rule,Suspension or termination triggers reassignment and access-removal actions.,,,,,clinic-scoped-unless-stated,,operational,,,,,FUNCTIONALLY-COMPLETE,FUNCTIONALLY-COMPLETE,FUNCTIONALLY-COMPLETE,OWNER-ACCEPTED,NOT-STARTED,ADOPTED-AS-IS,BRD business rule,P2,docs/architecture/prototype-parity/,
brdrule_e341145bcf23,public/pulse-html-prototype.html,,brd,M04,People,/staff-doctors,,,Business rule,"Sensitive HR, bank and contract information is restricted to authorised roles.",,,,,clinic-scoped-unless-stated,,operational,,,,,FUNCTIONALLY-COMPLETE,FUNCTIONALLY-COMPLETE,FUNCTIONALLY-COMPLETE,OWNER-ACCEPTED,NOT-STARTED,ADOPTED-AS-IS,BRD business rule,P2,docs/architecture/prototype-parity/,
brdvis_0f55854d3d01,public/pulse-html-prototype.html,,brd,M04,People,/staff-doctors,,,Visual requirement,"Profile header with readiness score, employment/contract status, default clinic and critical expiry badges.",,,,,clinic-scoped-unless-stated,,operational,,,,,FUNCTIONALLY-COMPLETE,FUNCTIONALLY-COMPLETE,FUNCTIONALLY-COMPLETE,OWNER-ACCEPTED,NOT-STARTED,ADOPTED-AS-IS,BRD visual requirement; final PNG prevails where image exists,P2,docs/architecture/prototype-parity/,M04 people master-detail
brdvis_dbf2f89c6694,public/pulse-html-prototype.html,,brd,M04,People,/staff-doctors,,,Visual requirement,"Add Staff / Add Doctor multi-step wizard: Basic, Contact, Emergency, Employment/Contract, Locations, Pay Profile, Documents, Preferences and Review.",,,,,clinic-scoped-unless-stated,,operational,,,,,FUNCTIONALLY-COMPLETE,FUNCTIONALLY-COMPLETE,FUNCTIONALLY-COMPLETE,OWNER-ACCEPTED,NOT-STARTED,ADOPTED-AS-IS,BRD visual requirement; final PNG prevails where image exists,P2,docs/architecture/prototype-parity/,M04 people master-detail
brdvis_060dd198bd24,public/pulse-html-prototype.html,,brd,M04,People,/staff-doctors,,,Visual requirement,"Effective-dated history for rates, classifications, contract terms, GST status and bank detail changes.",,,,,clinic-scoped-unless-stated,,operational,,,,,FUNCTIONALLY-COMPLETE,FUNCTIONALLY-COMPLETE,FUNCTIONALLY-COMPLETE,OWNER-ACCEPTED,NOT-STARTED,ADOPTED-AS-IS,BRD visual requirement; final PNG prevails where image exists,P2,docs/architecture/prototype-parity/,M04 people master-detail
brdvis_539871e90746,public/pulse-html-prototype.html,,brd,M04,People,/staff-doctors,,,Visual requirement,Document expiry calendar and missing-document checklist by role.,,,,,clinic-scoped-unless-stated,,operational,,,,,FUNCTIONALLY-COMPLETE,FUNCTIONALLY-COMPLETE,FUNCTIONALLY-COMPLETE,OWNER-ACCEPTED,NOT-STARTED,ADOPTED-AS-IS,BRD visual requirement; final PNG prevails where image exists,P2,docs/architecture/prototype-parity/,M04 people master-detail
brdvis_77647424903e,public/pulse-html-prototype.html,,brd,M04,People,/staff-doctors,,,Visual requirement,Onboarding/offboarding progress panel with owner and due date for each action.,,,,,clinic-scoped-unless-stated,,operational,,,,,FUNCTIONALLY-COMPLETE,FUNCTIONALLY-COMPLETE,FUNCTIONALLY-COMPLETE,OWNER-ACCEPTED,NOT-STARTED,ADOPTED-AS-IS,BRD visual requirement; final PNG prevails where image exists,P2,docs/architecture/prototype-parity/,M04 people master-detail
brdout_d95c2c8b3d03,public/pulse-html-prototype.html,,brd,M04,People,/staff-doctors,,,Output/measure,Staff and doctor master lists,,,,,clinic-scoped-unless-stated,,operational,,,,,FUNCTIONALLY-COMPLETE,FUNCTIONALLY-COMPLETE,FUNCTIONALLY-COMPLETE,OWNER-ACCEPTED,NOT-STARTED,ADOPTED-AS-IS,BRD output/measure,P2,docs/architecture/prototype-parity/,
brdout_b0723b62a216,public/pulse-html-prototype.html,,brd,M04,People,/staff-doctors,,,Output/measure,Workforce readiness dashboard,,,,,clinic-scoped-unless-stated,,operational,,,,,FUNCTIONALLY-COMPLETE,FUNCTIONALLY-COMPLETE,FUNCTIONALLY-COMPLETE,OWNER-ACCEPTED,NOT-STARTED,ADOPTED-AS-IS,BRD output/measure,P2,docs/architecture/prototype-parity/,
brdout_7b783045047c,public/pulse-html-prototype.html,,brd,M04,People,/staff-doctors,,,Output/measure,Document and credential expiry report,,,,,clinic-scoped-unless-stated,,operational,,,,,FUNCTIONALLY-COMPLETE,FUNCTIONALLY-COMPLETE,FUNCTIONALLY-COMPLETE,OWNER-ACCEPTED,NOT-STARTED,ADOPTED-AS-IS,BRD output/measure,P2,docs/architecture/prototype-parity/,
brdout_78e1240fd37c,public/pulse-html-prototype.html,,brd,M04,People,/staff-doctors,,,Output/measure,Leave and away-day calendar,,,,,clinic-scoped-unless-stated,,operational,,,,,FUNCTIONALLY-COMPLETE,FUNCTIONALLY-COMPLETE,FUNCTIONALLY-COMPLETE,OWNER-ACCEPTED,NOT-STARTED,ADOPTED-AS-IS,BRD output/measure,P2,docs/architecture/prototype-parity/,
brdout_d3249a487b8f,public/pulse-html-prototype.html,,brd,M04,People,/staff-doctors,,,Output/measure,Award/classification mapping report,,,,,clinic-scoped-unless-stated,,operational,,,,,FUNCTIONALLY-COMPLETE,FUNCTIONALLY-COMPLETE,FUNCTIONALLY-COMPLETE,OWNER-ACCEPTED,NOT-STARTED,ADOPTED-AS-IS,BRD output/measure,P2,docs/architecture/prototype-parity/,
brdout_09a059a0659f,public/pulse-html-prototype.html,,brd,M04,People,/staff-doctors,,,Output/measure,Onboarding and offboarding status report,,,,,clinic-scoped-unless-stated,,operational,,,,,FUNCTIONALLY-COMPLETE,FUNCTIONALLY-COMPLETE,FUNCTIONALLY-COMPLETE,OWNER-ACCEPTED,NOT-STARTED,ADOPTED-AS-IS,BRD output/measure,P2,docs/architecture/prototype-parity/,
brdout_9dd22d108679,public/pulse-html-prototype.html,,brd,M04,People,/staff-doctors,,,Output/measure,Measure: active profiles fully ready,,,,,clinic-scoped-unless-stated,,operational,,,,,FUNCTIONALLY-COMPLETE,FUNCTIONALLY-COMPLETE,FUNCTIONALLY-COMPLETE,OWNER-ACCEPTED,NOT-STARTED,ADOPTED-AS-IS,BRD output/measure,P2,docs/architecture/prototype-parity/,
brdout_ff919569d522,public/pulse-html-prototype.html,,brd,M04,People,/staff-doctors,,,Output/measure,Measure: expired mandatory evidence,,,,,clinic-scoped-unless-stated,,operational,,,,,FUNCTIONALLY-COMPLETE,FUNCTIONALLY-COMPLETE,FUNCTIONALLY-COMPLETE,OWNER-ACCEPTED,NOT-STARTED,ADOPTED-AS-IS,BRD output/measure,P2,docs/architecture/prototype-parity/,
brdmod_f5b4f4ce14f4,public/pulse-html-prototype.html,"{""file"": ""public/pulse-html-prototype.html"", ""startOffset"": 504373, ""endOffset"": 629806, ""startLine"": 2870, ""endLine"": 2870}",brd,M05,Roster,/roster,,Roster & Shift Management,BRD module M05: Roster & Shift Management,"Plan and publish staffing coverage across clinics while preventing cross-location conflicts, leave clashes, missing role coverage, avoidable overtime and unclear opening/closing responsibilities.",,,,"Practice Managers, Operations Managers, Reception and Nursing Leads, Staff self-service users",clinic-scoped-unless-stated,"Rosters, shifts, coverage, publication",operational,,src/modules/m05-*/ + module-register,,,FUNCTIONALLY-COMPLETE,FUNCTIONALLY-COMPLETE,FUNCTIONALLY-COMPLETE,OWNER-ACCEPTED,NOT-STARTED,ADOPTED-AS-IS,Deep/accepted within scope; match M05 final image,P2,docs/architecture/prototype-parity/,M05 board/matrix
brdtab_b6887bc698a1,public/pulse-html-prototype.html,"{""file"": ""public/pulse-html-prototype.html"", ""startOffset"": 504373, ""endOffset"": 629806, ""startLine"": 2870, ""endLine"": 2870}",brd,M05,Roster,/roster,"/roster?section=Week View — Primary drag-and-drop roster by clinic, role or staff member.","Week View — Primary drag-and-drop roster by clinic, role or staff member.","Tab: Week View — Primary drag-and-drop roster by clinic, role or staff member.","Plan and publish staffing coverage across clinics while preventing cross-location conflicts, leave clashes, missing role coverage, avoidable overtime and unclear opening/closing responsibilities.","Week View — Primary drag-and-drop roster by clinic, role or staff member.",,,,clinic-scoped-unless-stated,,operational,,,,,FUNCTIONALLY-COMPLETE,FUNCTIONALLY-COMPLETE,FUNCTIONALLY-COMPLETE,OWNER-ACCEPTED,NOT-STARTED,ADOPTED-AS-IS,BRD tab retained in canonical screen register,P2,docs/architecture/prototype-parity/,M05 board/matrix
brdtab_222480819a34,public/pulse-html-prototype.html,"{""file"": ""public/pulse-html-prototype.html"", ""startOffset"": 504373, ""endOffset"": 629806, ""startLine"": 2870, ""endLine"": 2870}",brd,M05,Roster,/roster,/roster?section=Coverage — Heat map of staffing and role gaps by time of day.,Coverage — Heat map of staffing and role gaps by time of day.,Tab: Coverage — Heat map of staffing and role gaps by time of day.,"Plan and publish staffing coverage across clinics while preventing cross-location conflicts, leave clashes, missing role coverage, avoidable overtime and unclear opening/closing responsibilities.",Coverage — Heat map of staffing and role gaps by time of day.,,,,clinic-scoped-unless-stated,,operational,,,,,FUNCTIONALLY-COMPLETE,FUNCTIONALLY-COMPLETE,FUNCTIONALLY-COMPLETE,OWNER-ACCEPTED,NOT-STARTED,ADOPTED-AS-IS,BRD tab retained in canonical screen register,P2,docs/architecture/prototype-parity/,M05 board/matrix
brdtab_09faa4719051,public/pulse-html-prototype.html,"{""file"": ""public/pulse-html-prototype.html"", ""startOffset"": 504373, ""endOffset"": 629806, ""startLine"": 2870, ""endLine"": 2870}",brd,M05,Roster,/roster,"/roster?section=Availability — Normal patterns, exceptions, leave and away days.","Availability — Normal patterns, exceptions, leave and away days.","Tab: Availability — Normal patterns, exceptions, leave and away days.","Plan and publish staffing coverage across clinics while preventing cross-location conflicts, leave clashes, missing role coverage, avoidable overtime and unclear opening/closing responsibilities.","Availability — Normal patterns, exceptions, leave and away days.",,,,clinic-scoped-unless-stated,,operational,,,,,FUNCTIONALLY-COMPLETE,FUNCTIONALLY-COMPLETE,FUNCTIONALLY-COMPLETE,OWNER-ACCEPTED,NOT-STARTED,ADOPTED-AS-IS,BRD tab retained in canonical screen register,P2,docs/architecture/prototype-parity/,M05 board/matrix
brdtab_b31d9fab5a48,public/pulse-html-prototype.html,"{""file"": ""public/pulse-html-prototype.html"", ""startOffset"": 504373, ""endOffset"": 629806, ""startLine"": 2870, ""endLine"": 2870}",brd,M05,Roster,/roster,"/roster?section=Shift Requests — Swap, release and change requests awaiting review.","Shift Requests — Swap, release and change requests awaiting review.","Tab: Shift Requests — Swap, release and change requests awaiting review.","Plan and publish staffing coverage across clinics while preventing cross-location conflicts, leave clashes, missing role coverage, avoidable overtime and unclear opening/closing responsibilities.","Shift Requests — Swap, release and change requests awaiting review.",,,,clinic-scoped-unless-stated,,operational,,,,,FUNCTIONALLY-COMPLETE,FUNCTIONALLY-COMPLETE,FUNCTIONALLY-COMPLETE,OWNER-ACCEPTED,NOT-STARTED,ADOPTED-AS-IS,BRD tab retained in canonical screen register,P2,docs/architecture/prototype-parity/,M05 board/matrix
brdtab_6178836a3bb7,public/pulse-html-prototype.html,"{""file"": ""public/pulse-html-prototype.html"", ""startOffset"": 504373, ""endOffset"": 629806, ""startLine"": 2870, ""endLine"": 2870}",brd,M05,Roster,/roster,/roster?section=Open Shifts — Unfilled and urgent shifts offered to eligible staff across one or more clinics.,Open Shifts — Unfilled and urgent shifts offered to eligible staff across one or more clinics.,Tab: Open Shifts — Unfilled and urgent shifts offered to eligible staff across one or more clinics.,"Plan and publish staffing coverage across clinics while preventing cross-location conflicts, leave clashes, missing role coverage, avoidable overtime and unclear opening/closing responsibilities.",Open Shifts — Unfilled and urgent shifts offered to eligible staff across one or more clinics.,,,,clinic-scoped-unless-stated,,operational,,,,,FUNCTIONALLY-COMPLETE,FUNCTIONALLY-COMPLETE,FUNCTIONALLY-COMPLETE,OWNER-ACCEPTED,NOT-STARTED,ADOPTED-AS-IS,BRD tab retained in canonical screen register,P2,docs/architecture/prototype-parity/,M05 board/matrix
brdtab_ef5839c79fba,public/pulse-html-prototype.html,"{""file"": ""public/pulse-html-prototype.html"", ""startOffset"": 504373, ""endOffset"": 629806, ""startLine"": 2870, ""endLine"": 2870}",brd,M05,Roster,/roster,"/roster?section=Published History — Versions, change reasons and notification status.","Published History — Versions, change reasons and notification status.","Tab: Published History — Versions, change reasons and notification status.","Plan and publish staffing coverage across clinics while preventing cross-location conflicts, leave clashes, missing role coverage, avoidable overtime and unclear opening/closing responsibilities.","Published History — Versions, change reasons and notification status.",,,,clinic-scoped-unless-stated,,operational,,,,,FUNCTIONALLY-COMPLETE,FUNCTIONALLY-COMPLETE,FUNCTIONALLY-COMPLETE,OWNER-ACCEPTED,NOT-STARTED,ADOPTED-AS-IS,BRD tab retained in canonical screen register,P2,docs/architecture/prototype-parity/,M05 board/matrix
brdtab_0931102c70b4,public/pulse-html-prototype.html,"{""file"": ""public/pulse-html-prototype.html"", ""startOffset"": 504373, ""endOffset"": 629806, ""startLine"": 2870, ""endLine"": 2870}",brd,M05,Roster,/roster,"/roster?section=Roster Reports — Hours forecast, duties, conflicts and publication history.","Roster Reports — Hours forecast, duties, conflicts and publication history.","Tab: Roster Reports — Hours forecast, duties, conflicts and publication history.","Plan and publish staffing coverage across clinics while preventing cross-location conflicts, leave clashes, missing role coverage, avoidable overtime and unclear opening/closing responsibilities.","Roster Reports — Hours forecast, duties, conflicts and publication history.",,,,clinic-scoped-unless-stated,,operational,,,,,FUNCTIONALLY-COMPLETE,FUNCTIONALLY-COMPLETE,FUNCTIONALLY-COMPLETE,OWNER-ACCEPTED,NOT-STARTED,ADOPTED-AS-IS,BRD tab retained in canonical screen register,P2,docs/architecture/prototype-parity/,M05 board/matrix
brdbtn_874808c77339,public/pulse-html-prototype.html,"{""file"": ""public/pulse-html-prototype.html"", ""startOffset"": 504373, ""endOffset"": 629806, ""startLine"": 2870, ""endLine"": 2870}",brd,M05,Roster,/roster,,Roster & Shift Management,Named action: Add Shift,"Plan and publish staffing coverage across clinics while preventing cross-location conflicts, leave clashes, missing role coverage, avoidable overtime and unclear opening/closing responsibilities.",Add Shift,service-backed transition required for final claim,,,clinic-scoped-unless-stated,,operational,,,,,FUNCTIONALLY-COMPLETE,FUNCTIONALLY-COMPLETE,FUNCTIONALLY-COMPLETE,OWNER-ACCEPTED,NOT-STARTED,ADOPTED-AS-IS,"Named BRD button must map to real action, planned service-backed action, or owner decision",P2,docs/architecture/prototype-parity/,M05 board/matrix
brdbtn_3075176451f0,public/pulse-html-prototype.html,"{""file"": ""public/pulse-html-prototype.html"", ""startOffset"": 504373, ""endOffset"": 629806, ""startLine"": 2870, ""endLine"": 2870}",brd,M05,Roster,/roster,,Roster & Shift Management,Named action: Copy Previous Week,"Plan and publish staffing coverage across clinics while preventing cross-location conflicts, leave clashes, missing role coverage, avoidable overtime and unclear opening/closing responsibilities.",Copy Previous Week,service-backed transition required for final claim,,,clinic-scoped-unless-stated,,operational,,,,,FUNCTIONALLY-COMPLETE,FUNCTIONALLY-COMPLETE,FUNCTIONALLY-COMPLETE,OWNER-ACCEPTED,NOT-STARTED,ADOPTED-AS-IS,"Named BRD button must map to real action, planned service-backed action, or owner decision",P2,docs/architecture/prototype-parity/,M05 board/matrix
brdbtn_9ba9c0566ed1,public/pulse-html-prototype.html,"{""file"": ""public/pulse-html-prototype.html"", ""startOffset"": 504373, ""endOffset"": 629806, ""startLine"": 2870, ""endLine"": 2870}",brd,M05,Roster,/roster,,Roster & Shift Management,Named action: Apply Template,"Plan and publish staffing coverage across clinics while preventing cross-location conflicts, leave clashes, missing role coverage, avoidable overtime and unclear opening/closing responsibilities.",Apply Template,service-backed transition required for final claim,,,clinic-scoped-unless-stated,,operational,,,,,FUNCTIONALLY-COMPLETE,FUNCTIONALLY-COMPLETE,FUNCTIONALLY-COMPLETE,OWNER-ACCEPTED,NOT-STARTED,ADOPTED-AS-IS,"Named BRD button must map to real action, planned service-backed action, or owner decision",P2,docs/architecture/prototype-parity/,M05 board/matrix
brdbtn_2530c2a6ca0f,public/pulse-html-prototype.html,"{""file"": ""public/pulse-html-prototype.html"", ""startOffset"": 504373, ""endOffset"": 629806, ""startLine"": 2870, ""endLine"": 2870}",brd,M05,Roster,/roster,,Roster & Shift Management,Named action: Assign Staff,"Plan and publish staffing coverage across clinics while preventing cross-location conflicts, leave clashes, missing role coverage, avoidable overtime and unclear opening/closing responsibilities.",Assign Staff,service-backed transition required for final claim,,,clinic-scoped-unless-stated,,operational,,,,,FUNCTIONALLY-COMPLETE,FUNCTIONALLY-COMPLETE,FUNCTIONALLY-COMPLETE,OWNER-ACCEPTED,NOT-STARTED,ADOPTED-AS-IS,"Named BRD button must map to real action, planned service-backed action, or owner decision",P2,docs/architecture/prototype-parity/,M05 board/matrix
brdbtn_0badd026e935,public/pulse-html-prototype.html,"{""file"": ""public/pulse-html-prototype.html"", ""startOffset"": 504373, ""endOffset"": 629806, ""startLine"": 2870, ""endLine"": 2870}",brd,M05,Roster,/roster,,Roster & Shift Management,Named action: Mark Opening / Closing,"Plan and publish staffing coverage across clinics while preventing cross-location conflicts, leave clashes, missing role coverage, avoidable overtime and unclear opening/closing responsibilities.",Mark Opening / Closing,service-backed transition required for final claim,,,clinic-scoped-unless-stated,,operational,,,,,FUNCTIONALLY-COMPLETE,FUNCTIONALLY-COMPLETE,FUNCTIONALLY-COMPLETE,OWNER-ACCEPTED,NOT-STARTED,ADOPTED-AS-IS,"Named BRD button must map to real action, planned service-backed action, or owner decision",P2,docs/architecture/prototype-parity/,M05 board/matrix
brdbtn_b86ec02ae1e8,public/pulse-html-prototype.html,"{""file"": ""public/pulse-html-prototype.html"", ""startOffset"": 504373, ""endOffset"": 629806, ""startLine"": 2870, ""endLine"": 2870}",brd,M05,Roster,/roster,,Roster & Shift Management,Named action: Save Draft,"Plan and publish staffing coverage across clinics while preventing cross-location conflicts, leave clashes, missing role coverage, avoidable overtime and unclear opening/closing responsibilities.",Save Draft,service-backed transition required for final claim,,,clinic-scoped-unless-stated,,operational,,,,,FUNCTIONALLY-COMPLETE,FUNCTIONALLY-COMPLETE,FUNCTIONALLY-COMPLETE,OWNER-ACCEPTED,NOT-STARTED,ADOPTED-AS-IS,"Named BRD button must map to real action, planned service-backed action, or owner decision",P2,docs/architecture/prototype-parity/,M05 board/matrix
brdbtn_543c66362428,public/pulse-html-prototype.html,"{""file"": ""public/pulse-html-prototype.html"", ""startOffset"": 504373, ""endOffset"": 629806, ""startLine"": 2870, ""endLine"": 2870}",brd,M05,Roster,/roster,,Roster & Shift Management,Named action: Validate Roster,"Plan and publish staffing coverage across clinics while preventing cross-location conflicts, leave clashes, missing role coverage, avoidable overtime and unclear opening/closing responsibilities.",Validate Roster,service-backed transition required for final claim,,,clinic-scoped-unless-stated,,operational,,,,,FUNCTIONALLY-COMPLETE,FUNCTIONALLY-COMPLETE,FUNCTIONALLY-COMPLETE,OWNER-ACCEPTED,NOT-STARTED,ADOPTED-AS-IS,"Named BRD button must map to real action, planned service-backed action, or owner decision",P2,docs/architecture/prototype-parity/,M05 board/matrix
brdbtn_db26b1218ca7,public/pulse-html-prototype.html,"{""file"": ""public/pulse-html-prototype.html"", ""startOffset"": 504373, ""endOffset"": 629806, ""startLine"": 2870, ""endLine"": 2870}",brd,M05,Roster,/roster,,Roster & Shift Management,Named action: Publish,"Plan and publish staffing coverage across clinics while preventing cross-location conflicts, leave clashes, missing role coverage, avoidable overtime and unclear opening/closing responsibilities.",Publish,service-backed transition required for final claim,,,clinic-scoped-unless-stated,,operational,,,,,FUNCTIONALLY-COMPLETE,FUNCTIONALLY-COMPLETE,FUNCTIONALLY-COMPLETE,OWNER-ACCEPTED,NOT-STARTED,ADOPTED-AS-IS,"Named BRD button must map to real action, planned service-backed action, or owner decision",P2,docs/architecture/prototype-parity/,M05 board/matrix
brdbtn_b5ea43626945,public/pulse-html-prototype.html,"{""file"": ""public/pulse-html-prototype.html"", ""startOffset"": 504373, ""endOffset"": 629806, ""startLine"": 2870, ""endLine"": 2870}",brd,M05,Roster,/roster,,Roster & Shift Management,Named action: Request Swap,"Plan and publish staffing coverage across clinics while preventing cross-location conflicts, leave clashes, missing role coverage, avoidable overtime and unclear opening/closing responsibilities.",Request Swap,service-backed transition required for final claim,,,clinic-scoped-unless-stated,,operational,,,,,FUNCTIONALLY-COMPLETE,FUNCTIONALLY-COMPLETE,FUNCTIONALLY-COMPLETE,OWNER-ACCEPTED,NOT-STARTED,ADOPTED-AS-IS,"Named BRD button must map to real action, planned service-backed action, or owner decision",P2,docs/architecture/prototype-parity/,M05 board/matrix
brdbtn_86bf5d9826fb,public/pulse-html-prototype.html,"{""file"": ""public/pulse-html-prototype.html"", ""startOffset"": 504373, ""endOffset"": 629806, ""startLine"": 2870, ""endLine"": 2870}",brd,M05,Roster,/roster,,Roster & Shift Management,Named action: Approve Change,"Plan and publish staffing coverage across clinics while preventing cross-location conflicts, leave clashes, missing role coverage, avoidable overtime and unclear opening/closing responsibilities.",Approve Change,service-backed transition required for final claim,,,clinic-scoped-unless-stated,,operational,,,,,FUNCTIONALLY-COMPLETE,FUNCTIONALLY-COMPLETE,FUNCTIONALLY-COMPLETE,OWNER-ACCEPTED,NOT-STARTED,ADOPTED-AS-IS,"Named BRD button must map to real action, planned service-backed action, or owner decision",P2,docs/architecture/prototype-parity/,M05 board/matrix
brdbtn_ff520d83d7d7,public/pulse-html-prototype.html,"{""file"": ""public/pulse-html-prototype.html"", ""startOffset"": 504373, ""endOffset"": 629806, ""startLine"": 2870, ""endLine"": 2870}",brd,M05,Roster,/roster,,Roster & Shift Management,Named action: Emergency Change,"Plan and publish staffing coverage across clinics while preventing cross-location conflicts, leave clashes, missing role coverage, avoidable overtime and unclear opening/closing responsibilities.",Emergency Change,service-backed transition required for final claim,,,clinic-scoped-unless-stated,,operational,,,,,FUNCTIONALLY-COMPLETE,FUNCTIONALLY-COMPLETE,FUNCTIONALLY-COMPLETE,OWNER-ACCEPTED,NOT-STARTED,ADOPTED-AS-IS,"Named BRD button must map to real action, planned service-backed action, or owner decision",P2,docs/architecture/prototype-parity/,M05 board/matrix
brdbtn_b3afe16e9fef,public/pulse-html-prototype.html,"{""file"": ""public/pulse-html-prototype.html"", ""startOffset"": 504373, ""endOffset"": 629806, ""startLine"": 2870, ""endLine"": 2870}",brd,M05,Roster,/roster,,Roster & Shift Management,Named action: Create Open Shift,"Plan and publish staffing coverage across clinics while preventing cross-location conflicts, leave clashes, missing role coverage, avoidable overtime and unclear opening/closing responsibilities.",Create Open Shift,service-backed transition required for final claim,,,clinic-scoped-unless-stated,,operational,,,,,FUNCTIONALLY-COMPLETE,FUNCTIONALLY-COMPLETE,FUNCTIONALLY-COMPLETE,OWNER-ACCEPTED,NOT-STARTED,ADOPTED-AS-IS,"Named BRD button must map to real action, planned service-backed action, or owner decision",P2,docs/architecture/prototype-parity/,M05 board/matrix
brdbtn_eacda48bd5f3,public/pulse-html-prototype.html,"{""file"": ""public/pulse-html-prototype.html"", ""startOffset"": 504373, ""endOffset"": 629806, ""startLine"": 2870, ""endLine"": 2870}",brd,M05,Roster,/roster,,Roster & Shift Management,Named action: Send Coverage Offer,"Plan and publish staffing coverage across clinics while preventing cross-location conflicts, leave clashes, missing role coverage, avoidable overtime and unclear opening/closing responsibilities.",Send Coverage Offer,service-backed transition required for final claim,,,clinic-scoped-unless-stated,,operational,,,,,FUNCTIONALLY-COMPLETE,FUNCTIONALLY-COMPLETE,FUNCTIONALLY-COMPLETE,OWNER-ACCEPTED,NOT-STARTED,ADOPTED-AS-IS,"Named BRD button must map to real action, planned service-backed action, or owner decision",P2,docs/architecture/prototype-parity/,M05 board/matrix
brdbtn_5551bb148f26,public/pulse-html-prototype.html,"{""file"": ""public/pulse-html-prototype.html"", ""startOffset"": 504373, ""endOffset"": 629806, ""startLine"": 2870, ""endLine"": 2870}",brd,M05,Roster,/roster,,Roster & Shift Management,Named action: Assign Accepted Offer,"Plan and publish staffing coverage across clinics while preventing cross-location conflicts, leave clashes, missing role coverage, avoidable overtime and unclear opening/closing responsibilities.",Assign Accepted Offer,service-backed transition required for final claim,,,clinic-scoped-unless-stated,,operational,,,,,FUNCTIONALLY-COMPLETE,FUNCTIONALLY-COMPLETE,FUNCTIONALLY-COMPLETE,OWNER-ACCEPTED,NOT-STARTED,ADOPTED-AS-IS,"Named BRD button must map to real action, planned service-backed action, or owner decision",P2,docs/architecture/prototype-parity/,M05 board/matrix
brdbtn_e2a431afedde,public/pulse-html-prototype.html,"{""file"": ""public/pulse-html-prototype.html"", ""startOffset"": 504373, ""endOffset"": 629806, ""startLine"": 2870, ""endLine"": 2870}",brd,M05,Roster,/roster,,Roster & Shift Management,Named action: Print / Export,"Plan and publish staffing coverage across clinics while preventing cross-location conflicts, leave clashes, missing role coverage, avoidable overtime and unclear opening/closing responsibilities.",Print / Export,service-backed transition required for final claim,,,clinic-scoped-unless-stated,,operational,,,,,FUNCTIONALLY-COMPLETE,FUNCTIONALLY-COMPLETE,FUNCTIONALLY-COMPLETE,OWNER-ACCEPTED,NOT-STARTED,ADOPTED-AS-IS,"Named BRD button must map to real action, planned service-backed action, or owner decision",P2,docs/architecture/prototype-parity/,M05 board/matrix
brdflow_8e69ef801842,public/pulse-html-prototype.html,"{""file"": ""public/pulse-html-prototype.html"", ""startOffset"": 504373, ""endOffset"": 629806, ""startLine"": 2870, ""endLine"": 2870}",brd,M05,Roster,/roster,,Roster & Shift Management,Workflow: Build and publish roster,Build and publish roster,,"Manager opens Week View and selects clinic, week and role vi > Manager copies a prior week or starts from a template. > Shifts are added or adjusted and staff are assigned from an  > Manager clicks Validate Roster; blocking issues and warnings > Manager resolves gaps or records authorised overrides. > Manager clicks Publish, confirms notification recipients and",,,clinic-scoped-unless-stated,,operational,,,,,FUNCTIONALLY-COMPLETE,FUNCTIONALLY-COMPLETE,FUNCTIONALLY-COMPLETE,OWNER-ACCEPTED,NOT-STARTED,ADOPTED-AS-IS,Core,P2,docs/architecture/prototype-parity/,M05 board/matrix
brdflow_5be5b53918b3,public/pulse-html-prototype.html,"{""file"": ""public/pulse-html-prototype.html"", ""startOffset"": 504373, ""endOffset"": 629806, ""startLine"": 2870, ""endLine"": 2870}",brd,M05,Roster,/roster,,Roster & Shift Management,Workflow: Staff shift-swap request,Staff shift-swap request,,"Staff member opens My Roster, selects a shift and clicks Req > The request drawer shows eligible replacement staff and the  > Staff member selects a proposed replacement, adds reason and > Replacement acceptance is captured where required, then the  > On approval, the published roster changes, duties transfer a",,,clinic-scoped-unless-stated,,operational,,,,,FUNCTIONALLY-COMPLETE,FUNCTIONALLY-COMPLETE,FUNCTIONALLY-COMPLETE,OWNER-ACCEPTED,NOT-STARTED,ADOPTED-AS-IS,Core,P2,docs/architecture/prototype-parity/,M05 board/matrix
brdflow_af7d584227da,public/pulse-html-prototype.html,"{""file"": ""public/pulse-html-prototype.html"", ""startOffset"": 504373, ""endOffset"": 629806, ""startLine"": 2870, ""endLine"": 2870}",brd,M05,Roster,/roster,,Roster & Shift Management,Workflow: Emergency roster change,Emergency roster change,,"Manager clicks Emergency Change on the affected shift. > The modal requires emergency reason, replacement, timing and > The page shows conflicts, hours and duty impact but permits  > Manager confirms; notifications are sent immediately. > The change is tagged Emergency and appears in the stability ",,,clinic-scoped-unless-stated,,operational,,,,,FUNCTIONALLY-COMPLETE,FUNCTIONALLY-COMPLETE,FUNCTIONALLY-COMPLETE,OWNER-ACCEPTED,NOT-STARTED,ADOPTED-AS-IS,Core,P2,docs/architecture/prototype-parity/,M05 board/matrix
brdflow_86837779bf72,public/pulse-html-prototype.html,"{""file"": ""public/pulse-html-prototype.html"", ""startOffset"": 504373, ""endOffset"": 629806, ""startLine"": 2870, ""endLine"": 2870}",brd,M05,Roster,/roster,,Roster & Shift Management,Workflow: Open Shift and Urgent Coverage Broadcast,Open Shift and Urgent Coverage Broadcast,,"Manager selects an uncovered shift and clicks Create Open Sh > Eligible staff are filtered using role, clinic access, avail > Manager selects the offer audience and response deadline. > Eligible staff receive the offer and choose Accept or Declin > If multiple staff accept, the manager reviews suitability an > Roster validation checks conflicts, hours and transferred du > The manager confirms the assignment; the roster and opening/",,,clinic-scoped-unless-stated,,operational,,,,,FUNCTIONALLY-COMPLETE,FUNCTIONALLY-COMPLETE,FUNCTIONALLY-COMPLETE,OWNER-ACCEPTED,NOT-STARTED,ADOPTED-AS-IS,Expanded,P2,docs/architecture/prototype-parity/,M05 board/matrix
brdrule_e9cfb73a3173,public/pulse-html-prototype.html,,brd,M05,Roster,/roster,,,Business rule,Cross-location double booking must be blocked or require authorised override with reason.,,,,,clinic-scoped-unless-stated,,operational,,,,,FUNCTIONALLY-COMPLETE,FUNCTIONALLY-COMPLETE,FUNCTIONALLY-COMPLETE,OWNER-ACCEPTED,NOT-STARTED,ADOPTED-AS-IS,BRD business rule,P2,docs/architecture/prototype-parity/,
brdrule_986d2c342c2c,public/pulse-html-prototype.html,,brd,M05,Roster,/roster,,,Business rule,"Published roster changes record who, what, why, when and who was notified.",,,,,clinic-scoped-unless-stated,,operational,,,,,FUNCTIONALLY-COMPLETE,FUNCTIONALLY-COMPLETE,FUNCTIONALLY-COMPLETE,OWNER-ACCEPTED,NOT-STARTED,ADOPTED-AS-IS,BRD business rule,P2,docs/architecture/prototype-parity/,
brdrule_2f366591ca1f,public/pulse-html-prototype.html,,brd,M05,Roster,/roster,,,Business rule,"Opening, closing and role-specific checklist ownership follows the approved shift holder.",,,,,clinic-scoped-unless-stated,,operational,,,,,FUNCTIONALLY-COMPLETE,FUNCTIONALLY-COMPLETE,FUNCTIONALLY-COMPLETE,OWNER-ACCEPTED,NOT-STARTED,ADOPTED-AS-IS,BRD business rule,P2,docs/architecture/prototype-parity/,
brdrule_7959431c91b5,public/pulse-html-prototype.html,,brd,M05,Roster,/roster,,,Business rule,"Leave, availability, training readiness and inactive status influence eligible staff selection.",,,,,clinic-scoped-unless-stated,,operational,,,,,FUNCTIONALLY-COMPLETE,FUNCTIONALLY-COMPLETE,FUNCTIONALLY-COMPLETE,OWNER-ACCEPTED,NOT-STARTED,ADOPTED-AS-IS,BRD business rule,P2,docs/architecture/prototype-parity/,
brdrule_3ab69e5201e3,public/pulse-html-prototype.html,,brd,M05,Roster,/roster,,,Business rule,"Roster forecasts show hours by week, pay period, staff and clinic before publication.",,,,,clinic-scoped-unless-stated,,operational,,,,,FUNCTIONALLY-COMPLETE,FUNCTIONALLY-COMPLETE,FUNCTIONALLY-COMPLETE,OWNER-ACCEPTED,NOT-STARTED,ADOPTED-AS-IS,BRD business rule,P2,docs/architecture/prototype-parity/,
brdvis_caebc140f963,public/pulse-html-prototype.html,,brd,M05,Roster,/roster,,,Visual requirement,"Dense weekly grid with clinic, role and staff views.",,,,,clinic-scoped-unless-stated,,operational,,,,,FUNCTIONALLY-COMPLETE,FUNCTIONALLY-COMPLETE,FUNCTIONALLY-COMPLETE,OWNER-ACCEPTED,NOT-STARTED,ADOPTED-AS-IS,BRD visual requirement; final PNG prevails where image exists,P2,docs/architecture/prototype-parity/,M05 board/matrix
brdvis_bf04acf1673b,public/pulse-html-prototype.html,,brd,M05,Roster,/roster,,,Visual requirement,"Coverage heat map and warning banner for gaps, double bookings, leave and excessive hours.",,,,,clinic-scoped-unless-stated,,operational,,,,,FUNCTIONALLY-COMPLETE,FUNCTIONALLY-COMPLETE,FUNCTIONALLY-COMPLETE,OWNER-ACCEPTED,NOT-STARTED,ADOPTED-AS-IS,BRD visual requirement; final PNG prevails where image exists,P2,docs/architecture/prototype-parity/,M05 board/matrix
brdvis_a188f30a8e46,public/pulse-html-prototype.html,,brd,M05,Roster,/roster,,,Visual requirement,"Shift card badges for opening, closing, role duty, break and status.",,,,,clinic-scoped-unless-stated,,operational,,,,,FUNCTIONALLY-COMPLETE,FUNCTIONALLY-COMPLETE,FUNCTIONALLY-COMPLETE,OWNER-ACCEPTED,NOT-STARTED,ADOPTED-AS-IS,BRD visual requirement; final PNG prevails where image exists,P2,docs/architecture/prototype-parity/,M05 board/matrix
brdvis_10a46e05083c,public/pulse-html-prototype.html,,brd,M05,Roster,/roster,,,Visual requirement,Pre-publication validation drawer listing blocking and warning items.,,,,,clinic-scoped-unless-stated,,operational,,,,,FUNCTIONALLY-COMPLETE,FUNCTIONALLY-COMPLETE,FUNCTIONALLY-COMPLETE,OWNER-ACCEPTED,NOT-STARTED,ADOPTED-AS-IS,BRD visual requirement; final PNG prevails where image exists,P2,docs/architecture/prototype-parity/,M05 board/matrix
brdvis_2cca19c0cbc3,public/pulse-html-prototype.html,,brd,M05,Roster,/roster,,,Visual requirement,Duty impact preview during shift change.,,,,,clinic-scoped-unless-stated,,operational,,,,,FUNCTIONALLY-COMPLETE,FUNCTIONALLY-COMPLETE,FUNCTIONALLY-COMPLETE,OWNER-ACCEPTED,NOT-STARTED,ADOPTED-AS-IS,BRD visual requirement; final PNG prevails where image exists,P2,docs/architecture/prototype-parity/,M05 board/matrix
brdout_91efd4038f04,public/pulse-html-prototype.html,,brd,M05,Roster,/roster,,,Output/measure,Published roster and printable roster,,,,,clinic-scoped-unless-stated,,operational,,,,,FUNCTIONALLY-COMPLETE,FUNCTIONALLY-COMPLETE,FUNCTIONALLY-COMPLETE,OWNER-ACCEPTED,NOT-STARTED,ADOPTED-AS-IS,BRD output/measure,P2,docs/architecture/prototype-parity/,
brdout_d264c1f8f947,public/pulse-html-prototype.html,,brd,M05,Roster,/roster,,,Output/measure,Coverage and conflict report,,,,,clinic-scoped-unless-stated,,operational,,,,,FUNCTIONALLY-COMPLETE,FUNCTIONALLY-COMPLETE,FUNCTIONALLY-COMPLETE,OWNER-ACCEPTED,NOT-STARTED,ADOPTED-AS-IS,BRD output/measure,P2,docs/architecture/prototype-parity/,
brdout_8eacb18dee67,public/pulse-html-prototype.html,,brd,M05,Roster,/roster,,,Output/measure,Rostered-hours forecast,,,,,clinic-scoped-unless-stated,,operational,,,,,FUNCTIONALLY-COMPLETE,FUNCTIONALLY-COMPLETE,FUNCTIONALLY-COMPLETE,OWNER-ACCEPTED,NOT-STARTED,ADOPTED-AS-IS,BRD output/measure,P2,docs/architecture/prototype-parity/,
brdout_306a3468c8a9,public/pulse-html-prototype.html,,brd,M05,Roster,/roster,,,Output/measure,Opening/closing duty report,,,,,clinic-scoped-unless-stated,,operational,,,,,FUNCTIONALLY-COMPLETE,FUNCTIONALLY-COMPLETE,FUNCTIONALLY-COMPLETE,OWNER-ACCEPTED,NOT-STARTED,ADOPTED-AS-IS,BRD output/measure,P2,docs/architecture/prototype-parity/,
brdout_fd0e87171262,public/pulse-html-prototype.html,,brd,M05,Roster,/roster,,,Output/measure,Shift change and emergency change register,,,,,clinic-scoped-unless-stated,,operational,,,,,FUNCTIONALLY-COMPLETE,FUNCTIONALLY-COMPLETE,FUNCTIONALLY-COMPLETE,OWNER-ACCEPTED,NOT-STARTED,ADOPTED-AS-IS,BRD output/measure,P2,docs/architecture/prototype-parity/,
brdout_d62dbe01ebc1,public/pulse-html-prototype.html,,brd,M05,Roster,/roster,,,Output/measure,Measure: roster published on time,,,,,clinic-scoped-unless-stated,,operational,,,,,FUNCTIONALLY-COMPLETE,FUNCTIONALLY-COMPLETE,FUNCTIONALLY-COMPLETE,OWNER-ACCEPTED,NOT-STARTED,ADOPTED-AS-IS,BRD output/measure,P2,docs/architecture/prototype-parity/,
brdout_8cdcd188f2cf,public/pulse-html-prototype.html,,brd,M05,Roster,/roster,,,Output/measure,Measure: unresolved coverage gaps at publication,,,,,clinic-scoped-unless-stated,,operational,,,,,FUNCTIONALLY-COMPLETE,FUNCTIONALLY-COMPLETE,FUNCTIONALLY-COMPLETE,OWNER-ACCEPTED,NOT-STARTED,ADOPTED-AS-IS,BRD output/measure,P2,docs/architecture/prototype-parity/,
brdmod_cf213b0ab9d6,public/pulse-html-prototype.html,"{""file"": ""public/pulse-html-prototype.html"", ""startOffset"": 504373, ""endOffset"": 629806, ""startLine"": 2870, ""endLine"": 2870}",brd,M06,Roster,/time-attendance,,Time & Attendance,BRD module M06: Time & Attendance,"Record actual work time against rostered shifts, manage breaks and missed punches, and create approved timesheets without confusing attendance records with checklist completion.",,,,"All rostered staff, Practice Managers, Operations Managers, Payroll Users",clinic-scoped-unless-stated,"Attendance, timesheets, approved publication to M07",operational,,src/modules/m06-*/ + module-register,,,FUNCTIONALLY-COMPLETE,FUNCTIONALLY-COMPLETE,FUNCTIONALLY-COMPLETE,OWNER-ACCEPTED,NOT-STARTED,ADOPTED-AS-IS,Deep/accepted within scope; match M06 final image,P2,docs/architecture/prototype-parity/,M06 live-operations
brdtab_6674af9b5e09,public/pulse-html-prototype.html,"{""file"": ""public/pulse-html-prototype.html"", ""startOffset"": 504373, ""endOffset"": 629806, ""startLine"": 2870, ""endLine"": 2870}",brd,M06,Roster,/time-attendance,"/time-attendance?section=Live Attendance — Who is expected, clocked in, late, on break or missing.","Live Attendance — Who is expected, clocked in, late, on break or missing.","Tab: Live Attendance — Who is expected, clocked in, late, on break or missing.","Record actual work time against rostered shifts, manage breaks and missed punches, and create approved timesheets without confusing attendance records with checklist completion.","Live Attendance — Who is expected, clocked in, late, on break or missing.",,,,clinic-scoped-unless-stated,,operational,,,,,FUNCTIONALLY-COMPLETE,FUNCTIONALLY-COMPLETE,FUNCTIONALLY-COMPLETE,OWNER-ACCEPTED,NOT-STARTED,ADOPTED-AS-IS,BRD tab retained in canonical screen register,P2,docs/architecture/prototype-parity/,M06 live-operations
brdtab_d1f4947987f2,public/pulse-html-prototype.html,"{""file"": ""public/pulse-html-prototype.html"", ""startOffset"": 504373, ""endOffset"": 629806, ""startLine"": 2870, ""endLine"": 2870}",brd,M06,Roster,/time-attendance,/time-attendance?section=My Clock — Staff clock-in/out and break actions.,My Clock — Staff clock-in/out and break actions.,Tab: My Clock — Staff clock-in/out and break actions.,"Record actual work time against rostered shifts, manage breaks and missed punches, and create approved timesheets without confusing attendance records with checklist completion.",My Clock — Staff clock-in/out and break actions.,,,,clinic-scoped-unless-stated,,operational,,,,,FUNCTIONALLY-COMPLETE,FUNCTIONALLY-COMPLETE,FUNCTIONALLY-COMPLETE,OWNER-ACCEPTED,NOT-STARTED,ADOPTED-AS-IS,BRD tab retained in canonical screen register,P2,docs/architecture/prototype-parity/,M06 live-operations
brdtab_b22e69f58b1c,public/pulse-html-prototype.html,"{""file"": ""public/pulse-html-prototype.html"", ""startOffset"": 504373, ""endOffset"": 629806, ""startLine"": 2870, ""endLine"": 2870}",brd,M06,Roster,/time-attendance,"/time-attendance?section=Exceptions — Missing, late, early, location, break and overtime exceptions.","Exceptions — Missing, late, early, location, break and overtime exceptions.","Tab: Exceptions — Missing, late, early, location, break and overtime exceptions.","Record actual work time against rostered shifts, manage breaks and missed punches, and create approved timesheets without confusing attendance records with checklist completion.","Exceptions — Missing, late, early, location, break and overtime exceptions.",,,,clinic-scoped-unless-stated,,operational,,,,,FUNCTIONALLY-COMPLETE,FUNCTIONALLY-COMPLETE,FUNCTIONALLY-COMPLETE,OWNER-ACCEPTED,NOT-STARTED,ADOPTED-AS-IS,BRD tab retained in canonical screen register,P2,docs/architecture/prototype-parity/,M06 live-operations
brdtab_4da6fb332cd8,public/pulse-html-prototype.html,"{""file"": ""public/pulse-html-prototype.html"", ""startOffset"": 504373, ""endOffset"": 629806, ""startLine"": 2870, ""endLine"": 2870}",brd,M06,Roster,/time-attendance,/time-attendance?section=Timesheets — Pay-period view of actual hours and approvals.,Timesheets — Pay-period view of actual hours and approvals.,Tab: Timesheets — Pay-period view of actual hours and approvals.,"Record actual work time against rostered shifts, manage breaks and missed punches, and create approved timesheets without confusing attendance records with checklist completion.",Timesheets — Pay-period view of actual hours and approvals.,,,,clinic-scoped-unless-stated,,operational,,,,,FUNCTIONALLY-COMPLETE,FUNCTIONALLY-COMPLETE,FUNCTIONALLY-COMPLETE,OWNER-ACCEPTED,NOT-STARTED,ADOPTED-AS-IS,BRD tab retained in canonical screen register,P2,docs/architecture/prototype-parity/,M06 live-operations
brdtab_a87f612939f0,public/pulse-html-prototype.html,"{""file"": ""public/pulse-html-prototype.html"", ""startOffset"": 504373, ""endOffset"": 629806, ""startLine"": 2870, ""endLine"": 2870}",brd,M06,Roster,/time-attendance,"/time-attendance?section=Approval History — Corrections, reasons, approvers and lock history.","Approval History — Corrections, reasons, approvers and lock history.","Tab: Approval History — Corrections, reasons, approvers and lock history.","Record actual work time against rostered shifts, manage breaks and missed punches, and create approved timesheets without confusing attendance records with checklist completion.","Approval History — Corrections, reasons, approvers and lock history.",,,,clinic-scoped-unless-stated,,operational,,,,,FUNCTIONALLY-COMPLETE,FUNCTIONALLY-COMPLETE,FUNCTIONALLY-COMPLETE,OWNER-ACCEPTED,NOT-STARTED,ADOPTED-AS-IS,BRD tab retained in canonical screen register,P2,docs/architecture/prototype-parity/,M06 live-operations
brdtab_1d479f6a9225,public/pulse-html-prototype.html,"{""file"": ""public/pulse-html-prototype.html"", ""startOffset"": 504373, ""endOffset"": 629806, ""startLine"": 2870, ""endLine"": 2870}",brd,M06,Roster,/time-attendance,/time-attendance?section=Reports — Attendance variance and exception trends.,Reports — Attendance variance and exception trends.,Tab: Reports — Attendance variance and exception trends.,"Record actual work time against rostered shifts, manage breaks and missed punches, and create approved timesheets without confusing attendance records with checklist completion.",Reports — Attendance variance and exception trends.,,,,clinic-scoped-unless-stated,,operational,,,,,FUNCTIONALLY-COMPLETE,FUNCTIONALLY-COMPLETE,FUNCTIONALLY-COMPLETE,OWNER-ACCEPTED,NOT-STARTED,ADOPTED-AS-IS,BRD tab retained in canonical screen register,P2,docs/architecture/prototype-parity/,M06 live-operations
brdbtn_6deadc12ce0d,public/pulse-html-prototype.html,"{""file"": ""public/pulse-html-prototype.html"", ""startOffset"": 504373, ""endOffset"": 629806, ""startLine"": 2870, ""endLine"": 2870}",brd,M06,Roster,/time-attendance,,Time & Attendance,Named action: Clock In,"Record actual work time against rostered shifts, manage breaks and missed punches, and create approved timesheets without confusing attendance records with checklist completion.",Clock In,service-backed transition required for final claim,,,clinic-scoped-unless-stated,,operational,,,,,FUNCTIONALLY-COMPLETE,FUNCTIONALLY-COMPLETE,FUNCTIONALLY-COMPLETE,OWNER-ACCEPTED,NOT-STARTED,ADOPTED-AS-IS,"Named BRD button must map to real action, planned service-backed action, or owner decision",P2,docs/architecture/prototype-parity/,M06 live-operations
brdbtn_f3cba6f29d9e,public/pulse-html-prototype.html,"{""file"": ""public/pulse-html-prototype.html"", ""startOffset"": 504373, ""endOffset"": 629806, ""startLine"": 2870, ""endLine"": 2870}",brd,M06,Roster,/time-attendance,,Time & Attendance,Named action: Start Break,"Record actual work time against rostered shifts, manage breaks and missed punches, and create approved timesheets without confusing attendance records with checklist completion.",Start Break,service-backed transition required for final claim,,,clinic-scoped-unless-stated,,operational,,,,,FUNCTIONALLY-COMPLETE,FUNCTIONALLY-COMPLETE,FUNCTIONALLY-COMPLETE,OWNER-ACCEPTED,NOT-STARTED,ADOPTED-AS-IS,"Named BRD button must map to real action, planned service-backed action, or owner decision",P2,docs/architecture/prototype-parity/,M06 live-operations
brdbtn_f3f5c598cbc3,public/pulse-html-prototype.html,"{""file"": ""public/pulse-html-prototype.html"", ""startOffset"": 504373, ""endOffset"": 629806, ""startLine"": 2870, ""endLine"": 2870}",brd,M06,Roster,/time-attendance,,Time & Attendance,Named action: End Break,"Record actual work time against rostered shifts, manage breaks and missed punches, and create approved timesheets without confusing attendance records with checklist completion.",End Break,service-backed transition required for final claim,,,clinic-scoped-unless-stated,,operational,,,,,FUNCTIONALLY-COMPLETE,FUNCTIONALLY-COMPLETE,FUNCTIONALLY-COMPLETE,OWNER-ACCEPTED,NOT-STARTED,ADOPTED-AS-IS,"Named BRD button must map to real action, planned service-backed action, or owner decision",P2,docs/architecture/prototype-parity/,M06 live-operations
brdbtn_51e27983e9a4,public/pulse-html-prototype.html,"{""file"": ""public/pulse-html-prototype.html"", ""startOffset"": 504373, ""endOffset"": 629806, ""startLine"": 2870, ""endLine"": 2870}",brd,M06,Roster,/time-attendance,,Time & Attendance,Named action: Clock Out,"Record actual work time against rostered shifts, manage breaks and missed punches, and create approved timesheets without confusing attendance records with checklist completion.",Clock Out,service-backed transition required for final claim,,,clinic-scoped-unless-stated,,operational,,,,,FUNCTIONALLY-COMPLETE,FUNCTIONALLY-COMPLETE,FUNCTIONALLY-COMPLETE,OWNER-ACCEPTED,NOT-STARTED,ADOPTED-AS-IS,"Named BRD button must map to real action, planned service-backed action, or owner decision",P2,docs/architecture/prototype-parity/,M06 live-operations
brdbtn_985e0207c7e8,public/pulse-html-prototype.html,"{""file"": ""public/pulse-html-prototype.html"", ""startOffset"": 504373, ""endOffset"": 629806, ""startLine"": 2870, ""endLine"": 2870}",brd,M06,Roster,/time-attendance,,Time & Attendance,Named action: Report Missed Punch,"Record actual work time against rostered shifts, manage breaks and missed punches, and create approved timesheets without confusing attendance records with checklist completion.",Report Missed Punch,service-backed transition required for final claim,,,clinic-scoped-unless-stated,,operational,,,,,FUNCTIONALLY-COMPLETE,FUNCTIONALLY-COMPLETE,FUNCTIONALLY-COMPLETE,OWNER-ACCEPTED,NOT-STARTED,ADOPTED-AS-IS,"Named BRD button must map to real action, planned service-backed action, or owner decision",P2,docs/architecture/prototype-parity/,M06 live-operations
brdbtn_d7ca78d2d1b8,public/pulse-html-prototype.html,"{""file"": ""public/pulse-html-prototype.html"", ""startOffset"": 504373, ""endOffset"": 629806, ""startLine"": 2870, ""endLine"": 2870}",brd,M06,Roster,/time-attendance,,Time & Attendance,Named action: Add Note,"Record actual work time against rostered shifts, manage breaks and missed punches, and create approved timesheets without confusing attendance records with checklist completion.",Add Note,service-backed transition required for final claim,,,clinic-scoped-unless-stated,,operational,,,,,FUNCTIONALLY-COMPLETE,FUNCTIONALLY-COMPLETE,FUNCTIONALLY-COMPLETE,OWNER-ACCEPTED,NOT-STARTED,ADOPTED-AS-IS,"Named BRD button must map to real action, planned service-backed action, or owner decision",P2,docs/architecture/prototype-parity/,M06 live-operations
brdbtn_60c2515dda66,public/pulse-html-prototype.html,"{""file"": ""public/pulse-html-prototype.html"", ""startOffset"": 504373, ""endOffset"": 629806, ""startLine"": 2870, ""endLine"": 2870}",brd,M06,Roster,/time-attendance,,Time & Attendance,Named action: Correct Time,"Record actual work time against rostered shifts, manage breaks and missed punches, and create approved timesheets without confusing attendance records with checklist completion.",Correct Time,service-backed transition required for final claim,,,clinic-scoped-unless-stated,,operational,,,,,FUNCTIONALLY-COMPLETE,FUNCTIONALLY-COMPLETE,FUNCTIONALLY-COMPLETE,OWNER-ACCEPTED,NOT-STARTED,ADOPTED-AS-IS,"Named BRD button must map to real action, planned service-backed action, or owner decision",P2,docs/architecture/prototype-parity/,M06 live-operations
brdbtn_8abcaf099e5e,public/pulse-html-prototype.html,"{""file"": ""public/pulse-html-prototype.html"", ""startOffset"": 504373, ""endOffset"": 629806, ""startLine"": 2870, ""endLine"": 2870}",brd,M06,Roster,/time-attendance,,Time & Attendance,Named action: Approve,"Record actual work time against rostered shifts, manage breaks and missed punches, and create approved timesheets without confusing attendance records with checklist completion.",Approve,service-backed transition required for final claim,,,clinic-scoped-unless-stated,,operational,,,,,FUNCTIONALLY-COMPLETE,FUNCTIONALLY-COMPLETE,FUNCTIONALLY-COMPLETE,OWNER-ACCEPTED,NOT-STARTED,ADOPTED-AS-IS,"Named BRD button must map to real action, planned service-backed action, or owner decision",P2,docs/architecture/prototype-parity/,M06 live-operations
brdbtn_c76323e43295,public/pulse-html-prototype.html,"{""file"": ""public/pulse-html-prototype.html"", ""startOffset"": 504373, ""endOffset"": 629806, ""startLine"": 2870, ""endLine"": 2870}",brd,M06,Roster,/time-attendance,,Time & Attendance,Named action: Reject Correction,"Record actual work time against rostered shifts, manage breaks and missed punches, and create approved timesheets without confusing attendance records with checklist completion.",Reject Correction,service-backed transition required for final claim,,,clinic-scoped-unless-stated,,operational,,,,,FUNCTIONALLY-COMPLETE,FUNCTIONALLY-COMPLETE,FUNCTIONALLY-COMPLETE,OWNER-ACCEPTED,NOT-STARTED,ADOPTED-AS-IS,"Named BRD button must map to real action, planned service-backed action, or owner decision",P2,docs/architecture/prototype-parity/,M06 live-operations
brdbtn_d2003bd18fd5,public/pulse-html-prototype.html,"{""file"": ""public/pulse-html-prototype.html"", ""startOffset"": 504373, ""endOffset"": 629806, ""startLine"": 2870, ""endLine"": 2870}",brd,M06,Roster,/time-attendance,,Time & Attendance,Named action: Bulk Approve Clean Timesheets,"Record actual work time against rostered shifts, manage breaks and missed punches, and create approved timesheets without confusing attendance records with checklist completion.",Bulk Approve Clean Timesheets,service-backed transition required for final claim,,,clinic-scoped-unless-stated,,operational,,,,,FUNCTIONALLY-COMPLETE,FUNCTIONALLY-COMPLETE,FUNCTIONALLY-COMPLETE,OWNER-ACCEPTED,NOT-STARTED,ADOPTED-AS-IS,"Named BRD button must map to real action, planned service-backed action, or owner decision",P2,docs/architecture/prototype-parity/,M06 live-operations
brdbtn_d390fe5ef70f,public/pulse-html-prototype.html,"{""file"": ""public/pulse-html-prototype.html"", ""startOffset"": 504373, ""endOffset"": 629806, ""startLine"": 2870, ""endLine"": 2870}",brd,M06,Roster,/time-attendance,,Time & Attendance,Named action: Lock Period,"Record actual work time against rostered shifts, manage breaks and missed punches, and create approved timesheets without confusing attendance records with checklist completion.",Lock Period,service-backed transition required for final claim,,,clinic-scoped-unless-stated,,operational,,,,,FUNCTIONALLY-COMPLETE,FUNCTIONALLY-COMPLETE,FUNCTIONALLY-COMPLETE,OWNER-ACCEPTED,NOT-STARTED,ADOPTED-AS-IS,"Named BRD button must map to real action, planned service-backed action, or owner decision",P2,docs/architecture/prototype-parity/,M06 live-operations
brdbtn_aa197b1d1fd0,public/pulse-html-prototype.html,"{""file"": ""public/pulse-html-prototype.html"", ""startOffset"": 504373, ""endOffset"": 629806, ""startLine"": 2870, ""endLine"": 2870}",brd,M06,Roster,/time-attendance,,Time & Attendance,Named action: Reopen with Reason,"Record actual work time against rostered shifts, manage breaks and missed punches, and create approved timesheets without confusing attendance records with checklist completion.",Reopen with Reason,service-backed transition required for final claim,,,clinic-scoped-unless-stated,,operational,,,,,FUNCTIONALLY-COMPLETE,FUNCTIONALLY-COMPLETE,FUNCTIONALLY-COMPLETE,OWNER-ACCEPTED,NOT-STARTED,ADOPTED-AS-IS,"Named BRD button must map to real action, planned service-backed action, or owner decision",P2,docs/architecture/prototype-parity/,M06 live-operations
brdflow_7c70ec0ef7bb,public/pulse-html-prototype.html,"{""file"": ""public/pulse-html-prototype.html"", ""startOffset"": 504373, ""endOffset"": 629806, ""startLine"": 2870, ""endLine"": 2870}",brd,M06,Roster,/time-attendance,,Time & Attendance,Workflow: Normal clock-in/out,Normal clock-in/out,,"Staff member opens My Clock and sees the current rostered sh > Staff clicks Clock In; the screen confirms clinic, shift and > During the shift, Start Break and End Break update the live  > At completion, staff clicks Clock Out and reviews the shift  > A clean shift moves automatically to the manager’s timesheet",,,clinic-scoped-unless-stated,,operational,,,,,FUNCTIONALLY-COMPLETE,FUNCTIONALLY-COMPLETE,FUNCTIONALLY-COMPLETE,OWNER-ACCEPTED,NOT-STARTED,ADOPTED-AS-IS,Core,P2,docs/architecture/prototype-parity/,M06 live-operations
brdflow_b3221372a14b,public/pulse-html-prototype.html,"{""file"": ""public/pulse-html-prototype.html"", ""startOffset"": 504373, ""endOffset"": 629806, ""startLine"": 2870, ""endLine"": 2870}",brd,M06,Roster,/time-attendance,,Time & Attendance,Workflow: Missed punch correction,Missed punch correction,,"Staff member clicks Report Missed Punch and selects the affe > The form captures missing event, proposed time, reason and o > Manager receives an exception item and compares roster, reco > Manager approves, adjusts or rejects the proposed correction > The timesheet recalculates and the decision is retained in A",,,clinic-scoped-unless-stated,,operational,,,,,FUNCTIONALLY-COMPLETE,FUNCTIONALLY-COMPLETE,FUNCTIONALLY-COMPLETE,OWNER-ACCEPTED,NOT-STARTED,ADOPTED-AS-IS,Core,P2,docs/architecture/prototype-parity/,M06 live-operations
brdflow_e59ef8239904,public/pulse-html-prototype.html,"{""file"": ""public/pulse-html-prototype.html"", ""startOffset"": 504373, ""endOffset"": 629806, ""startLine"": 2870, ""endLine"": 2870}",brd,M06,Roster,/time-attendance,,Time & Attendance,Workflow: Pay-period attendance approval,Pay-period attendance approval,,"Manager opens Timesheets for the pay period and filters to U > The screen groups clean timesheets and exception-affected ti > Manager bulk-approves clean records, then opens each excepti > When all blockers are resolved, manager clicks Approve Perio > Payroll users see the location as Ready in Staff Pay.",,,clinic-scoped-unless-stated,,operational,,,,,FUNCTIONALLY-COMPLETE,FUNCTIONALLY-COMPLETE,FUNCTIONALLY-COMPLETE,OWNER-ACCEPTED,NOT-STARTED,ADOPTED-AS-IS,Core,P2,docs/architecture/prototype-parity/,M06 live-operations
brdrule_4635f76582b7,public/pulse-html-prototype.html,,brd,M06,Roster,/time-attendance,,,Business rule,Clocking should link to a rostered shift wherever possible.,,,,,clinic-scoped-unless-stated,,operational,,,,,FUNCTIONALLY-COMPLETE,FUNCTIONALLY-COMPLETE,FUNCTIONALLY-COMPLETE,OWNER-ACCEPTED,NOT-STARTED,ADOPTED-AS-IS,BRD business rule,P2,docs/architecture/prototype-parity/,
brdrule_3dd9eb26d5d5,public/pulse-html-prototype.html,,brd,M06,Roster,/time-attendance,,,Business rule,Attendance exceptions must not automatically deny payment for time that may have been worked.,,,,,clinic-scoped-unless-stated,,operational,,,,,FUNCTIONALLY-COMPLETE,FUNCTIONALLY-COMPLETE,FUNCTIONALLY-COMPLETE,OWNER-ACCEPTED,NOT-STARTED,ADOPTED-AS-IS,BRD business rule,P2,docs/architecture/prototype-parity/,
brdrule_6e3f9d4c041d,public/pulse-html-prototype.html,,brd,M06,Roster,/time-attendance,,,Business rule,Manual corrections require reason and manager approval.,,,,,clinic-scoped-unless-stated,,operational,,,,,FUNCTIONALLY-COMPLETE,FUNCTIONALLY-COMPLETE,FUNCTIONALLY-COMPLETE,OWNER-ACCEPTED,NOT-STARTED,ADOPTED-AS-IS,BRD business rule,P2,docs/architecture/prototype-parity/,
brdrule_1331324bf9da,public/pulse-html-prototype.html,,brd,M06,Roster,/time-attendance,,,Business rule,Timesheets cannot be finalised with unresolved blocking exceptions unless an authorised override is recorded.,,,,,clinic-scoped-unless-stated,,operational,,,,,FUNCTIONALLY-COMPLETE,FUNCTIONALLY-COMPLETE,FUNCTIONALLY-COMPLETE,OWNER-ACCEPTED,NOT-STARTED,ADOPTED-AS-IS,BRD business rule,P2,docs/architecture/prototype-parity/,
brdrule_93e2e856e3f1,public/pulse-html-prototype.html,,brd,M06,Roster,/time-attendance,,,Business rule,Checklists and attendance remain separate records even when accessed from the same shift screen.,,,,,clinic-scoped-unless-stated,,operational,,,,,FUNCTIONALLY-COMPLETE,FUNCTIONALLY-COMPLETE,FUNCTIONALLY-COMPLETE,OWNER-ACCEPTED,NOT-STARTED,ADOPTED-AS-IS,BRD business rule,P2,docs/architecture/prototype-parity/,
brdvis_cd511ed181aa,public/pulse-html-prototype.html,,brd,M06,Roster,/time-attendance,,,Visual requirement,"Large clock action card showing current shift, clinic and next expected action.",,,,,clinic-scoped-unless-stated,,operational,,,,,FUNCTIONALLY-COMPLETE,FUNCTIONALLY-COMPLETE,FUNCTIONALLY-COMPLETE,OWNER-ACCEPTED,NOT-STARTED,ADOPTED-AS-IS,BRD visual requirement; final PNG prevails where image exists,P2,docs/architecture/prototype-parity/,M06 live-operations
brdvis_1b82df9bee3a,public/pulse-html-prototype.html,,brd,M06,Roster,/time-attendance,,,Visual requirement,Live attendance board with clear non-colour status labels.,,,,,clinic-scoped-unless-stated,,operational,,,,,FUNCTIONALLY-COMPLETE,FUNCTIONALLY-COMPLETE,FUNCTIONALLY-COMPLETE,OWNER-ACCEPTED,NOT-STARTED,ADOPTED-AS-IS,BRD visual requirement; final PNG prevails where image exists,P2,docs/architecture/prototype-parity/,M06 live-operations
brdvis_c61cc13586c3,public/pulse-html-prototype.html,,brd,M06,Roster,/time-attendance,,,Visual requirement,Exception queue ordered by payroll impact and due date.,,,,,clinic-scoped-unless-stated,,operational,,,,,FUNCTIONALLY-COMPLETE,FUNCTIONALLY-COMPLETE,FUNCTIONALLY-COMPLETE,OWNER-ACCEPTED,NOT-STARTED,ADOPTED-AS-IS,BRD visual requirement; final PNG prevails where image exists,P2,docs/architecture/prototype-parity/,M06 live-operations
brdvis_b117b4bbed2d,public/pulse-html-prototype.html,,brd,M06,Roster,/time-attendance,,,Visual requirement,Rostered versus actual timeline for each shift.,,,,,clinic-scoped-unless-stated,,operational,,,,,FUNCTIONALLY-COMPLETE,FUNCTIONALLY-COMPLETE,FUNCTIONALLY-COMPLETE,OWNER-ACCEPTED,NOT-STARTED,ADOPTED-AS-IS,BRD visual requirement; final PNG prevails where image exists,P2,docs/architecture/prototype-parity/,M06 live-operations
brdvis_6e23c4236494,public/pulse-html-prototype.html,,brd,M06,Roster,/time-attendance,,,Visual requirement,"Timesheet summary with regular, overtime, leave and unresolved hours.",,,,,clinic-scoped-unless-stated,,operational,,,,,FUNCTIONALLY-COMPLETE,FUNCTIONALLY-COMPLETE,FUNCTIONALLY-COMPLETE,OWNER-ACCEPTED,NOT-STARTED,ADOPTED-AS-IS,BRD visual requirement; final PNG prevails where image exists,P2,docs/architecture/prototype-parity/,M06 live-operations
brdout_dfce41586d0a,public/pulse-html-prototype.html,,brd,M06,Roster,/time-attendance,,,Output/measure,Live attendance board,,,,,clinic-scoped-unless-stated,,operational,,,,,FUNCTIONALLY-COMPLETE,FUNCTIONALLY-COMPLETE,FUNCTIONALLY-COMPLETE,OWNER-ACCEPTED,NOT-STARTED,ADOPTED-AS-IS,BRD output/measure,P2,docs/architecture/prototype-parity/,
brdout_f8325c5c0ed2,public/pulse-html-prototype.html,,brd,M06,Roster,/time-attendance,,,Output/measure,Attendance exception report,,,,,clinic-scoped-unless-stated,,operational,,,,,FUNCTIONALLY-COMPLETE,FUNCTIONALLY-COMPLETE,FUNCTIONALLY-COMPLETE,OWNER-ACCEPTED,NOT-STARTED,ADOPTED-AS-IS,BRD output/measure,P2,docs/architecture/prototype-parity/,
brdout_6238c7915fe6,public/pulse-html-prototype.html,,brd,M06,Roster,/time-attendance,,,Output/measure,Approved timesheet report,,,,,clinic-scoped-unless-stated,,operational,,,,,FUNCTIONALLY-COMPLETE,FUNCTIONALLY-COMPLETE,FUNCTIONALLY-COMPLETE,OWNER-ACCEPTED,NOT-STARTED,ADOPTED-AS-IS,BRD output/measure,P2,docs/architecture/prototype-parity/,
brdout_2b2fab4b03ea,public/pulse-html-prototype.html,,brd,M06,Roster,/time-attendance,,,Output/measure,Roster-to-actual variance report,,,,,clinic-scoped-unless-stated,,operational,,,,,FUNCTIONALLY-COMPLETE,FUNCTIONALLY-COMPLETE,FUNCTIONALLY-COMPLETE,OWNER-ACCEPTED,NOT-STARTED,ADOPTED-AS-IS,BRD output/measure,P2,docs/architecture/prototype-parity/,
brdout_21d019b7353d,public/pulse-html-prototype.html,,brd,M06,Roster,/time-attendance,,,Output/measure,Correction and override history,,,,,clinic-scoped-unless-stated,,operational,,,,,FUNCTIONALLY-COMPLETE,FUNCTIONALLY-COMPLETE,FUNCTIONALLY-COMPLETE,OWNER-ACCEPTED,NOT-STARTED,ADOPTED-AS-IS,BRD output/measure,P2,docs/architecture/prototype-parity/,
brdout_f72534ec3030,public/pulse-html-prototype.html,,brd,M06,Roster,/time-attendance,,,Output/measure,Measure: unresolved exceptions at cut-off,,,,,clinic-scoped-unless-stated,,operational,,,,,FUNCTIONALLY-COMPLETE,FUNCTIONALLY-COMPLETE,FUNCTIONALLY-COMPLETE,OWNER-ACCEPTED,NOT-STARTED,ADOPTED-AS-IS,BRD output/measure,P2,docs/architecture/prototype-parity/,
brdout_d7090bb895c8,public/pulse-html-prototype.html,,brd,M06,Roster,/time-attendance,,,Output/measure,Measure: repeated missed punches by clinic/person,,,,,clinic-scoped-unless-stated,,operational,,,,,FUNCTIONALLY-COMPLETE,FUNCTIONALLY-COMPLETE,FUNCTIONALLY-COMPLETE,OWNER-ACCEPTED,NOT-STARTED,ADOPTED-AS-IS,BRD output/measure,P2,docs/architecture/prototype-parity/,
brdmod_bd0da3c4a601,public/pulse-html-prototype.html,"{""file"": ""public/pulse-html-prototype.html"", ""startOffset"": 504373, ""endOffset"": 629806, ""startLine"": 2870, ""endLine"": 2870}",brd,M07,Commercial,/staffpay,,Staff Pay & Payroll Preparation,BRD module M07: Staff Pay & Payroll Preparation,"Convert approved attendance, leave and authorised pay categories into payroll-ready information, support review and export to Xero or the selected payroll process, and retain reconciliation history without replacing the payroll/accounting system.",,,,"Payroll / Finance, Practice Managers, Operations Managers, Owners",clinic-scoped-unless-stated,Staff pay preparation only (not execution),operational,,src/modules/m07-*/ + module-register,,,FUNCTIONALLY-COMPLETE,FUNCTIONALLY-COMPLETE,FUNCTIONALLY-COMPLETE,OWNER-ACCEPTED,NOT-STARTED,ADOPTED-AS-IS,Ordinary Batches 1–6 complete within approved scope; register condition stale; PPA separate,P2,docs/architecture/prototype-parity/,M02/M04 pay-prep workbench
brdtab_0c9fbad9896c,public/pulse-html-prototype.html,"{""file"": ""public/pulse-html-prototype.html"", ""startOffset"": 504373, ""endOffset"": 629806, ""startLine"": 2870, ""endLine"": 2870}",brd,M07,Commercial,/staffpay,/staffpay?section=Pay Run — Staff and clinic readiness for the selected pay period.,Pay Run — Staff and clinic readiness for the selected pay period.,Tab: Pay Run — Staff and clinic readiness for the selected pay period.,"Convert approved attendance, leave and authorised pay categories into payroll-ready information, support review and export to Xero or the selected payroll process, and retain reconciliation history without replacing the payroll/accounting system.",Pay Run — Staff and clinic readiness for the selected pay period.,,,,clinic-scoped-unless-stated,,operational,,,,,FUNCTIONALLY-COMPLETE,FUNCTIONALLY-COMPLETE,FUNCTIONALLY-COMPLETE,OWNER-ACCEPTED,NOT-STARTED,ADOPTED-AS-IS,BRD tab retained in canonical screen register,P2,docs/architecture/prototype-parity/,M02/M04 pay-prep workbench
brdtab_905f3b4a0980,public/pulse-html-prototype.html,"{""file"": ""public/pulse-html-prototype.html"", ""startOffset"": 504373, ""endOffset"": 629806, ""startLine"": 2870, ""endLine"": 2870}",brd,M07,Commercial,/staffpay,"/staffpay?section=Exceptions — Attendance, leave, classification and category blockers.","Exceptions — Attendance, leave, classification and category blockers.","Tab: Exceptions — Attendance, leave, classification and category blockers.","Convert approved attendance, leave and authorised pay categories into payroll-ready information, support review and export to Xero or the selected payroll process, and retain reconciliation history without replacing the payroll/accounting system.","Exceptions — Attendance, leave, classification and category blockers.",,,,clinic-scoped-unless-stated,,operational,,,,,FUNCTIONALLY-COMPLETE,FUNCTIONALLY-COMPLETE,FUNCTIONALLY-COMPLETE,OWNER-ACCEPTED,NOT-STARTED,ADOPTED-AS-IS,BRD tab retained in canonical screen register,P2,docs/architecture/prototype-parity/,M02/M04 pay-prep workbench
brdtab_e2d6d227d4c6,public/pulse-html-prototype.html,"{""file"": ""public/pulse-html-prototype.html"", ""startOffset"": 504373, ""endOffset"": 629806, ""startLine"": 2870, ""endLine"": 2870}",brd,M07,Commercial,/staffpay,/staffpay?section=Variances — Roster-to-actual and prior-period differences.,Variances — Roster-to-actual and prior-period differences.,Tab: Variances — Roster-to-actual and prior-period differences.,"Convert approved attendance, leave and authorised pay categories into payroll-ready information, support review and export to Xero or the selected payroll process, and retain reconciliation history without replacing the payroll/accounting system.",Variances — Roster-to-actual and prior-period differences.,,,,clinic-scoped-unless-stated,,operational,,,,,FUNCTIONALLY-COMPLETE,FUNCTIONALLY-COMPLETE,FUNCTIONALLY-COMPLETE,OWNER-ACCEPTED,NOT-STARTED,ADOPTED-AS-IS,BRD tab retained in canonical screen register,P2,docs/architecture/prototype-parity/,M02/M04 pay-prep workbench
brdtab_ac32ce11e204,public/pulse-html-prototype.html,"{""file"": ""public/pulse-html-prototype.html"", ""startOffset"": 504373, ""endOffset"": 629806, ""startLine"": 2870, ""endLine"": 2870}",brd,M07,Commercial,/staffpay,"/staffpay?section=Leave & Allowances — Approved leave, public holiday and authorised allowance review.","Leave & Allowances — Approved leave, public holiday and authorised allowance review.","Tab: Leave & Allowances — Approved leave, public holiday and authorised allowance review.","Convert approved attendance, leave and authorised pay categories into payroll-ready information, support review and export to Xero or the selected payroll process, and retain reconciliation history without replacing the payroll/accounting system.","Leave & Allowances — Approved leave, public holiday and authorised allowance review.",,,,clinic-scoped-unless-stated,,operational,,,,,FUNCTIONALLY-COMPLETE,FUNCTIONALLY-COMPLETE,FUNCTIONALLY-COMPLETE,OWNER-ACCEPTED,NOT-STARTED,ADOPTED-AS-IS,BRD tab retained in canonical screen register,P2,docs/architecture/prototype-parity/,M02/M04 pay-prep workbench
brdtab_3df2e0a0f44f,public/pulse-html-prototype.html,"{""file"": ""public/pulse-html-prototype.html"", ""startOffset"": 504373, ""endOffset"": 629806, ""startLine"": 2870, ""endLine"": 2870}",brd,M07,Commercial,/staffpay,"/staffpay?section=Export & Reconciliation — Approved output, export record and confirmation.","Export & Reconciliation — Approved output, export record and confirmation.","Tab: Export & Reconciliation — Approved output, export record and confirmation.","Convert approved attendance, leave and authorised pay categories into payroll-ready information, support review and export to Xero or the selected payroll process, and retain reconciliation history without replacing the payroll/accounting system.","Export & Reconciliation — Approved output, export record and confirmation.",,,,clinic-scoped-unless-stated,,operational,,,,,FUNCTIONALLY-COMPLETE,FUNCTIONALLY-COMPLETE,FUNCTIONALLY-COMPLETE,OWNER-ACCEPTED,NOT-STARTED,ADOPTED-AS-IS,BRD tab retained in canonical screen register,P2,docs/architecture/prototype-parity/,M02/M04 pay-prep workbench
brdtab_64600b42b0c0,public/pulse-html-prototype.html,"{""file"": ""public/pulse-html-prototype.html"", ""startOffset"": 504373, ""endOffset"": 629806, ""startLine"": 2870, ""endLine"": 2870}",brd,M07,Commercial,/staffpay,"/staffpay?section=History — Locked periods, corrections and re-open decisions.","History — Locked periods, corrections and re-open decisions.","Tab: History — Locked periods, corrections and re-open decisions.","Convert approved attendance, leave and authorised pay categories into payroll-ready information, support review and export to Xero or the selected payroll process, and retain reconciliation history without replacing the payroll/accounting system.","History — Locked periods, corrections and re-open decisions.",,,,clinic-scoped-unless-stated,,operational,,,,,FUNCTIONALLY-COMPLETE,FUNCTIONALLY-COMPLETE,FUNCTIONALLY-COMPLETE,OWNER-ACCEPTED,NOT-STARTED,ADOPTED-AS-IS,BRD tab retained in canonical screen register,P2,docs/architecture/prototype-parity/,M02/M04 pay-prep workbench
brdtab_ee769429e8dd,public/pulse-html-prototype.html,"{""file"": ""public/pulse-html-prototype.html"", ""startOffset"": 504373, ""endOffset"": 629806, ""startLine"": 2870, ""endLine"": 2870}",brd,M07,Commercial,/staffpay,"/staffpay?section=Corrections & Final Pay — Export rejection, final pay, overpayment, underpayment and replacement export control.","Corrections & Final Pay — Export rejection, final pay, overpayment, underpayment and replacement export control.","Tab: Corrections & Final Pay — Export rejection, final pay, overpayment, underpayment and replacement export control.","Convert approved attendance, leave and authorised pay categories into payroll-ready information, support review and export to Xero or the selected payroll process, and retain reconciliation history without replacing the payroll/accounting system.","Corrections & Final Pay — Export rejection, final pay, overpayment, underpayment and replacement export control.",,,,clinic-scoped-unless-stated,,operational,,,,,FUNCTIONALLY-COMPLETE,FUNCTIONALLY-COMPLETE,FUNCTIONALLY-COMPLETE,OWNER-ACCEPTED,NOT-STARTED,ADOPTED-AS-IS,BRD tab retained in canonical screen register,P2,docs/architecture/prototype-parity/,M02/M04 pay-prep workbench
brdbtn_9e3b108745c4,public/pulse-html-prototype.html,"{""file"": ""public/pulse-html-prototype.html"", ""startOffset"": 504373, ""endOffset"": 629806, ""startLine"": 2870, ""endLine"": 2870}",brd,M07,Commercial,/staffpay,,Staff Pay & Payroll Preparation,Named action: Create Pay Run,"Convert approved attendance, leave and authorised pay categories into payroll-ready information, support review and export to Xero or the selected payroll process, and retain reconciliation history without replacing the payroll/accounting system.",Create Pay Run,service-backed transition required for final claim,,,clinic-scoped-unless-stated,,operational,,,,,FUNCTIONALLY-COMPLETE,FUNCTIONALLY-COMPLETE,FUNCTIONALLY-COMPLETE,OWNER-ACCEPTED,NOT-STARTED,ADOPTED-AS-IS,"Named BRD button must map to real action, planned service-backed action, or owner decision",P2,docs/architecture/prototype-parity/,M02/M04 pay-prep workbench
brdbtn_04b7bbb8bef0,public/pulse-html-prototype.html,"{""file"": ""public/pulse-html-prototype.html"", ""startOffset"": 504373, ""endOffset"": 629806, ""startLine"": 2870, ""endLine"": 2870}",brd,M07,Commercial,/staffpay,,Staff Pay & Payroll Preparation,Named action: Refresh Approved Time,"Convert approved attendance, leave and authorised pay categories into payroll-ready information, support review and export to Xero or the selected payroll process, and retain reconciliation history without replacing the payroll/accounting system.",Refresh Approved Time,service-backed transition required for final claim,,,clinic-scoped-unless-stated,,operational,,,,,FUNCTIONALLY-COMPLETE,FUNCTIONALLY-COMPLETE,FUNCTIONALLY-COMPLETE,OWNER-ACCEPTED,NOT-STARTED,ADOPTED-AS-IS,"Named BRD button must map to real action, planned service-backed action, or owner decision",P2,docs/architecture/prototype-parity/,M02/M04 pay-prep workbench
brdbtn_4705a1ee8fa8,public/pulse-html-prototype.html,"{""file"": ""public/pulse-html-prototype.html"", ""startOffset"": 504373, ""endOffset"": 629806, ""startLine"": 2870, ""endLine"": 2870}",brd,M07,Commercial,/staffpay,,Staff Pay & Payroll Preparation,Named action: Recalculate,"Convert approved attendance, leave and authorised pay categories into payroll-ready information, support review and export to Xero or the selected payroll process, and retain reconciliation history without replacing the payroll/accounting system.",Recalculate,service-backed transition required for final claim,,,clinic-scoped-unless-stated,,operational,,,,,FUNCTIONALLY-COMPLETE,FUNCTIONALLY-COMPLETE,FUNCTIONALLY-COMPLETE,OWNER-ACCEPTED,NOT-STARTED,ADOPTED-AS-IS,"Named BRD button must map to real action, planned service-backed action, or owner decision",P2,docs/architecture/prototype-parity/,M02/M04 pay-prep workbench
brdbtn_248c855d3f09,public/pulse-html-prototype.html,"{""file"": ""public/pulse-html-prototype.html"", ""startOffset"": 504373, ""endOffset"": 629806, ""startLine"": 2870, ""endLine"": 2870}",brd,M07,Commercial,/staffpay,,Staff Pay & Payroll Preparation,Named action: Open Exception,"Convert approved attendance, leave and authorised pay categories into payroll-ready information, support review and export to Xero or the selected payroll process, and retain reconciliation history without replacing the payroll/accounting system.",Open Exception,service-backed transition required for final claim,,,clinic-scoped-unless-stated,,operational,,,,,FUNCTIONALLY-COMPLETE,FUNCTIONALLY-COMPLETE,FUNCTIONALLY-COMPLETE,OWNER-ACCEPTED,NOT-STARTED,ADOPTED-AS-IS,"Named BRD button must map to real action, planned service-backed action, or owner decision",P2,docs/architecture/prototype-parity/,M02/M04 pay-prep workbench
brdbtn_6d994a97c51a,public/pulse-html-prototype.html,"{""file"": ""public/pulse-html-prototype.html"", ""startOffset"": 504373, ""endOffset"": 629806, ""startLine"": 2870, ""endLine"": 2870}",brd,M07,Commercial,/staffpay,,Staff Pay & Payroll Preparation,Named action: Resolve / Assign,"Convert approved attendance, leave and authorised pay categories into payroll-ready information, support review and export to Xero or the selected payroll process, and retain reconciliation history without replacing the payroll/accounting system.",Resolve / Assign,service-backed transition required for final claim,,,clinic-scoped-unless-stated,,operational,,,,,FUNCTIONALLY-COMPLETE,FUNCTIONALLY-COMPLETE,FUNCTIONALLY-COMPLETE,OWNER-ACCEPTED,NOT-STARTED,ADOPTED-AS-IS,"Named BRD button must map to real action, planned service-backed action, or owner decision",P2,docs/architecture/prototype-parity/,M02/M04 pay-prep workbench
brdbtn_85f157308b41,public/pulse-html-prototype.html,"{""file"": ""public/pulse-html-prototype.html"", ""startOffset"": 504373, ""endOffset"": 629806, ""startLine"": 2870, ""endLine"": 2870}",brd,M07,Commercial,/staffpay,,Staff Pay & Payroll Preparation,Named action: Approve Location,"Convert approved attendance, leave and authorised pay categories into payroll-ready information, support review and export to Xero or the selected payroll process, and retain reconciliation history without replacing the payroll/accounting system.",Approve Location,service-backed transition required for final claim,,,clinic-scoped-unless-stated,,operational,,,,,FUNCTIONALLY-COMPLETE,FUNCTIONALLY-COMPLETE,FUNCTIONALLY-COMPLETE,OWNER-ACCEPTED,NOT-STARTED,ADOPTED-AS-IS,"Named BRD button must map to real action, planned service-backed action, or owner decision",P2,docs/architecture/prototype-parity/,M02/M04 pay-prep workbench
brdbtn_94a912530c2e,public/pulse-html-prototype.html,"{""file"": ""public/pulse-html-prototype.html"", ""startOffset"": 504373, ""endOffset"": 629806, ""startLine"": 2870, ""endLine"": 2870}",brd,M07,Commercial,/staffpay,,Staff Pay & Payroll Preparation,Named action: Submit Final Review,"Convert approved attendance, leave and authorised pay categories into payroll-ready information, support review and export to Xero or the selected payroll process, and retain reconciliation history without replacing the payroll/accounting system.",Submit Final Review,service-backed transition required for final claim,,,clinic-scoped-unless-stated,,operational,,,,,FUNCTIONALLY-COMPLETE,FUNCTIONALLY-COMPLETE,FUNCTIONALLY-COMPLETE,OWNER-ACCEPTED,NOT-STARTED,ADOPTED-AS-IS,"Named BRD button must map to real action, planned service-backed action, or owner decision",P2,docs/architecture/prototype-parity/,M02/M04 pay-prep workbench
brdbtn_3a4b9cbc9014,public/pulse-html-prototype.html,"{""file"": ""public/pulse-html-prototype.html"", ""startOffset"": 504373, ""endOffset"": 629806, ""startLine"": 2870, ""endLine"": 2870}",brd,M07,Commercial,/staffpay,,Staff Pay & Payroll Preparation,Named action: Export to Xero,"Convert approved attendance, leave and authorised pay categories into payroll-ready information, support review and export to Xero or the selected payroll process, and retain reconciliation history without replacing the payroll/accounting system.",Export to Xero,service-backed transition required for final claim,,,clinic-scoped-unless-stated,,operational,,,,,FUNCTIONALLY-COMPLETE,FUNCTIONALLY-COMPLETE,FUNCTIONALLY-COMPLETE,OWNER-ACCEPTED,NOT-STARTED,ADOPTED-AS-IS,"Named BRD button must map to real action, planned service-backed action, or owner decision",P2,docs/architecture/prototype-parity/,M02/M04 pay-prep workbench
brdbtn_702e1120f7ec,public/pulse-html-prototype.html,"{""file"": ""public/pulse-html-prototype.html"", ""startOffset"": 504373, ""endOffset"": 629806, ""startLine"": 2870, ""endLine"": 2870}",brd,M07,Commercial,/staffpay,,Staff Pay & Payroll Preparation,Named action: Mark Reconciled,"Convert approved attendance, leave and authorised pay categories into payroll-ready information, support review and export to Xero or the selected payroll process, and retain reconciliation history without replacing the payroll/accounting system.",Mark Reconciled,service-backed transition required for final claim,,,clinic-scoped-unless-stated,,operational,,,,,FUNCTIONALLY-COMPLETE,FUNCTIONALLY-COMPLETE,FUNCTIONALLY-COMPLETE,OWNER-ACCEPTED,NOT-STARTED,ADOPTED-AS-IS,"Named BRD button must map to real action, planned service-backed action, or owner decision",P2,docs/architecture/prototype-parity/,M02/M04 pay-prep workbench
brdbtn_e41774daca77,public/pulse-html-prototype.html,"{""file"": ""public/pulse-html-prototype.html"", ""startOffset"": 504373, ""endOffset"": 629806, ""startLine"": 2870, ""endLine"": 2870}",brd,M07,Commercial,/staffpay,,Staff Pay & Payroll Preparation,Named action: Lock Pay Period,"Convert approved attendance, leave and authorised pay categories into payroll-ready information, support review and export to Xero or the selected payroll process, and retain reconciliation history without replacing the payroll/accounting system.",Lock Pay Period,service-backed transition required for final claim,,,clinic-scoped-unless-stated,,operational,,,,,FUNCTIONALLY-COMPLETE,FUNCTIONALLY-COMPLETE,FUNCTIONALLY-COMPLETE,OWNER-ACCEPTED,NOT-STARTED,ADOPTED-AS-IS,"Named BRD button must map to real action, planned service-backed action, or owner decision",P2,docs/architecture/prototype-parity/,M02/M04 pay-prep workbench
brdbtn_9df60df47098,public/pulse-html-prototype.html,"{""file"": ""public/pulse-html-prototype.html"", ""startOffset"": 504373, ""endOffset"": 629806, ""startLine"": 2870, ""endLine"": 2870}",brd,M07,Commercial,/staffpay,,Staff Pay & Payroll Preparation,Named action: Reopen with Approval,"Convert approved attendance, leave and authorised pay categories into payroll-ready information, support review and export to Xero or the selected payroll process, and retain reconciliation history without replacing the payroll/accounting system.",Reopen with Approval,service-backed transition required for final claim,,,clinic-scoped-unless-stated,,operational,,,,,FUNCTIONALLY-COMPLETE,FUNCTIONALLY-COMPLETE,FUNCTIONALLY-COMPLETE,OWNER-ACCEPTED,NOT-STARTED,ADOPTED-AS-IS,"Named BRD button must map to real action, planned service-backed action, or owner decision",P2,docs/architecture/prototype-parity/,M02/M04 pay-prep workbench
brdbtn_1a0dd0f12942,public/pulse-html-prototype.html,"{""file"": ""public/pulse-html-prototype.html"", ""startOffset"": 504373, ""endOffset"": 629806, ""startLine"": 2870, ""endLine"": 2870}",brd,M07,Commercial,/staffpay,,Staff Pay & Payroll Preparation,Named action: Process Final Pay,"Convert approved attendance, leave and authorised pay categories into payroll-ready information, support review and export to Xero or the selected payroll process, and retain reconciliation history without replacing the payroll/accounting system.",Process Final Pay,service-backed transition required for final claim,,,clinic-scoped-unless-stated,,operational,,,,,FUNCTIONALLY-COMPLETE,FUNCTIONALLY-COMPLETE,FUNCTIONALLY-COMPLETE,OWNER-ACCEPTED,NOT-STARTED,ADOPTED-AS-IS,"Named BRD button must map to real action, planned service-backed action, or owner decision",P2,docs/architecture/prototype-parity/,M02/M04 pay-prep workbench
brdbtn_be2b023faa1a,public/pulse-html-prototype.html,"{""file"": ""public/pulse-html-prototype.html"", ""startOffset"": 504373, ""endOffset"": 629806, ""startLine"": 2870, ""endLine"": 2870}",brd,M07,Commercial,/staffpay,,Staff Pay & Payroll Preparation,Named action: Record Overpayment / Underpayment,"Convert approved attendance, leave and authorised pay categories into payroll-ready information, support review and export to Xero or the selected payroll process, and retain reconciliation history without replacing the payroll/accounting system.",Record Overpayment / Underpayment,service-backed transition required for final claim,,,clinic-scoped-unless-stated,,operational,,,,,FUNCTIONALLY-COMPLETE,FUNCTIONALLY-COMPLETE,FUNCTIONALLY-COMPLETE,OWNER-ACCEPTED,NOT-STARTED,ADOPTED-AS-IS,"Named BRD button must map to real action, planned service-backed action, or owner decision",P2,docs/architecture/prototype-parity/,M02/M04 pay-prep workbench
brdbtn_4ae713d3931a,public/pulse-html-prototype.html,"{""file"": ""public/pulse-html-prototype.html"", ""startOffset"": 504373, ""endOffset"": 629806, ""startLine"": 2870, ""endLine"": 2870}",brd,M07,Commercial,/staffpay,,Staff Pay & Payroll Preparation,Named action: Generate Replacement Export,"Convert approved attendance, leave and authorised pay categories into payroll-ready information, support review and export to Xero or the selected payroll process, and retain reconciliation history without replacing the payroll/accounting system.",Generate Replacement Export,service-backed transition required for final claim,,,clinic-scoped-unless-stated,,operational,,,,,FUNCTIONALLY-COMPLETE,FUNCTIONALLY-COMPLETE,FUNCTIONALLY-COMPLETE,OWNER-ACCEPTED,NOT-STARTED,ADOPTED-AS-IS,"Named BRD button must map to real action, planned service-backed action, or owner decision",P2,docs/architecture/prototype-parity/,M02/M04 pay-prep workbench
brdflow_026b12101648,public/pulse-html-prototype.html,"{""file"": ""public/pulse-html-prototype.html"", ""startOffset"": 504373, ""endOffset"": 629806, ""startLine"": 2870, ""endLine"": 2870}",brd,M07,Commercial,/staffpay,,Staff Pay & Payroll Preparation,Workflow: Prepare a pay run,Prepare a pay run,,"Payroll user selects the pay period and clicks Create Pay Ru > The module loads approved attendance, leave and current clas > The control tower identifies clinics and staff that are Read > Payroll user resolves exceptions through the linked source r > Once clear, payroll user clicks Recalculate and reviews tota > Each clinic is approved and the full run moves to Final Revi",,,clinic-scoped-unless-stated,,operational,,,,,FUNCTIONALLY-COMPLETE,FUNCTIONALLY-COMPLETE,FUNCTIONALLY-COMPLETE,OWNER-ACCEPTED,NOT-STARTED,ADOPTED-AS-IS,Core,P2,docs/architecture/prototype-parity/,M02/M04 pay-prep workbench
brdflow_143d0160434b,public/pulse-html-prototype.html,"{""file"": ""public/pulse-html-prototype.html"", ""startOffset"": 504373, ""endOffset"": 629806, ""startLine"": 2870, ""endLine"": 2870}",brd,M07,Commercial,/staffpay,,Staff Pay & Payroll Preparation,Workflow: Export and reconcile,Export and reconcile,,"Authorised user opens Export & Reconciliation and reviews th > User clicks Export to Xero and confirms included employees a > The generated output is recorded with version and totals. > After payroll processing outside the platform, the user retu > The period is marked Reconciled and Locked.",,,clinic-scoped-unless-stated,,operational,,,,,FUNCTIONALLY-COMPLETE,FUNCTIONALLY-COMPLETE,FUNCTIONALLY-COMPLETE,OWNER-ACCEPTED,NOT-STARTED,ADOPTED-AS-IS,Core,P2,docs/architecture/prototype-parity/,M02/M04 pay-prep workbench
brdflow_163a8bbea9da,public/pulse-html-prototype.html,"{""file"": ""public/pulse-html-prototype.html"", ""startOffset"": 504373, ""endOffset"": 629806, ""startLine"": 2870, ""endLine"": 2870}",brd,M07,Commercial,/staffpay,,Staff Pay & Payroll Preparation,Workflow: Correct a prior period,Correct a prior period,,"Payroll user opens History and selects a locked period. > User clicks Reopen with Approval and enters reason and affec > An elevated approver reviews the financial and reporting imp > On approval, only authorised corrections can be made and a n > The corrected output is re-exported and both versions remain",,,clinic-scoped-unless-stated,,operational,,,,,FUNCTIONALLY-COMPLETE,FUNCTIONALLY-COMPLETE,FUNCTIONALLY-COMPLETE,OWNER-ACCEPTED,NOT-STARTED,ADOPTED-AS-IS,Core,P2,docs/architecture/prototype-parity/,M02/M04 pay-prep workbench
brdflow_5735e352bf4c,public/pulse-html-prototype.html,"{""file"": ""public/pulse-html-prototype.html"", ""startOffset"": 504373, ""endOffset"": 629806, ""startLine"": 2870, ""endLine"": 2870}",brd,M07,Commercial,/staffpay,,Staff Pay & Payroll Preparation,"Workflow: Payroll Export Rejection, Final Pay and Overpayment Correction","Payroll Export Rejection, Final Pay and Overpayment Correction",,"For export rejection, payroll opens the failed output, revie > For final pay, offboarding creates a final-pay action coveri > Payroll reviews and approves final-pay inputs, exports the r > For overpayment or underpayment, payroll records the varianc > The correction method and approval are recorded. > The adjustment is processed in the appropriate pay period or > The original, replacement and correction records remain link",,,clinic-scoped-unless-stated,,operational,,,,,FUNCTIONALLY-COMPLETE,FUNCTIONALLY-COMPLETE,FUNCTIONALLY-COMPLETE,OWNER-ACCEPTED,NOT-STARTED,ADOPTED-AS-IS,Expanded,P2,docs/architecture/prototype-parity/,M02/M04 pay-prep workbench
brdrule_4864489afc84,public/pulse-html-prototype.html,,brd,M07,Commercial,/staffpay,,,Business rule,Only approved attendance and approved leave enter a payroll-ready run.,,,,,clinic-scoped-unless-stated,,operational,,,,,FUNCTIONALLY-COMPLETE,FUNCTIONALLY-COMPLETE,FUNCTIONALLY-COMPLETE,OWNER-ACCEPTED,NOT-STARTED,ADOPTED-AS-IS,BRD business rule,P2,docs/architecture/prototype-parity/,
brdrule_e0c9f4e2ad32,public/pulse-html-prototype.html,,brd,M07,Commercial,/staffpay,,,Business rule,Rates and classifications come from effective-dated Staff Management settings and require payroll validation.,,,,,clinic-scoped-unless-stated,,operational,,,,,FUNCTIONALLY-COMPLETE,FUNCTIONALLY-COMPLETE,FUNCTIONALLY-COMPLETE,OWNER-ACCEPTED,NOT-STARTED,ADOPTED-AS-IS,BRD business rule,P2,docs/architecture/prototype-parity/,
brdrule_563adc1d01d8,public/pulse-html-prototype.html,,brd,M07,Commercial,/staffpay,,,Business rule,A pay run with unresolved blockers cannot be marked Ready without an authorised override.,,,,,clinic-scoped-unless-stated,,operational,,,,,FUNCTIONALLY-COMPLETE,FUNCTIONALLY-COMPLETE,FUNCTIONALLY-COMPLETE,OWNER-ACCEPTED,NOT-STARTED,ADOPTED-AS-IS,BRD business rule,P2,docs/architecture/prototype-parity/,
brdrule_420c6418a2d2,public/pulse-html-prototype.html,,brd,M07,Commercial,/staffpay,,,Business rule,Exporting does not mean payroll has been paid; reconciliation status is recorded separately.,,,,,clinic-scoped-unless-stated,,operational,,,,,FUNCTIONALLY-COMPLETE,FUNCTIONALLY-COMPLETE,FUNCTIONALLY-COMPLETE,OWNER-ACCEPTED,NOT-STARTED,ADOPTED-AS-IS,BRD business rule,P2,docs/architecture/prototype-parity/,
brdrule_8b97b0cb7152,public/pulse-html-prototype.html,,brd,M07,Commercial,/staffpay,,,Business rule,Reopening a locked period requires elevated approval and a reason.,,,,,clinic-scoped-unless-stated,,operational,,,,,FUNCTIONALLY-COMPLETE,FUNCTIONALLY-COMPLETE,FUNCTIONALLY-COMPLETE,OWNER-ACCEPTED,NOT-STARTED,ADOPTED-AS-IS,BRD business rule,P2,docs/architecture/prototype-parity/,
brdvis_fe0a73d3a7dd,public/pulse-html-prototype.html,,brd,M07,Commercial,/staffpay,,,Visual requirement,"Pay-run control tower showing Ready, Blocked, In Review, Exported, Reconciled and Locked by clinic.",,,,,clinic-scoped-unless-stated,,operational,,,,,FUNCTIONALLY-COMPLETE,FUNCTIONALLY-COMPLETE,FUNCTIONALLY-COMPLETE,OWNER-ACCEPTED,NOT-STARTED,ADOPTED-AS-IS,BRD visual requirement; final PNG prevails where image exists,P2,docs/architecture/prototype-parity/,M02/M04 pay-prep workbench
brdvis_a63f6eca3d6e,public/pulse-html-prototype.html,,brd,M07,Commercial,/staffpay,,,Visual requirement,"Variance flags for unusual overtime, missing leave, category changes and large roster differences.",,,,,clinic-scoped-unless-stated,,operational,,,,,FUNCTIONALLY-COMPLETE,FUNCTIONALLY-COMPLETE,FUNCTIONALLY-COMPLETE,OWNER-ACCEPTED,NOT-STARTED,ADOPTED-AS-IS,BRD visual requirement; final PNG prevails where image exists,P2,docs/architecture/prototype-parity/,M02/M04 pay-prep workbench
brdvis_66ac58cefd38,public/pulse-html-prototype.html,,brd,M07,Commercial,/staffpay,,,Visual requirement,Staff-level pay summary with source attendance and approval links.,,,,,clinic-scoped-unless-stated,,operational,,,,,FUNCTIONALLY-COMPLETE,FUNCTIONALLY-COMPLETE,FUNCTIONALLY-COMPLETE,OWNER-ACCEPTED,NOT-STARTED,ADOPTED-AS-IS,BRD visual requirement; final PNG prevails where image exists,P2,docs/architecture/prototype-parity/,M02/M04 pay-prep workbench
brdvis_d1ab55e276a0,public/pulse-html-prototype.html,,brd,M07,Commercial,/staffpay,,,Visual requirement,Final review checklist before export.,,,,,clinic-scoped-unless-stated,,operational,,,,,FUNCTIONALLY-COMPLETE,FUNCTIONALLY-COMPLETE,FUNCTIONALLY-COMPLETE,OWNER-ACCEPTED,NOT-STARTED,ADOPTED-AS-IS,BRD visual requirement; final PNG prevails where image exists,P2,docs/architecture/prototype-parity/,M02/M04 pay-prep workbench
brdvis_cf28e053a4c5,public/pulse-html-prototype.html,,brd,M07,Commercial,/staffpay,,,Visual requirement,"Export history with creator, date, period, status and reconciliation note.",,,,,clinic-scoped-unless-stated,,operational,,,,,FUNCTIONALLY-COMPLETE,FUNCTIONALLY-COMPLETE,FUNCTIONALLY-COMPLETE,OWNER-ACCEPTED,NOT-STARTED,ADOPTED-AS-IS,BRD visual requirement; final PNG prevails where image exists,P2,docs/architecture/prototype-parity/,M02/M04 pay-prep workbench
brdout_64e80b7036ff,public/pulse-html-prototype.html,,brd,M07,Commercial,/staffpay,,,Output/measure,Payroll readiness report,,,,,clinic-scoped-unless-stated,,operational,,,,,FUNCTIONALLY-COMPLETE,FUNCTIONALLY-COMPLETE,FUNCTIONALLY-COMPLETE,OWNER-ACCEPTED,NOT-STARTED,ADOPTED-AS-IS,BRD output/measure,P2,docs/architecture/prototype-parity/,
brdout_252d8bc6d2f1,public/pulse-html-prototype.html,,brd,M07,Commercial,/staffpay,,,Output/measure,Staff pay review and variance report,,,,,clinic-scoped-unless-stated,,operational,,,,,FUNCTIONALLY-COMPLETE,FUNCTIONALLY-COMPLETE,FUNCTIONALLY-COMPLETE,OWNER-ACCEPTED,NOT-STARTED,ADOPTED-AS-IS,BRD output/measure,P2,docs/architecture/prototype-parity/,
brdout_214fd6776715,public/pulse-html-prototype.html,,brd,M07,Commercial,/staffpay,,,Output/measure,Xero-ready export or payroll summary,,,,,clinic-scoped-unless-stated,,operational,,,,,FUNCTIONALLY-COMPLETE,FUNCTIONALLY-COMPLETE,FUNCTIONALLY-COMPLETE,OWNER-ACCEPTED,NOT-STARTED,ADOPTED-AS-IS,BRD output/measure,P2,docs/architecture/prototype-parity/,
brdout_ac09ee72b698,public/pulse-html-prototype.html,,brd,M07,Commercial,/staffpay,,,Output/measure,Export and reconciliation history,,,,,clinic-scoped-unless-stated,,operational,,,,,FUNCTIONALLY-COMPLETE,FUNCTIONALLY-COMPLETE,FUNCTIONALLY-COMPLETE,OWNER-ACCEPTED,NOT-STARTED,ADOPTED-AS-IS,BRD output/measure,P2,docs/architecture/prototype-parity/,
brdout_e8cdc9cc4a22,public/pulse-html-prototype.html,,brd,M07,Commercial,/staffpay,,,Output/measure,Prior-period correction report,,,,,clinic-scoped-unless-stated,,operational,,,,,FUNCTIONALLY-COMPLETE,FUNCTIONALLY-COMPLETE,FUNCTIONALLY-COMPLETE,OWNER-ACCEPTED,NOT-STARTED,ADOPTED-AS-IS,BRD output/measure,P2,docs/architecture/prototype-parity/,
brdout_1a84b036fc55,public/pulse-html-prototype.html,,brd,M07,Commercial,/staffpay,,,Output/measure,Measure: corrections after export,,,,,clinic-scoped-unless-stated,,operational,,,,,FUNCTIONALLY-COMPLETE,FUNCTIONALLY-COMPLETE,FUNCTIONALLY-COMPLETE,OWNER-ACCEPTED,NOT-STARTED,ADOPTED-AS-IS,BRD output/measure,P2,docs/architecture/prototype-parity/,
brdout_06fe2157fe4a,public/pulse-html-prototype.html,,brd,M07,Commercial,/staffpay,,,Output/measure,Measure: pay runs completed by cut-off,,,,,clinic-scoped-unless-stated,,operational,,,,,FUNCTIONALLY-COMPLETE,FUNCTIONALLY-COMPLETE,FUNCTIONALLY-COMPLETE,OWNER-ACCEPTED,NOT-STARTED,ADOPTED-AS-IS,BRD output/measure,P2,docs/architecture/prototype-parity/,
brdmod_3f8a3d91f74a,public/pulse-html-prototype.html,"{""file"": ""public/pulse-html-prototype.html"", ""startOffset"": 504373, ""endOffset"": 629806, ""startLine"": 2870, ""endLine"": 2870}",brd,M08,Commercial,/doctorpay,,Doctor Pay Command Centre,BRD module M08: Doctor Pay Command Centre,"Manage doctor payment calculations from approved Best Practice/practice-system activity through contract rules, adjustments, reconciliation, approval, payslip generation, email delivery, storage, doctor portal publication and confirmation of the manual bank transfer.",,,,"Finance / Payroll, Owner / Director, Authorised Practice Manager, Doctors, Auditors",clinic-scoped-unless-stated,Doctor pay calculation/payslip/dispute records (not M07; no bank execution),operational,,src/modules/m08-*/ + module-register,,,PROTOTYPE-ONLY,NOT-STARTED,NOT-STARTED,NOT-STARTED,NOT-STARTED,ADOPTED-AS-IS,Landing/legacy-level; future Doctor Pay with external-payment boundary,P6,docs/architecture/prototype-parity/,M04 people + finance review
brdtab_172ba79f73de,public/pulse-html-prototype.html,"{""file"": ""public/pulse-html-prototype.html"", ""startOffset"": 504373, ""endOffset"": 629806, ""startLine"": 2870, ""endLine"": 2870}",brd,M08,Commercial,/doctorpay,"/doctorpay?section=Pay Run — Current cycle, doctors, locations, totals and status.","Pay Run — Current cycle, doctors, locations, totals and status.","Tab: Pay Run — Current cycle, doctors, locations, totals and status.","Manage doctor payment calculations from approved Best Practice/practice-system activity through contract rules, adjustments, reconciliation, approval, payslip generation, email delivery, storage, doctor portal publication and confirmation of the manual bank transfer.","Pay Run — Current cycle, doctors, locations, totals and status.",,,,clinic-scoped-unless-stated,,operational,,,,,PROTOTYPE-ONLY,NOT-STARTED,NOT-STARTED,NOT-STARTED,NOT-STARTED,ADOPTED-AS-IS,BRD tab retained in canonical screen register,P6,docs/architecture/prototype-parity/,M04 people + finance review
brdtab_5e78dbfb2925,public/pulse-html-prototype.html,"{""file"": ""public/pulse-html-prototype.html"", ""startOffset"": 504373, ""endOffset"": 629806, ""startLine"": 2870, ""endLine"": 2870}",brd,M08,Commercial,/doctorpay,/doctorpay?section=Transactions — Imported activity matched to doctor and location.,Transactions — Imported activity matched to doctor and location.,Tab: Transactions — Imported activity matched to doctor and location.,"Manage doctor payment calculations from approved Best Practice/practice-system activity through contract rules, adjustments, reconciliation, approval, payslip generation, email delivery, storage, doctor portal publication and confirmation of the manual bank transfer.",Transactions — Imported activity matched to doctor and location.,,,,clinic-scoped-unless-stated,,operational,,,,,PROTOTYPE-ONLY,NOT-STARTED,NOT-STARTED,NOT-STARTED,NOT-STARTED,ADOPTED-AS-IS,BRD tab retained in canonical screen register,P6,docs/architecture/prototype-parity/,M04 people + finance review
brdtab_f17ff1decaf1,public/pulse-html-prototype.html,"{""file"": ""public/pulse-html-prototype.html"", ""startOffset"": 504373, ""endOffset"": 629806, ""startLine"": 2870, ""endLine"": 2870}",brd,M08,Commercial,/doctorpay,"/doctorpay?section=Contract Rules — Effective percentage, fixed rules, GST and approved exceptions.","Contract Rules — Effective percentage, fixed rules, GST and approved exceptions.","Tab: Contract Rules — Effective percentage, fixed rules, GST and approved exceptions.","Manage doctor payment calculations from approved Best Practice/practice-system activity through contract rules, adjustments, reconciliation, approval, payslip generation, email delivery, storage, doctor portal publication and confirmation of the manual bank transfer.","Contract Rules — Effective percentage, fixed rules, GST and approved exceptions.",,,,clinic-scoped-unless-stated,,operational,,,,,PROTOTYPE-ONLY,NOT-STARTED,NOT-STARTED,NOT-STARTED,NOT-STARTED,ADOPTED-AS-IS,BRD tab retained in canonical screen register,P6,docs/architecture/prototype-parity/,M04 people + finance review
brdtab_8b2fb3443f4f,public/pulse-html-prototype.html,"{""file"": ""public/pulse-html-prototype.html"", ""startOffset"": 504373, ""endOffset"": 629806, ""startLine"": 2870, ""endLine"": 2870}",brd,M08,Commercial,/doctorpay,"/doctorpay?section=Adjustments — Authorised additions, deductions and corrections.","Adjustments — Authorised additions, deductions and corrections.","Tab: Adjustments — Authorised additions, deductions and corrections.","Manage doctor payment calculations from approved Best Practice/practice-system activity through contract rules, adjustments, reconciliation, approval, payslip generation, email delivery, storage, doctor portal publication and confirmation of the manual bank transfer.","Adjustments — Authorised additions, deductions and corrections.",,,,clinic-scoped-unless-stated,,operational,,,,,PROTOTYPE-ONLY,NOT-STARTED,NOT-STARTED,NOT-STARTED,NOT-STARTED,ADOPTED-AS-IS,BRD tab retained in canonical screen register,P6,docs/architecture/prototype-parity/,M04 people + finance review
brdtab_2d1d99dbee54,public/pulse-html-prototype.html,"{""file"": ""public/pulse-html-prototype.html"", ""startOffset"": 504373, ""endOffset"": 629806, ""startLine"": 2870, ""endLine"": 2870}",brd,M08,Commercial,/doctorpay,"/doctorpay?section=Reconciliation — Source totals, excluded items, prior adjustments and variance.","Reconciliation — Source totals, excluded items, prior adjustments and variance.","Tab: Reconciliation — Source totals, excluded items, prior adjustments and variance.","Manage doctor payment calculations from approved Best Practice/practice-system activity through contract rules, adjustments, reconciliation, approval, payslip generation, email delivery, storage, doctor portal publication and confirmation of the manual bank transfer.","Reconciliation — Source totals, excluded items, prior adjustments and variance.",,,,clinic-scoped-unless-stated,,operational,,,,,PROTOTYPE-ONLY,NOT-STARTED,NOT-STARTED,NOT-STARTED,NOT-STARTED,ADOPTED-AS-IS,BRD tab retained in canonical screen register,P6,docs/architecture/prototype-parity/,M04 people + finance review
brdtab_d6261823624e,public/pulse-html-prototype.html,"{""file"": ""public/pulse-html-prototype.html"", ""startOffset"": 504373, ""endOffset"": 629806, ""startLine"": 2870, ""endLine"": 2870}",brd,M08,Commercial,/doctorpay,/doctorpay?section=Approvals — Finance and owner decision queue.,Approvals — Finance and owner decision queue.,Tab: Approvals — Finance and owner decision queue.,"Manage doctor payment calculations from approved Best Practice/practice-system activity through contract rules, adjustments, reconciliation, approval, payslip generation, email delivery, storage, doctor portal publication and confirmation of the manual bank transfer.",Approvals — Finance and owner decision queue.,,,,clinic-scoped-unless-stated,,operational,,,,,PROTOTYPE-ONLY,NOT-STARTED,NOT-STARTED,NOT-STARTED,NOT-STARTED,ADOPTED-AS-IS,BRD tab retained in canonical screen register,P6,docs/architecture/prototype-parity/,M04 people + finance review
brdtab_9c0429a7e5c6,public/pulse-html-prototype.html,"{""file"": ""public/pulse-html-prototype.html"", ""startOffset"": 504373, ""endOffset"": 629806, ""startLine"": 2870, ""endLine"": 2870}",brd,M08,Commercial,/doctorpay,"/doctorpay?section=Payslips — Generated, approved, reissued and archived statements.","Payslips — Generated, approved, reissued and archived statements.","Tab: Payslips — Generated, approved, reissued and archived statements.","Manage doctor payment calculations from approved Best Practice/practice-system activity through contract rules, adjustments, reconciliation, approval, payslip generation, email delivery, storage, doctor portal publication and confirmation of the manual bank transfer.","Payslips — Generated, approved, reissued and archived statements.",,,,clinic-scoped-unless-stated,,operational,,,,,PROTOTYPE-ONLY,NOT-STARTED,NOT-STARTED,NOT-STARTED,NOT-STARTED,ADOPTED-AS-IS,BRD tab retained in canonical screen register,P6,docs/architecture/prototype-parity/,M04 people + finance review
brdtab_af00b8005bec,public/pulse-html-prototype.html,"{""file"": ""public/pulse-html-prototype.html"", ""startOffset"": 504373, ""endOffset"": 629806, ""startLine"": 2870, ""endLine"": 2870}",brd,M08,Commercial,/doctorpay,"/doctorpay?section=Email Log — Delivery, failure, resend and recipient history.","Email Log — Delivery, failure, resend and recipient history.","Tab: Email Log — Delivery, failure, resend and recipient history.","Manage doctor payment calculations from approved Best Practice/practice-system activity through contract rules, adjustments, reconciliation, approval, payslip generation, email delivery, storage, doctor portal publication and confirmation of the manual bank transfer.","Email Log — Delivery, failure, resend and recipient history.",,,,clinic-scoped-unless-stated,,operational,,,,,PROTOTYPE-ONLY,NOT-STARTED,NOT-STARTED,NOT-STARTED,NOT-STARTED,ADOPTED-AS-IS,BRD tab retained in canonical screen register,P6,docs/architecture/prototype-parity/,M04 people + finance review
brdtab_9d11d1ef8139,public/pulse-html-prototype.html,"{""file"": ""public/pulse-html-prototype.html"", ""startOffset"": 504373, ""endOffset"": 629806, ""startLine"": 2870, ""endLine"": 2870}",brd,M08,Commercial,/doctorpay,"/doctorpay?section=Manual Payments — Bank transfer date, reference, amount and confirmer.","Manual Payments — Bank transfer date, reference, amount and confirmer.","Tab: Manual Payments — Bank transfer date, reference, amount and confirmer.","Manage doctor payment calculations from approved Best Practice/practice-system activity through contract rules, adjustments, reconciliation, approval, payslip generation, email delivery, storage, doctor portal publication and confirmation of the manual bank transfer.","Manual Payments — Bank transfer date, reference, amount and confirmer.",,,,clinic-scoped-unless-stated,,operational,,,,,PROTOTYPE-ONLY,NOT-STARTED,NOT-STARTED,NOT-STARTED,NOT-STARTED,ADOPTED-AS-IS,BRD tab retained in canonical screen register,P6,docs/architecture/prototype-parity/,M04 people + finance review
brdtab_0f5323ff73ed,public/pulse-html-prototype.html,"{""file"": ""public/pulse-html-prototype.html"", ""startOffset"": 504373, ""endOffset"": 629806, ""startLine"": 2870, ""endLine"": 2870}",brd,M08,Commercial,/doctorpay,"/doctorpay?section=Doctor Portal — Doctor-visible payslips, statements and payment status.","Doctor Portal — Doctor-visible payslips, statements and payment status.","Tab: Doctor Portal — Doctor-visible payslips, statements and payment status.","Manage doctor payment calculations from approved Best Practice/practice-system activity through contract rules, adjustments, reconciliation, approval, payslip generation, email delivery, storage, doctor portal publication and confirmation of the manual bank transfer.","Doctor Portal — Doctor-visible payslips, statements and payment status.",,,,clinic-scoped-unless-stated,,operational,,,,,PROTOTYPE-ONLY,NOT-STARTED,NOT-STARTED,NOT-STARTED,NOT-STARTED,ADOPTED-AS-IS,BRD tab retained in canonical screen register,P6,docs/architecture/prototype-parity/,M04 people + finance review
brdtab_c37f737450b5,public/pulse-html-prototype.html,"{""file"": ""public/pulse-html-prototype.html"", ""startOffset"": 504373, ""endOffset"": 629806, ""startLine"": 2870, ""endLine"": 2870}",brd,M08,Commercial,/doctorpay,"/doctorpay?section=Queries & Disputes — Doctor-submitted pay queries, evidence, finance response and resolution history.","Queries & Disputes — Doctor-submitted pay queries, evidence, finance response and resolution history.","Tab: Queries & Disputes — Doctor-submitted pay queries, evidence, finance response and resolution history.","Manage doctor payment calculations from approved Best Practice/practice-system activity through contract rules, adjustments, reconciliation, approval, payslip generation, email delivery, storage, doctor portal publication and confirmation of the manual bank transfer.","Queries & Disputes — Doctor-submitted pay queries, evidence, finance response and resolution history.",,,,clinic-scoped-unless-stated,,operational,,,,,PROTOTYPE-ONLY,NOT-STARTED,NOT-STARTED,NOT-STARTED,NOT-STARTED,ADOPTED-AS-IS,BRD tab retained in canonical screen register,P6,docs/architecture/prototype-parity/,M04 people + finance review
brdtab_9c52800db8e3,public/pulse-html-prototype.html,"{""file"": ""public/pulse-html-prototype.html"", ""startOffset"": 504373, ""endOffset"": 629806, ""startLine"": 2870, ""endLine"": 2870}",brd,M08,Commercial,/doctorpay,"/doctorpay?section=Payment Exceptions — Failed, returned, partial and replacement manual payment records.","Payment Exceptions — Failed, returned, partial and replacement manual payment records.","Tab: Payment Exceptions — Failed, returned, partial and replacement manual payment records.","Manage doctor payment calculations from approved Best Practice/practice-system activity through contract rules, adjustments, reconciliation, approval, payslip generation, email delivery, storage, doctor portal publication and confirmation of the manual bank transfer.","Payment Exceptions — Failed, returned, partial and replacement manual payment records.",,,,clinic-scoped-unless-stated,,operational,,,,,PROTOTYPE-ONLY,NOT-STARTED,NOT-STARTED,NOT-STARTED,NOT-STARTED,ADOPTED-AS-IS,BRD tab retained in canonical screen register,P6,docs/architecture/prototype-parity/,M04 people + finance review
brdbtn_576ccd35b5e8,public/pulse-html-prototype.html,"{""file"": ""public/pulse-html-prototype.html"", ""startOffset"": 504373, ""endOffset"": 629806, ""startLine"": 2870, ""endLine"": 2870}",brd,M08,Commercial,/doctorpay,,Doctor Pay Command Centre,Named action: Import / Refresh Transactions,"Manage doctor payment calculations from approved Best Practice/practice-system activity through contract rules, adjustments, reconciliation, approval, payslip generation, email delivery, storage, doctor portal publication and confirmation of the manual bank transfer.",Import / Refresh Transactions,service-backed transition required for final claim,,,clinic-scoped-unless-stated,,operational,,,,,PROTOTYPE-ONLY,NOT-STARTED,NOT-STARTED,NOT-STARTED,NOT-STARTED,ADOPTED-AS-IS,"Named BRD button must map to real action, planned service-backed action, or owner decision",P6,docs/architecture/prototype-parity/,M04 people + finance review
brdbtn_d2a67908cc53,public/pulse-html-prototype.html,"{""file"": ""public/pulse-html-prototype.html"", ""startOffset"": 504373, ""endOffset"": 629806, ""startLine"": 2870, ""endLine"": 2870}",brd,M08,Commercial,/doctorpay,,Doctor Pay Command Centre,Named action: Match Unassigned,"Manage doctor payment calculations from approved Best Practice/practice-system activity through contract rules, adjustments, reconciliation, approval, payslip generation, email delivery, storage, doctor portal publication and confirmation of the manual bank transfer.",Match Unassigned,service-backed transition required for final claim,,,clinic-scoped-unless-stated,,operational,,,,,PROTOTYPE-ONLY,NOT-STARTED,NOT-STARTED,NOT-STARTED,NOT-STARTED,ADOPTED-AS-IS,"Named BRD button must map to real action, planned service-backed action, or owner decision",P6,docs/architecture/prototype-parity/,M04 people + finance review
brdbtn_de7083e40af3,public/pulse-html-prototype.html,"{""file"": ""public/pulse-html-prototype.html"", ""startOffset"": 504373, ""endOffset"": 629806, ""startLine"": 2870, ""endLine"": 2870}",brd,M08,Commercial,/doctorpay,,Doctor Pay Command Centre,Named action: Calculate Pay Run,"Manage doctor payment calculations from approved Best Practice/practice-system activity through contract rules, adjustments, reconciliation, approval, payslip generation, email delivery, storage, doctor portal publication and confirmation of the manual bank transfer.",Calculate Pay Run,service-backed transition required for final claim,,,clinic-scoped-unless-stated,,operational,,,,,PROTOTYPE-ONLY,NOT-STARTED,NOT-STARTED,NOT-STARTED,NOT-STARTED,ADOPTED-AS-IS,"Named BRD button must map to real action, planned service-backed action, or owner decision",P6,docs/architecture/prototype-parity/,M04 people + finance review
brdbtn_f09b2b18bc3d,public/pulse-html-prototype.html,"{""file"": ""public/pulse-html-prototype.html"", ""startOffset"": 504373, ""endOffset"": 629806, ""startLine"": 2870, ""endLine"": 2870}",brd,M08,Commercial,/doctorpay,,Doctor Pay Command Centre,Named action: Add Adjustment,"Manage doctor payment calculations from approved Best Practice/practice-system activity through contract rules, adjustments, reconciliation, approval, payslip generation, email delivery, storage, doctor portal publication and confirmation of the manual bank transfer.",Add Adjustment,service-backed transition required for final claim,,,clinic-scoped-unless-stated,,operational,,,,,PROTOTYPE-ONLY,NOT-STARTED,NOT-STARTED,NOT-STARTED,NOT-STARTED,ADOPTED-AS-IS,"Named BRD button must map to real action, planned service-backed action, or owner decision",P6,docs/architecture/prototype-parity/,M04 people + finance review
brdbtn_709035adb424,public/pulse-html-prototype.html,"{""file"": ""public/pulse-html-prototype.html"", ""startOffset"": 504373, ""endOffset"": 629806, ""startLine"": 2870, ""endLine"": 2870}",brd,M08,Commercial,/doctorpay,,Doctor Pay Command Centre,Named action: Exclude with Reason,"Manage doctor payment calculations from approved Best Practice/practice-system activity through contract rules, adjustments, reconciliation, approval, payslip generation, email delivery, storage, doctor portal publication and confirmation of the manual bank transfer.",Exclude with Reason,service-backed transition required for final claim,,,clinic-scoped-unless-stated,,operational,,,,,PROTOTYPE-ONLY,NOT-STARTED,NOT-STARTED,NOT-STARTED,NOT-STARTED,ADOPTED-AS-IS,"Named BRD button must map to real action, planned service-backed action, or owner decision",P6,docs/architecture/prototype-parity/,M04 people + finance review
brdbtn_82310894e637,public/pulse-html-prototype.html,"{""file"": ""public/pulse-html-prototype.html"", ""startOffset"": 504373, ""endOffset"": 629806, ""startLine"": 2870, ""endLine"": 2870}",brd,M08,Commercial,/doctorpay,,Doctor Pay Command Centre,Named action: Reconcile,"Manage doctor payment calculations from approved Best Practice/practice-system activity through contract rules, adjustments, reconciliation, approval, payslip generation, email delivery, storage, doctor portal publication and confirmation of the manual bank transfer.",Reconcile,service-backed transition required for final claim,,,clinic-scoped-unless-stated,,operational,,,,,PROTOTYPE-ONLY,NOT-STARTED,NOT-STARTED,NOT-STARTED,NOT-STARTED,ADOPTED-AS-IS,"Named BRD button must map to real action, planned service-backed action, or owner decision",P6,docs/architecture/prototype-parity/,M04 people + finance review
brdbtn_cfb615ea7310,public/pulse-html-prototype.html,"{""file"": ""public/pulse-html-prototype.html"", ""startOffset"": 504373, ""endOffset"": 629806, ""startLine"": 2870, ""endLine"": 2870}",brd,M08,Commercial,/doctorpay,,Doctor Pay Command Centre,Named action: Submit for Approval,"Manage doctor payment calculations from approved Best Practice/practice-system activity through contract rules, adjustments, reconciliation, approval, payslip generation, email delivery, storage, doctor portal publication and confirmation of the manual bank transfer.",Submit for Approval,service-backed transition required for final claim,,,clinic-scoped-unless-stated,,operational,,,,,PROTOTYPE-ONLY,NOT-STARTED,NOT-STARTED,NOT-STARTED,NOT-STARTED,ADOPTED-AS-IS,"Named BRD button must map to real action, planned service-backed action, or owner decision",P6,docs/architecture/prototype-parity/,M04 people + finance review
brdbtn_ecd4dd44a868,public/pulse-html-prototype.html,"{""file"": ""public/pulse-html-prototype.html"", ""startOffset"": 504373, ""endOffset"": 629806, ""startLine"": 2870, ""endLine"": 2870}",brd,M08,Commercial,/doctorpay,,Doctor Pay Command Centre,Named action: Approve / Reject,"Manage doctor payment calculations from approved Best Practice/practice-system activity through contract rules, adjustments, reconciliation, approval, payslip generation, email delivery, storage, doctor portal publication and confirmation of the manual bank transfer.",Approve / Reject,service-backed transition required for final claim,,,clinic-scoped-unless-stated,,operational,,,,,PROTOTYPE-ONLY,NOT-STARTED,NOT-STARTED,NOT-STARTED,NOT-STARTED,ADOPTED-AS-IS,"Named BRD button must map to real action, planned service-backed action, or owner decision",P6,docs/architecture/prototype-parity/,M04 people + finance review
brdbtn_0c87b3ac46af,public/pulse-html-prototype.html,"{""file"": ""public/pulse-html-prototype.html"", ""startOffset"": 504373, ""endOffset"": 629806, ""startLine"": 2870, ""endLine"": 2870}",brd,M08,Commercial,/doctorpay,,Doctor Pay Command Centre,Named action: Generate Payslips,"Manage doctor payment calculations from approved Best Practice/practice-system activity through contract rules, adjustments, reconciliation, approval, payslip generation, email delivery, storage, doctor portal publication and confirmation of the manual bank transfer.",Generate Payslips,service-backed transition required for final claim,,,clinic-scoped-unless-stated,,operational,,,,,PROTOTYPE-ONLY,NOT-STARTED,NOT-STARTED,NOT-STARTED,NOT-STARTED,ADOPTED-AS-IS,"Named BRD button must map to real action, planned service-backed action, or owner decision",P6,docs/architecture/prototype-parity/,M04 people + finance review
brdbtn_a309d197c971,public/pulse-html-prototype.html,"{""file"": ""public/pulse-html-prototype.html"", ""startOffset"": 504373, ""endOffset"": 629806, ""startLine"": 2870, ""endLine"": 2870}",brd,M08,Commercial,/doctorpay,,Doctor Pay Command Centre,Named action: Preview,"Manage doctor payment calculations from approved Best Practice/practice-system activity through contract rules, adjustments, reconciliation, approval, payslip generation, email delivery, storage, doctor portal publication and confirmation of the manual bank transfer.",Preview,service-backed transition required for final claim,,,clinic-scoped-unless-stated,,operational,,,,,PROTOTYPE-ONLY,NOT-STARTED,NOT-STARTED,NOT-STARTED,NOT-STARTED,ADOPTED-AS-IS,"Named BRD button must map to real action, planned service-backed action, or owner decision",P6,docs/architecture/prototype-parity/,M04 people + finance review
brdbtn_8cdc3e8b67c0,public/pulse-html-prototype.html,"{""file"": ""public/pulse-html-prototype.html"", ""startOffset"": 504373, ""endOffset"": 629806, ""startLine"": 2870, ""endLine"": 2870}",brd,M08,Commercial,/doctorpay,,Doctor Pay Command Centre,Named action: Email Payslips,"Manage doctor payment calculations from approved Best Practice/practice-system activity through contract rules, adjustments, reconciliation, approval, payslip generation, email delivery, storage, doctor portal publication and confirmation of the manual bank transfer.",Email Payslips,service-backed transition required for final claim,,,clinic-scoped-unless-stated,,operational,,,,,PROTOTYPE-ONLY,NOT-STARTED,NOT-STARTED,NOT-STARTED,NOT-STARTED,ADOPTED-AS-IS,"Named BRD button must map to real action, planned service-backed action, or owner decision",P6,docs/architecture/prototype-parity/,M04 people + finance review
brdbtn_7ce6c5e312f1,public/pulse-html-prototype.html,"{""file"": ""public/pulse-html-prototype.html"", ""startOffset"": 504373, ""endOffset"": 629806, ""startLine"": 2870, ""endLine"": 2870}",brd,M08,Commercial,/doctorpay,,Doctor Pay Command Centre,Named action: Publish to Portal,"Manage doctor payment calculations from approved Best Practice/practice-system activity through contract rules, adjustments, reconciliation, approval, payslip generation, email delivery, storage, doctor portal publication and confirmation of the manual bank transfer.",Publish to Portal,service-backed transition required for final claim,,,clinic-scoped-unless-stated,,operational,,,,,PROTOTYPE-ONLY,NOT-STARTED,NOT-STARTED,NOT-STARTED,NOT-STARTED,ADOPTED-AS-IS,"Named BRD button must map to real action, planned service-backed action, or owner decision",P6,docs/architecture/prototype-parity/,M04 people + finance review
brdbtn_51f92f3a334b,public/pulse-html-prototype.html,"{""file"": ""public/pulse-html-prototype.html"", ""startOffset"": 504373, ""endOffset"": 629806, ""startLine"": 2870, ""endLine"": 2870}",brd,M08,Commercial,/doctorpay,,Doctor Pay Command Centre,Named action: Mark Bank Transfer Completed,"Manage doctor payment calculations from approved Best Practice/practice-system activity through contract rules, adjustments, reconciliation, approval, payslip generation, email delivery, storage, doctor portal publication and confirmation of the manual bank transfer.",Mark Bank Transfer Completed,service-backed transition required for final claim,,,clinic-scoped-unless-stated,,operational,,,,,PROTOTYPE-ONLY,NOT-STARTED,NOT-STARTED,NOT-STARTED,NOT-STARTED,ADOPTED-AS-IS,"Named BRD button must map to real action, planned service-backed action, or owner decision",P6,docs/architecture/prototype-parity/,M04 people + finance review
brdbtn_e17699e7c8be,public/pulse-html-prototype.html,"{""file"": ""public/pulse-html-prototype.html"", ""startOffset"": 504373, ""endOffset"": 629806, ""startLine"": 2870, ""endLine"": 2870}",brd,M08,Commercial,/doctorpay,,Doctor Pay Command Centre,Named action: Reissue,"Manage doctor payment calculations from approved Best Practice/practice-system activity through contract rules, adjustments, reconciliation, approval, payslip generation, email delivery, storage, doctor portal publication and confirmation of the manual bank transfer.",Reissue,service-backed transition required for final claim,,,clinic-scoped-unless-stated,,operational,,,,,PROTOTYPE-ONLY,NOT-STARTED,NOT-STARTED,NOT-STARTED,NOT-STARTED,ADOPTED-AS-IS,"Named BRD button must map to real action, planned service-backed action, or owner decision",P6,docs/architecture/prototype-parity/,M04 people + finance review
brdbtn_eca201721021,public/pulse-html-prototype.html,"{""file"": ""public/pulse-html-prototype.html"", ""startOffset"": 504373, ""endOffset"": 629806, ""startLine"": 2870, ""endLine"": 2870}",brd,M08,Commercial,/doctorpay,,Doctor Pay Command Centre,Named action: Lock Run,"Manage doctor payment calculations from approved Best Practice/practice-system activity through contract rules, adjustments, reconciliation, approval, payslip generation, email delivery, storage, doctor portal publication and confirmation of the manual bank transfer.",Lock Run,service-backed transition required for final claim,,,clinic-scoped-unless-stated,,operational,,,,,PROTOTYPE-ONLY,NOT-STARTED,NOT-STARTED,NOT-STARTED,NOT-STARTED,ADOPTED-AS-IS,"Named BRD button must map to real action, planned service-backed action, or owner decision",P6,docs/architecture/prototype-parity/,M04 people + finance review
brdbtn_ac77743426ea,public/pulse-html-prototype.html,"{""file"": ""public/pulse-html-prototype.html"", ""startOffset"": 504373, ""endOffset"": 629806, ""startLine"": 2870, ""endLine"": 2870}",brd,M08,Commercial,/doctorpay,,Doctor Pay Command Centre,Named action: Record Failed / Returned Payment,"Manage doctor payment calculations from approved Best Practice/practice-system activity through contract rules, adjustments, reconciliation, approval, payslip generation, email delivery, storage, doctor portal publication and confirmation of the manual bank transfer.",Record Failed / Returned Payment,service-backed transition required for final claim,,,clinic-scoped-unless-stated,,operational,,,,,PROTOTYPE-ONLY,NOT-STARTED,NOT-STARTED,NOT-STARTED,NOT-STARTED,ADOPTED-AS-IS,"Named BRD button must map to real action, planned service-backed action, or owner decision",P6,docs/architecture/prototype-parity/,M04 people + finance review
brdbtn_cca4d0880891,public/pulse-html-prototype.html,"{""file"": ""public/pulse-html-prototype.html"", ""startOffset"": 504373, ""endOffset"": 629806, ""startLine"": 2870, ""endLine"": 2870}",brd,M08,Commercial,/doctorpay,,Doctor Pay Command Centre,Named action: Record Partial Payment,"Manage doctor payment calculations from approved Best Practice/practice-system activity through contract rules, adjustments, reconciliation, approval, payslip generation, email delivery, storage, doctor portal publication and confirmation of the manual bank transfer.",Record Partial Payment,service-backed transition required for final claim,,,clinic-scoped-unless-stated,,operational,,,,,PROTOTYPE-ONLY,NOT-STARTED,NOT-STARTED,NOT-STARTED,NOT-STARTED,ADOPTED-AS-IS,"Named BRD button must map to real action, planned service-backed action, or owner decision",P6,docs/architecture/prototype-parity/,M04 people + finance review
brdbtn_7ca6b890d766,public/pulse-html-prototype.html,"{""file"": ""public/pulse-html-prototype.html"", ""startOffset"": 504373, ""endOffset"": 629806, ""startLine"": 2870, ""endLine"": 2870}",brd,M08,Commercial,/doctorpay,,Doctor Pay Command Centre,Named action: Resolve Pay Dispute,"Manage doctor payment calculations from approved Best Practice/practice-system activity through contract rules, adjustments, reconciliation, approval, payslip generation, email delivery, storage, doctor portal publication and confirmation of the manual bank transfer.",Resolve Pay Dispute,service-backed transition required for final claim,,,clinic-scoped-unless-stated,,operational,,,,,PROTOTYPE-ONLY,NOT-STARTED,NOT-STARTED,NOT-STARTED,NOT-STARTED,ADOPTED-AS-IS,"Named BRD button must map to real action, planned service-backed action, or owner decision",P6,docs/architecture/prototype-parity/,M04 people + finance review
brdflow_2dc24087f1e9,public/pulse-html-prototype.html,"{""file"": ""public/pulse-html-prototype.html"", ""startOffset"": 504373, ""endOffset"": 629806, ""startLine"": 2870, ""endLine"": 2870}",brd,M08,Commercial,/doctorpay,,Doctor Pay Command Centre,Workflow: Full doctor pay run,Full doctor pay run,,"Finance user opens Pay Run, selects the payment cycle and cl > Transactions are matched to doctor and clinic; unmatched ite > User resolves unmatched items and clicks Calculate Pay Run. > The platform applies the effective contract rule, GST treatm > User opens Reconciliation, compares source totals, exclusion > User clicks Submit for Approval; the authorised approver rev > After approval, user clicks Generate Payslips, previews them > An authorised user completes the bank transfer outside the p > The user returns to Manual Payments, records transfer detail > When every doctor is resolved, the pay run is Locked.",,,clinic-scoped-unless-stated,,operational,,,,,PROTOTYPE-ONLY,NOT-STARTED,NOT-STARTED,NOT-STARTED,NOT-STARTED,ADOPTED-AS-IS,Core,P6,docs/architecture/prototype-parity/,M04 people + finance review
brdflow_58e2621748c4,public/pulse-html-prototype.html,"{""file"": ""public/pulse-html-prototype.html"", ""startOffset"": 504373, ""endOffset"": 629806, ""startLine"": 2870, ""endLine"": 2870}",brd,M08,Commercial,/doctorpay,,Doctor Pay Command Centre,Workflow: Add an adjustment,Add an adjustment,,"User opens a doctor in Adjustments and clicks Add Adjustment > A modal captures category, amount, GST treatment if relevant > The adjustment enters Pending Approval and recalculates the  > Approver reviews the adjustment in Action Inbox and approves > Approved adjustment appears on the reconciliation and paysli",,,clinic-scoped-unless-stated,,operational,,,,,PROTOTYPE-ONLY,NOT-STARTED,NOT-STARTED,NOT-STARTED,NOT-STARTED,ADOPTED-AS-IS,Core,P6,docs/architecture/prototype-parity/,M04 people + finance review
brdflow_d40f9dc93d49,public/pulse-html-prototype.html,"{""file"": ""public/pulse-html-prototype.html"", ""startOffset"": 504373, ""endOffset"": 629806, ""startLine"": 2870, ""endLine"": 2870}",brd,M08,Commercial,/doctorpay,,Doctor Pay Command Centre,Workflow: Reissue a payslip,Reissue a payslip,,"Finance user opens Payslips and selects the original documen > User clicks Reissue and chooses correction, recipient update > For a financial correction, the pay run must be reopened thr > A new version is generated with reissue reason and reference > The new payslip is emailed/published and the email log recor",,,clinic-scoped-unless-stated,,operational,,,,,PROTOTYPE-ONLY,NOT-STARTED,NOT-STARTED,NOT-STARTED,NOT-STARTED,ADOPTED-AS-IS,Core,P6,docs/architecture/prototype-parity/,M04 people + finance review
brdflow_f55e9ef92fe7,public/pulse-html-prototype.html,"{""file"": ""public/pulse-html-prototype.html"", ""startOffset"": 504373, ""endOffset"": 629806, ""startLine"": 2870, ""endLine"": 2870}",brd,M08,Commercial,/doctorpay,,Doctor Pay Command Centre,Workflow: Doctor self-service review,Doctor self-service review,,"Doctor opens Doctor Portal and sees recent pay cycles and st > Doctor selects a cycle to view payslip, transaction schedule > Doctor clicks Raise Query if clarification is needed and ent > The query creates a finance action linked to the exact pay r > Finance responds and the query history remains visible to th",,,clinic-scoped-unless-stated,,operational,,,,,PROTOTYPE-ONLY,NOT-STARTED,NOT-STARTED,NOT-STARTED,NOT-STARTED,ADOPTED-AS-IS,Core,P6,docs/architecture/prototype-parity/,M04 people + finance review
brdflow_421955dc7714,public/pulse-html-prototype.html,"{""file"": ""public/pulse-html-prototype.html"", ""startOffset"": 504373, ""endOffset"": 629806, ""startLine"": 2870, ""endLine"": 2870}",brd,M08,Commercial,/doctorpay,,Doctor Pay Command Centre,Workflow: Doctor Bank Detail Change and Verification,Doctor Bank Detail Change and Verification,,"Doctor or authorised finance user clicks Request Bank Detail > New details are entered and remain Pending Verification; app > The approved verification procedure is completed and evidenc > Where required, a second authorised approver confirms or rej > The effective date is set and the doctor receives confirmati > Doctor Pay displays a warning for pay runs affected by the c > Previous details remain restricted in effective-dated histor",,,clinic-scoped-unless-stated,,operational,,,,,PROTOTYPE-ONLY,NOT-STARTED,NOT-STARTED,NOT-STARTED,NOT-STARTED,ADOPTED-AS-IS,Expanded,P6,docs/architecture/prototype-parity/,M04 people + finance review
brdflow_651bba855539,public/pulse-html-prototype.html,"{""file"": ""public/pulse-html-prototype.html"", ""startOffset"": 504373, ""endOffset"": 629806, ""startLine"": 2870, ""endLine"": 2870}",brd,M08,Commercial,/doctorpay,,Doctor Pay Command Centre,"Workflow: Doctor Pay Dispute, Failed Transfer and Partial Payment","Doctor Pay Dispute, Failed Transfer and Partial Payment",,"Doctor selects a payslip or transaction and clicks Raise Pay > Doctor chooses a category such as missing activity, calculat > Finance accepts the query, reviews linked source information > If a financial correction is required, the authorised pay-ru > If a transfer failed or was returned, finance records the pa > For partial payment, the paid amount is recorded and the rem > Replacement payment details are recorded after the manual tr > Finance sends the outcome to the doctor and closes the dispu",,,clinic-scoped-unless-stated,,operational,,,,,PROTOTYPE-ONLY,NOT-STARTED,NOT-STARTED,NOT-STARTED,NOT-STARTED,ADOPTED-AS-IS,Expanded,P6,docs/architecture/prototype-parity/,M04 people + finance review
brdrule_b6b35bb28062,public/pulse-html-prototype.html,,brd,M08,Commercial,/doctorpay,,,Business rule,Doctor contract rules and GST settings are effective-dated and sourced from the approved doctor profile.,,,,,clinic-scoped-unless-stated,,operational,,,,,PROTOTYPE-ONLY,NOT-STARTED,NOT-STARTED,NOT-STARTED,NOT-STARTED,ADOPTED-AS-IS,BRD business rule,P6,docs/architecture/prototype-parity/,
brdrule_bfb42fbd6892,public/pulse-html-prototype.html,,brd,M08,Commercial,/doctorpay,,,Business rule,"Unmatched, duplicate or excluded transactions must be resolved or explicitly approved before finalisation.",,,,,clinic-scoped-unless-stated,,operational,,,,,PROTOTYPE-ONLY,NOT-STARTED,NOT-STARTED,NOT-STARTED,NOT-STARTED,ADOPTED-AS-IS,BRD business rule,P6,docs/architecture/prototype-parity/,
brdrule_905f64a56829,public/pulse-html-prototype.html,,brd,M08,Commercial,/doctorpay,,,Business rule,"Adjustments require type, amount, reason, evidence, creator and approver.",,,,,clinic-scoped-unless-stated,,operational,,,,,PROTOTYPE-ONLY,NOT-STARTED,NOT-STARTED,NOT-STARTED,NOT-STARTED,ADOPTED-AS-IS,BRD business rule,P6,docs/architecture/prototype-parity/,
brdrule_828ead738c64,public/pulse-html-prototype.html,,brd,M08,Commercial,/doctorpay,,,Business rule,Payslips are generated only from the approved reconciled version.,,,,,clinic-scoped-unless-stated,,operational,,,,,PROTOTYPE-ONLY,NOT-STARTED,NOT-STARTED,NOT-STARTED,NOT-STARTED,ADOPTED-AS-IS,BRD business rule,P6,docs/architecture/prototype-parity/,
brdrule_3756a8ba3c3f,public/pulse-html-prototype.html,,brd,M08,Commercial,/doctorpay,,,Business rule,Email failure does not reverse approval; it creates a resend action.,,,,,clinic-scoped-unless-stated,,operational,,,,,PROTOTYPE-ONLY,NOT-STARTED,NOT-STARTED,NOT-STARTED,NOT-STARTED,ADOPTED-AS-IS,BRD business rule,P6,docs/architecture/prototype-parity/,
brdrule_5e766d9f87d4,public/pulse-html-prototype.html,,brd,M08,Commercial,/doctorpay,,,Business rule,"Marking paid requires manual transfer date, amount, payment reference and authorised confirmer.",,,,,clinic-scoped-unless-stated,,operational,,,,,PROTOTYPE-ONLY,NOT-STARTED,NOT-STARTED,NOT-STARTED,NOT-STARTED,ADOPTED-AS-IS,BRD business rule,P6,docs/architecture/prototype-parity/,
brdrule_0897514800ed,public/pulse-html-prototype.html,,brd,M08,Commercial,/doctorpay,,,Business rule,Corrections and reissues create a new version and never erase the original.,,,,,clinic-scoped-unless-stated,,operational,,,,,PROTOTYPE-ONLY,NOT-STARTED,NOT-STARTED,NOT-STARTED,NOT-STARTED,ADOPTED-AS-IS,BRD business rule,P6,docs/architecture/prototype-parity/,
brdvis_397946a40ba7,public/pulse-html-prototype.html,,brd,M08,Commercial,/doctorpay,,,Visual requirement,Pay-run progress stepper: Imported → Calculated → Reconciled → Approved → Payslips Sent → Manual Payment Recorded → Locked.,,,,,clinic-scoped-unless-stated,,operational,,,,,PROTOTYPE-ONLY,NOT-STARTED,NOT-STARTED,NOT-STARTED,NOT-STARTED,ADOPTED-AS-IS,BRD visual requirement; final PNG prevails where image exists,P6,docs/architecture/prototype-parity/,M04 people + finance review
brdvis_d46ee6813642,public/pulse-html-prototype.html,,brd,M08,Commercial,/doctorpay,,,Visual requirement,"Doctor summary cards showing gross activity, exclusions, adjustments, rate, GST and amount payable.",,,,,clinic-scoped-unless-stated,,operational,,,,,PROTOTYPE-ONLY,NOT-STARTED,NOT-STARTED,NOT-STARTED,NOT-STARTED,ADOPTED-AS-IS,BRD visual requirement; final PNG prevails where image exists,P6,docs/architecture/prototype-parity/,M04 people + finance review
brdvis_ac9c7de375eb,public/pulse-html-prototype.html,,brd,M08,Commercial,/doctorpay,,,Visual requirement,Unmatched transaction queue and reconciliation variance panel.,,,,,clinic-scoped-unless-stated,,operational,,,,,PROTOTYPE-ONLY,NOT-STARTED,NOT-STARTED,NOT-STARTED,NOT-STARTED,ADOPTED-AS-IS,BRD visual requirement; final PNG prevails where image exists,P6,docs/architecture/prototype-parity/,M04 people + finance review
brdvis_cbd5c2d34c9f,public/pulse-html-prototype.html,,brd,M08,Commercial,/doctorpay,,,Visual requirement,Payslip preview with email delivery status and stored version.,,,,,clinic-scoped-unless-stated,,operational,,,,,PROTOTYPE-ONLY,NOT-STARTED,NOT-STARTED,NOT-STARTED,NOT-STARTED,ADOPTED-AS-IS,BRD visual requirement; final PNG prevails where image exists,P6,docs/architecture/prototype-parity/,M04 people + finance review
brdvis_2216a5688352,public/pulse-html-prototype.html,,brd,M08,Commercial,/doctorpay,,,Visual requirement,Manual payment register with separate status from payslip delivery.,,,,,clinic-scoped-unless-stated,,operational,,,,,PROTOTYPE-ONLY,NOT-STARTED,NOT-STARTED,NOT-STARTED,NOT-STARTED,ADOPTED-AS-IS,BRD visual requirement; final PNG prevails where image exists,P6,docs/architecture/prototype-parity/,M04 people + finance review
brdout_992f13cc2303,public/pulse-html-prototype.html,,brd,M08,Commercial,/doctorpay,,,Output/measure,Doctor payslip PDF,,,,,clinic-scoped-unless-stated,,operational,,,,,PROTOTYPE-ONLY,NOT-STARTED,NOT-STARTED,NOT-STARTED,NOT-STARTED,ADOPTED-AS-IS,BRD output/measure,P6,docs/architecture/prototype-parity/,
brdout_731705f24a6e,public/pulse-html-prototype.html,,brd,M08,Commercial,/doctorpay,,,Output/measure,Doctor transaction schedule,,,,,clinic-scoped-unless-stated,,operational,,,,,PROTOTYPE-ONLY,NOT-STARTED,NOT-STARTED,NOT-STARTED,NOT-STARTED,ADOPTED-AS-IS,BRD output/measure,P6,docs/architecture/prototype-parity/,
brdout_9a6828e13ee7,public/pulse-html-prototype.html,,brd,M08,Commercial,/doctorpay,,,Output/measure,Pay-run reconciliation report,,,,,clinic-scoped-unless-stated,,operational,,,,,PROTOTYPE-ONLY,NOT-STARTED,NOT-STARTED,NOT-STARTED,NOT-STARTED,ADOPTED-AS-IS,BRD output/measure,P6,docs/architecture/prototype-parity/,
brdout_a903d2b8f793,public/pulse-html-prototype.html,,brd,M08,Commercial,/doctorpay,,,Output/measure,Adjustment register,,,,,clinic-scoped-unless-stated,,operational,,,,,PROTOTYPE-ONLY,NOT-STARTED,NOT-STARTED,NOT-STARTED,NOT-STARTED,ADOPTED-AS-IS,BRD output/measure,P6,docs/architecture/prototype-parity/,
brdout_8831c7227105,public/pulse-html-prototype.html,,brd,M08,Commercial,/doctorpay,,,Output/measure,Email delivery log,,,,,clinic-scoped-unless-stated,,operational,,,,,PROTOTYPE-ONLY,NOT-STARTED,NOT-STARTED,NOT-STARTED,NOT-STARTED,ADOPTED-AS-IS,BRD output/measure,P6,docs/architecture/prototype-parity/,
brdout_4970355d99d2,public/pulse-html-prototype.html,,brd,M08,Commercial,/doctorpay,,,Output/measure,Manual bank payment register,,,,,clinic-scoped-unless-stated,,operational,,,,,PROTOTYPE-ONLY,NOT-STARTED,NOT-STARTED,NOT-STARTED,NOT-STARTED,ADOPTED-AS-IS,BRD output/measure,P6,docs/architecture/prototype-parity/,
brdout_c44bb31e7bfd,public/pulse-html-prototype.html,,brd,M08,Commercial,/doctorpay,,,Output/measure,Quarterly/periodic doctor statement,,,,,clinic-scoped-unless-stated,,operational,,,,,PROTOTYPE-ONLY,NOT-STARTED,NOT-STARTED,NOT-STARTED,NOT-STARTED,ADOPTED-AS-IS,BRD output/measure,P6,docs/architecture/prototype-parity/,
brdout_5cbab38224cb,public/pulse-html-prototype.html,,brd,M08,Commercial,/doctorpay,,,Output/measure,Measure: pay runs completed by payment date,,,,,clinic-scoped-unless-stated,,operational,,,,,PROTOTYPE-ONLY,NOT-STARTED,NOT-STARTED,NOT-STARTED,NOT-STARTED,ADOPTED-AS-IS,BRD output/measure,P6,docs/architecture/prototype-parity/,
brdout_496dae88f9ff,public/pulse-html-prototype.html,,brd,M08,Commercial,/doctorpay,,,Output/measure,Measure: unmatched or disputed items at approval,,,,,clinic-scoped-unless-stated,,operational,,,,,PROTOTYPE-ONLY,NOT-STARTED,NOT-STARTED,NOT-STARTED,NOT-STARTED,ADOPTED-AS-IS,BRD output/measure,P6,docs/architecture/prototype-parity/,
brdmod_49b6a5786b8d,public/pulse-html-prototype.html,"{""file"": ""public/pulse-html-prototype.html"", ""startOffset"": 504373, ""endOffset"": 629806, ""startLine"": 2870, ""endLine"": 2870}",brd,M09,Commercial,/bbpip,,BBPIP Forecast & Reconciliation,BRD module M09: BBPIP Forecast & Reconciliation,"Provide an operational workspace for Bulk Billing Practice Incentive Program forecasting, doctor/location contribution review, evidence readiness, variance analysis and final reconciliation using approved practice-system summaries.",,,,"Owner / Director, Finance, Practice Managers, Doctors with approved visibility, Compliance Reviewers",clinic-scoped-unless-stated,BBPIP forecasting and outcome reconciliation (aggregate),operational,,src/modules/m09-*/ + module-register,,,PROTOTYPE-ONLY,NOT-STARTED,NOT-STARTED,NOT-STARTED,NOT-STARTED,ADOPTED-AS-IS,Landing/legacy-level; aggregate BBPIP only,P6,docs/architecture/prototype-parity/,M01 analytics + M06 reconciliation
brdtab_f94ce43a1e9b,public/pulse-html-prototype.html,"{""file"": ""public/pulse-html-prototype.html"", ""startOffset"": 504373, ""endOffset"": 629806, ""startLine"": 2870, ""endLine"": 2870}",brd,M09,Commercial,/bbpip,/bbpip?section=Forecast — Current quarter/period estimate and trend.,Forecast — Current quarter/period estimate and trend.,Tab: Forecast — Current quarter/period estimate and trend.,"Provide an operational workspace for Bulk Billing Practice Incentive Program forecasting, doctor/location contribution review, evidence readiness, variance analysis and final reconciliation using approved practice-system summaries.",Forecast — Current quarter/period estimate and trend.,,,,clinic-scoped-unless-stated,,operational,,,,,PROTOTYPE-ONLY,NOT-STARTED,NOT-STARTED,NOT-STARTED,NOT-STARTED,ADOPTED-AS-IS,BRD tab retained in canonical screen register,P6,docs/architecture/prototype-parity/,M01 analytics + M06 reconciliation
brdtab_0797373aab3b,public/pulse-html-prototype.html,"{""file"": ""public/pulse-html-prototype.html"", ""startOffset"": 504373, ""endOffset"": 629806, ""startLine"": 2870, ""endLine"": 2870}",brd,M09,Commercial,/bbpip,/bbpip?section=Doctor / Clinic Contribution — Contribution summaries with filters.,Doctor / Clinic Contribution — Contribution summaries with filters.,Tab: Doctor / Clinic Contribution — Contribution summaries with filters.,"Provide an operational workspace for Bulk Billing Practice Incentive Program forecasting, doctor/location contribution review, evidence readiness, variance analysis and final reconciliation using approved practice-system summaries.",Doctor / Clinic Contribution — Contribution summaries with filters.,,,,clinic-scoped-unless-stated,,operational,,,,,PROTOTYPE-ONLY,NOT-STARTED,NOT-STARTED,NOT-STARTED,NOT-STARTED,ADOPTED-AS-IS,BRD tab retained in canonical screen register,P6,docs/architecture/prototype-parity/,M01 analytics + M06 reconciliation
brdtab_a61759550a70,public/pulse-html-prototype.html,"{""file"": ""public/pulse-html-prototype.html"", ""startOffset"": 504373, ""endOffset"": 629806, ""startLine"": 2870, ""endLine"": 2870}",brd,M09,Commercial,/bbpip,"/bbpip?section=Eligibility & Rules — Business interpretation, required evidence and effective dates.","Eligibility & Rules — Business interpretation, required evidence and effective dates.","Tab: Eligibility & Rules — Business interpretation, required evidence and effective dates.","Provide an operational workspace for Bulk Billing Practice Incentive Program forecasting, doctor/location contribution review, evidence readiness, variance analysis and final reconciliation using approved practice-system summaries.","Eligibility & Rules — Business interpretation, required evidence and effective dates.",,,,clinic-scoped-unless-stated,,operational,,,,,PROTOTYPE-ONLY,NOT-STARTED,NOT-STARTED,NOT-STARTED,NOT-STARTED,ADOPTED-AS-IS,BRD tab retained in canonical screen register,P6,docs/architecture/prototype-parity/,M01 analytics + M06 reconciliation
brdtab_4326a660e694,public/pulse-html-prototype.html,"{""file"": ""public/pulse-html-prototype.html"", ""startOffset"": 504373, ""endOffset"": 629806, ""startLine"": 2870, ""endLine"": 2870}",brd,M09,Commercial,/bbpip,/bbpip?section=Compliance Gaps — Missing or inconsistent evidence and exceptions.,Compliance Gaps — Missing or inconsistent evidence and exceptions.,Tab: Compliance Gaps — Missing or inconsistent evidence and exceptions.,"Provide an operational workspace for Bulk Billing Practice Incentive Program forecasting, doctor/location contribution review, evidence readiness, variance analysis and final reconciliation using approved practice-system summaries.",Compliance Gaps — Missing or inconsistent evidence and exceptions.,,,,clinic-scoped-unless-stated,,operational,,,,,PROTOTYPE-ONLY,NOT-STARTED,NOT-STARTED,NOT-STARTED,NOT-STARTED,ADOPTED-AS-IS,BRD tab retained in canonical screen register,P6,docs/architecture/prototype-parity/,M01 analytics + M06 reconciliation
brdtab_4ef54b541e9f,public/pulse-html-prototype.html,"{""file"": ""public/pulse-html-prototype.html"", ""startOffset"": 504373, ""endOffset"": 629806, ""startLine"": 2870, ""endLine"": 2870}",brd,M09,Commercial,/bbpip,/bbpip?section=Reconciliation — Forecast versus actual result and variance reasons.,Reconciliation — Forecast versus actual result and variance reasons.,Tab: Reconciliation — Forecast versus actual result and variance reasons.,"Provide an operational workspace for Bulk Billing Practice Incentive Program forecasting, doctor/location contribution review, evidence readiness, variance analysis and final reconciliation using approved practice-system summaries.",Reconciliation — Forecast versus actual result and variance reasons.,,,,clinic-scoped-unless-stated,,operational,,,,,PROTOTYPE-ONLY,NOT-STARTED,NOT-STARTED,NOT-STARTED,NOT-STARTED,ADOPTED-AS-IS,BRD tab retained in canonical screen register,P6,docs/architecture/prototype-parity/,M01 analytics + M06 reconciliation
brdtab_c5846d6f665b,public/pulse-html-prototype.html,"{""file"": ""public/pulse-html-prototype.html"", ""startOffset"": 504373, ""endOffset"": 629806, ""startLine"": 2870, ""endLine"": 2870}",brd,M09,Commercial,/bbpip,"/bbpip?section=Evidence — Linked reports, approvals and supporting files.","Evidence — Linked reports, approvals and supporting files.","Tab: Evidence — Linked reports, approvals and supporting files.","Provide an operational workspace for Bulk Billing Practice Incentive Program forecasting, doctor/location contribution review, evidence readiness, variance analysis and final reconciliation using approved practice-system summaries.","Evidence — Linked reports, approvals and supporting files.",,,,clinic-scoped-unless-stated,,operational,,,,,PROTOTYPE-ONLY,NOT-STARTED,NOT-STARTED,NOT-STARTED,NOT-STARTED,ADOPTED-AS-IS,BRD tab retained in canonical screen register,P6,docs/architecture/prototype-parity/,M01 analytics + M06 reconciliation
brdtab_3fdc3b1fa8da,public/pulse-html-prototype.html,"{""file"": ""public/pulse-html-prototype.html"", ""startOffset"": 504373, ""endOffset"": 629806, ""startLine"": 2870, ""endLine"": 2870}",brd,M09,Commercial,/bbpip,"/bbpip?section=History — Prior forecasts, versions and final outcomes.","History — Prior forecasts, versions and final outcomes.","Tab: History — Prior forecasts, versions and final outcomes.","Provide an operational workspace for Bulk Billing Practice Incentive Program forecasting, doctor/location contribution review, evidence readiness, variance analysis and final reconciliation using approved practice-system summaries.","History — Prior forecasts, versions and final outcomes.",,,,clinic-scoped-unless-stated,,operational,,,,,PROTOTYPE-ONLY,NOT-STARTED,NOT-STARTED,NOT-STARTED,NOT-STARTED,ADOPTED-AS-IS,BRD tab retained in canonical screen register,P6,docs/architecture/prototype-parity/,M01 analytics + M06 reconciliation
brdbtn_522a3fc49e66,public/pulse-html-prototype.html,"{""file"": ""public/pulse-html-prototype.html"", ""startOffset"": 504373, ""endOffset"": 629806, ""startLine"": 2870, ""endLine"": 2870}",brd,M09,Commercial,/bbpip,,BBPIP Forecast & Reconciliation,Named action: Refresh Approved Data,"Provide an operational workspace for Bulk Billing Practice Incentive Program forecasting, doctor/location contribution review, evidence readiness, variance analysis and final reconciliation using approved practice-system summaries.",Refresh Approved Data,service-backed transition required for final claim,,,clinic-scoped-unless-stated,,operational,,,,,PROTOTYPE-ONLY,NOT-STARTED,NOT-STARTED,NOT-STARTED,NOT-STARTED,ADOPTED-AS-IS,"Named BRD button must map to real action, planned service-backed action, or owner decision",P6,docs/architecture/prototype-parity/,M01 analytics + M06 reconciliation
brdbtn_7c1ee44a7fea,public/pulse-html-prototype.html,"{""file"": ""public/pulse-html-prototype.html"", ""startOffset"": 504373, ""endOffset"": 629806, ""startLine"": 2870, ""endLine"": 2870}",brd,M09,Commercial,/bbpip,,BBPIP Forecast & Reconciliation,Named action: Run Forecast,"Provide an operational workspace for Bulk Billing Practice Incentive Program forecasting, doctor/location contribution review, evidence readiness, variance analysis and final reconciliation using approved practice-system summaries.",Run Forecast,service-backed transition required for final claim,,,clinic-scoped-unless-stated,,operational,,,,,PROTOTYPE-ONLY,NOT-STARTED,NOT-STARTED,NOT-STARTED,NOT-STARTED,ADOPTED-AS-IS,"Named BRD button must map to real action, planned service-backed action, or owner decision",P6,docs/architecture/prototype-parity/,M01 analytics + M06 reconciliation
brdbtn_a999f64b92b1,public/pulse-html-prototype.html,"{""file"": ""public/pulse-html-prototype.html"", ""startOffset"": 504373, ""endOffset"": 629806, ""startLine"": 2870, ""endLine"": 2870}",brd,M09,Commercial,/bbpip,,BBPIP Forecast & Reconciliation,Named action: View Contribution,"Provide an operational workspace for Bulk Billing Practice Incentive Program forecasting, doctor/location contribution review, evidence readiness, variance analysis and final reconciliation using approved practice-system summaries.",View Contribution,service-backed transition required for final claim,,,clinic-scoped-unless-stated,,operational,,,,,PROTOTYPE-ONLY,NOT-STARTED,NOT-STARTED,NOT-STARTED,NOT-STARTED,ADOPTED-AS-IS,"Named BRD button must map to real action, planned service-backed action, or owner decision",P6,docs/architecture/prototype-parity/,M01 analytics + M06 reconciliation
brdbtn_2685b8eb566a,public/pulse-html-prototype.html,"{""file"": ""public/pulse-html-prototype.html"", ""startOffset"": 504373, ""endOffset"": 629806, ""startLine"": 2870, ""endLine"": 2870}",brd,M09,Commercial,/bbpip,,BBPIP Forecast & Reconciliation,Named action: Open Gap,"Provide an operational workspace for Bulk Billing Practice Incentive Program forecasting, doctor/location contribution review, evidence readiness, variance analysis and final reconciliation using approved practice-system summaries.",Open Gap,service-backed transition required for final claim,,,clinic-scoped-unless-stated,,operational,,,,,PROTOTYPE-ONLY,NOT-STARTED,NOT-STARTED,NOT-STARTED,NOT-STARTED,ADOPTED-AS-IS,"Named BRD button must map to real action, planned service-backed action, or owner decision",P6,docs/architecture/prototype-parity/,M01 analytics + M06 reconciliation
brdbtn_d2e20edb8f31,public/pulse-html-prototype.html,"{""file"": ""public/pulse-html-prototype.html"", ""startOffset"": 504373, ""endOffset"": 629806, ""startLine"": 2870, ""endLine"": 2870}",brd,M09,Commercial,/bbpip,,BBPIP Forecast & Reconciliation,Named action: Assign Action,"Provide an operational workspace for Bulk Billing Practice Incentive Program forecasting, doctor/location contribution review, evidence readiness, variance analysis and final reconciliation using approved practice-system summaries.",Assign Action,service-backed transition required for final claim,,,clinic-scoped-unless-stated,,operational,,,,,PROTOTYPE-ONLY,NOT-STARTED,NOT-STARTED,NOT-STARTED,NOT-STARTED,ADOPTED-AS-IS,"Named BRD button must map to real action, planned service-backed action, or owner decision",P6,docs/architecture/prototype-parity/,M01 analytics + M06 reconciliation
brdbtn_0c822b243e84,public/pulse-html-prototype.html,"{""file"": ""public/pulse-html-prototype.html"", ""startOffset"": 504373, ""endOffset"": 629806, ""startLine"": 2870, ""endLine"": 2870}",brd,M09,Commercial,/bbpip,,BBPIP Forecast & Reconciliation,Named action: Add Evidence,"Provide an operational workspace for Bulk Billing Practice Incentive Program forecasting, doctor/location contribution review, evidence readiness, variance analysis and final reconciliation using approved practice-system summaries.",Add Evidence,service-backed transition required for final claim,,,clinic-scoped-unless-stated,,operational,,,,,PROTOTYPE-ONLY,NOT-STARTED,NOT-STARTED,NOT-STARTED,NOT-STARTED,ADOPTED-AS-IS,"Named BRD button must map to real action, planned service-backed action, or owner decision",P6,docs/architecture/prototype-parity/,M01 analytics + M06 reconciliation
brdbtn_9ad9a74a2f4b,public/pulse-html-prototype.html,"{""file"": ""public/pulse-html-prototype.html"", ""startOffset"": 504373, ""endOffset"": 629806, ""startLine"": 2870, ""endLine"": 2870}",brd,M09,Commercial,/bbpip,,BBPIP Forecast & Reconciliation,Named action: Submit Estimate Review,"Provide an operational workspace for Bulk Billing Practice Incentive Program forecasting, doctor/location contribution review, evidence readiness, variance analysis and final reconciliation using approved practice-system summaries.",Submit Estimate Review,service-backed transition required for final claim,,,clinic-scoped-unless-stated,,operational,,,,,PROTOTYPE-ONLY,NOT-STARTED,NOT-STARTED,NOT-STARTED,NOT-STARTED,ADOPTED-AS-IS,"Named BRD button must map to real action, planned service-backed action, or owner decision",P6,docs/architecture/prototype-parity/,M01 analytics + M06 reconciliation
brdbtn_2f0eca304466,public/pulse-html-prototype.html,"{""file"": ""public/pulse-html-prototype.html"", ""startOffset"": 504373, ""endOffset"": 629806, ""startLine"": 2870, ""endLine"": 2870}",brd,M09,Commercial,/bbpip,,BBPIP Forecast & Reconciliation,Named action: Approve Forecast,"Provide an operational workspace for Bulk Billing Practice Incentive Program forecasting, doctor/location contribution review, evidence readiness, variance analysis and final reconciliation using approved practice-system summaries.",Approve Forecast,service-backed transition required for final claim,,,clinic-scoped-unless-stated,,operational,,,,,PROTOTYPE-ONLY,NOT-STARTED,NOT-STARTED,NOT-STARTED,NOT-STARTED,ADOPTED-AS-IS,"Named BRD button must map to real action, planned service-backed action, or owner decision",P6,docs/architecture/prototype-parity/,M01 analytics + M06 reconciliation
brdbtn_3ee521497465,public/pulse-html-prototype.html,"{""file"": ""public/pulse-html-prototype.html"", ""startOffset"": 504373, ""endOffset"": 629806, ""startLine"": 2870, ""endLine"": 2870}",brd,M09,Commercial,/bbpip,,BBPIP Forecast & Reconciliation,Named action: Enter Actual Result,"Provide an operational workspace for Bulk Billing Practice Incentive Program forecasting, doctor/location contribution review, evidence readiness, variance analysis and final reconciliation using approved practice-system summaries.",Enter Actual Result,service-backed transition required for final claim,,,clinic-scoped-unless-stated,,operational,,,,,PROTOTYPE-ONLY,NOT-STARTED,NOT-STARTED,NOT-STARTED,NOT-STARTED,ADOPTED-AS-IS,"Named BRD button must map to real action, planned service-backed action, or owner decision",P6,docs/architecture/prototype-parity/,M01 analytics + M06 reconciliation
brdbtn_d5bed8355408,public/pulse-html-prototype.html,"{""file"": ""public/pulse-html-prototype.html"", ""startOffset"": 504373, ""endOffset"": 629806, ""startLine"": 2870, ""endLine"": 2870}",brd,M09,Commercial,/bbpip,,BBPIP Forecast & Reconciliation,Named action: Reconcile Variance,"Provide an operational workspace for Bulk Billing Practice Incentive Program forecasting, doctor/location contribution review, evidence readiness, variance analysis and final reconciliation using approved practice-system summaries.",Reconcile Variance,service-backed transition required for final claim,,,clinic-scoped-unless-stated,,operational,,,,,PROTOTYPE-ONLY,NOT-STARTED,NOT-STARTED,NOT-STARTED,NOT-STARTED,ADOPTED-AS-IS,"Named BRD button must map to real action, planned service-backed action, or owner decision",P6,docs/architecture/prototype-parity/,M01 analytics + M06 reconciliation
brdbtn_82f55153ce4e,public/pulse-html-prototype.html,"{""file"": ""public/pulse-html-prototype.html"", ""startOffset"": 504373, ""endOffset"": 629806, ""startLine"": 2870, ""endLine"": 2870}",brd,M09,Commercial,/bbpip,,BBPIP Forecast & Reconciliation,Named action: Finalise Period,"Provide an operational workspace for Bulk Billing Practice Incentive Program forecasting, doctor/location contribution review, evidence readiness, variance analysis and final reconciliation using approved practice-system summaries.",Finalise Period,service-backed transition required for final claim,,,clinic-scoped-unless-stated,,operational,,,,,PROTOTYPE-ONLY,NOT-STARTED,NOT-STARTED,NOT-STARTED,NOT-STARTED,ADOPTED-AS-IS,"Named BRD button must map to real action, planned service-backed action, or owner decision",P6,docs/architecture/prototype-parity/,M01 analytics + M06 reconciliation
brdbtn_2e130b79eaf0,public/pulse-html-prototype.html,"{""file"": ""public/pulse-html-prototype.html"", ""startOffset"": 504373, ""endOffset"": 629806, ""startLine"": 2870, ""endLine"": 2870}",brd,M09,Commercial,/bbpip,,BBPIP Forecast & Reconciliation,Named action: Export Summary,"Provide an operational workspace for Bulk Billing Practice Incentive Program forecasting, doctor/location contribution review, evidence readiness, variance analysis and final reconciliation using approved practice-system summaries.",Export Summary,service-backed transition required for final claim,,,clinic-scoped-unless-stated,,operational,,,,,PROTOTYPE-ONLY,NOT-STARTED,NOT-STARTED,NOT-STARTED,NOT-STARTED,ADOPTED-AS-IS,"Named BRD button must map to real action, planned service-backed action, or owner decision",P6,docs/architecture/prototype-parity/,M01 analytics + M06 reconciliation
brdflow_39bd22e6f58c,public/pulse-html-prototype.html,"{""file"": ""public/pulse-html-prototype.html"", ""startOffset"": 504373, ""endOffset"": 629806, ""startLine"": 2870, ""endLine"": 2870}",brd,M09,Commercial,/bbpip,,BBPIP Forecast & Reconciliation,Workflow: Create a forecast,Create a forecast,,"User opens Forecast, selects period and clicks Refresh Appro > The module displays source completeness and any blocking gap > User resolves or assigns gaps, then clicks Run Forecast. > The estimate displays by clinic and doctor with assumptions  > User submits the estimate for review and the approver confir > Approved forecast becomes the current management baseline.",,,clinic-scoped-unless-stated,,operational,,,,,PROTOTYPE-ONLY,NOT-STARTED,NOT-STARTED,NOT-STARTED,NOT-STARTED,ADOPTED-AS-IS,Core,P6,docs/architecture/prototype-parity/,M01 analytics + M06 reconciliation
brdflow_67a4bb22bb5a,public/pulse-html-prototype.html,"{""file"": ""public/pulse-html-prototype.html"", ""startOffset"": 504373, ""endOffset"": 629806, ""startLine"": 2870, ""endLine"": 2870}",brd,M09,Commercial,/bbpip,,BBPIP Forecast & Reconciliation,Workflow: Resolve a compliance gap,Resolve a compliance gap,,"User opens Compliance Gaps and selects an item. > The panel explains the missing evidence, affected period and > User assigns an owner and due date or links existing evidenc > Reviewer verifies the evidence and marks the gap Resolved or > Forecast confidence and affected totals update after the nex",,,clinic-scoped-unless-stated,,operational,,,,,PROTOTYPE-ONLY,NOT-STARTED,NOT-STARTED,NOT-STARTED,NOT-STARTED,ADOPTED-AS-IS,Core,P6,docs/architecture/prototype-parity/,M01 analytics + M06 reconciliation
brdflow_1a447a929194,public/pulse-html-prototype.html,"{""file"": ""public/pulse-html-prototype.html"", ""startOffset"": 504373, ""endOffset"": 629806, ""startLine"": 2870, ""endLine"": 2870}",brd,M09,Commercial,/bbpip,,BBPIP Forecast & Reconciliation,Workflow: Reconcile actual outcome,Reconcile actual outcome,,Finance user opens Reconciliation and enters or imports the  > The module compares actual result to the latest approved for > User categorises each material variance and adds supporting  > Approver reviews the reconciliation and clicks Finalise Peri > The period is locked and appears in history with forecast ac,,,clinic-scoped-unless-stated,,operational,,,,,PROTOTYPE-ONLY,NOT-STARTED,NOT-STARTED,NOT-STARTED,NOT-STARTED,ADOPTED-AS-IS,Core,P6,docs/architecture/prototype-parity/,M01 analytics + M06 reconciliation
brdrule_d432618e8aaa,public/pulse-html-prototype.html,,brd,M09,Commercial,/bbpip,,,Business rule,Forecasts are estimates and must be labelled clearly until final reconciliation.,,,,,clinic-scoped-unless-stated,,operational,,,,,PROTOTYPE-ONLY,NOT-STARTED,NOT-STARTED,NOT-STARTED,NOT-STARTED,ADOPTED-AS-IS,BRD business rule,P6,docs/architecture/prototype-parity/,
brdrule_a8dd7cb57e6d,public/pulse-html-prototype.html,,brd,M09,Commercial,/bbpip,,,Business rule,"Business rules and eligibility assumptions require owner, effective date and review date.",,,,,clinic-scoped-unless-stated,,operational,,,,,PROTOTYPE-ONLY,NOT-STARTED,NOT-STARTED,NOT-STARTED,NOT-STARTED,ADOPTED-AS-IS,BRD business rule,P6,docs/architecture/prototype-parity/,
brdrule_83316cca1fa1,public/pulse-html-prototype.html,,brd,M09,Commercial,/bbpip,,,Business rule,Missing evidence or data-quality issues reduce forecast confidence and create owned actions.,,,,,clinic-scoped-unless-stated,,operational,,,,,PROTOTYPE-ONLY,NOT-STARTED,NOT-STARTED,NOT-STARTED,NOT-STARTED,ADOPTED-AS-IS,BRD business rule,P6,docs/architecture/prototype-parity/,
brdrule_0f0b14c911b6,public/pulse-html-prototype.html,,brd,M09,Commercial,/bbpip,,,Business rule,Final actual outcomes are recorded separately from forecast versions.,,,,,clinic-scoped-unless-stated,,operational,,,,,PROTOTYPE-ONLY,NOT-STARTED,NOT-STARTED,NOT-STARTED,NOT-STARTED,ADOPTED-AS-IS,BRD business rule,P6,docs/architecture/prototype-parity/,
brdrule_4a39750c85cb,public/pulse-html-prototype.html,,brd,M09,Commercial,/bbpip,,,Business rule,Reconciliation variance requires a reason category and commentary.,,,,,clinic-scoped-unless-stated,,operational,,,,,PROTOTYPE-ONLY,NOT-STARTED,NOT-STARTED,NOT-STARTED,NOT-STARTED,ADOPTED-AS-IS,BRD business rule,P6,docs/architecture/prototype-parity/,
brdvis_a6e546e01502,public/pulse-html-prototype.html,,brd,M09,Commercial,/bbpip,,,Visual requirement,"Forecast KPI cards for estimated amount, trend, confidence, unresolved gaps and period end.",,,,,clinic-scoped-unless-stated,,operational,,,,,PROTOTYPE-ONLY,NOT-STARTED,NOT-STARTED,NOT-STARTED,NOT-STARTED,ADOPTED-AS-IS,BRD visual requirement; final PNG prevails where image exists,P6,docs/architecture/prototype-parity/,M01 analytics + M06 reconciliation
brdvis_915723242d21,public/pulse-html-prototype.html,,brd,M09,Commercial,/bbpip,,,Visual requirement,Doctor/clinic contribution table with drill-down to approved summary data.,,,,,clinic-scoped-unless-stated,,operational,,,,,PROTOTYPE-ONLY,NOT-STARTED,NOT-STARTED,NOT-STARTED,NOT-STARTED,ADOPTED-AS-IS,BRD visual requirement; final PNG prevails where image exists,P6,docs/architecture/prototype-parity/,M01 analytics + M06 reconciliation
brdvis_c49a1a76ef16,public/pulse-html-prototype.html,,brd,M09,Commercial,/bbpip,,,Visual requirement,"Compliance gap queue with owner, due date and potential impact.",,,,,clinic-scoped-unless-stated,,operational,,,,,PROTOTYPE-ONLY,NOT-STARTED,NOT-STARTED,NOT-STARTED,NOT-STARTED,ADOPTED-AS-IS,BRD visual requirement; final PNG prevails where image exists,P6,docs/architecture/prototype-parity/,M01 analytics + M06 reconciliation
brdvis_80f0b3c785fe,public/pulse-html-prototype.html,,brd,M09,Commercial,/bbpip,,,Visual requirement,Waterfall or variance view from forecast to actual result.,,,,,clinic-scoped-unless-stated,,operational,,,,,PROTOTYPE-ONLY,NOT-STARTED,NOT-STARTED,NOT-STARTED,NOT-STARTED,ADOPTED-AS-IS,BRD visual requirement; final PNG prevails where image exists,P6,docs/architecture/prototype-parity/,M01 analytics + M06 reconciliation
brdvis_3a497ea2df7d,public/pulse-html-prototype.html,,brd,M09,Commercial,/bbpip,,,Visual requirement,"Period timeline showing forecast versions, reviews and final reconciliation.",,,,,clinic-scoped-unless-stated,,operational,,,,,PROTOTYPE-ONLY,NOT-STARTED,NOT-STARTED,NOT-STARTED,NOT-STARTED,ADOPTED-AS-IS,BRD visual requirement; final PNG prevails where image exists,P6,docs/architecture/prototype-parity/,M01 analytics + M06 reconciliation
brdout_cdd3df25f246,public/pulse-html-prototype.html,,brd,M09,Commercial,/bbpip,,,Output/measure,BBPIP forecast summary,,,,,clinic-scoped-unless-stated,,operational,,,,,PROTOTYPE-ONLY,NOT-STARTED,NOT-STARTED,NOT-STARTED,NOT-STARTED,ADOPTED-AS-IS,BRD output/measure,P6,docs/architecture/prototype-parity/,
brdout_00edebb44e33,public/pulse-html-prototype.html,,brd,M09,Commercial,/bbpip,,,Output/measure,Doctor and clinic contribution report,,,,,clinic-scoped-unless-stated,,operational,,,,,PROTOTYPE-ONLY,NOT-STARTED,NOT-STARTED,NOT-STARTED,NOT-STARTED,ADOPTED-AS-IS,BRD output/measure,P6,docs/architecture/prototype-parity/,
brdout_698177e5626c,public/pulse-html-prototype.html,,brd,M09,Commercial,/bbpip,,,Output/measure,Compliance gap register,,,,,clinic-scoped-unless-stated,,operational,,,,,PROTOTYPE-ONLY,NOT-STARTED,NOT-STARTED,NOT-STARTED,NOT-STARTED,ADOPTED-AS-IS,BRD output/measure,P6,docs/architecture/prototype-parity/,
brdout_2f31968ea89a,public/pulse-html-prototype.html,,brd,M09,Commercial,/bbpip,,,Output/measure,Forecast-to-actual reconciliation,,,,,clinic-scoped-unless-stated,,operational,,,,,PROTOTYPE-ONLY,NOT-STARTED,NOT-STARTED,NOT-STARTED,NOT-STARTED,ADOPTED-AS-IS,BRD output/measure,P6,docs/architecture/prototype-parity/,
brdout_7c2a3424c47b,public/pulse-html-prototype.html,,brd,M09,Commercial,/bbpip,,,Output/measure,Evidence pack,,,,,clinic-scoped-unless-stated,,operational,,,,,PROTOTYPE-ONLY,NOT-STARTED,NOT-STARTED,NOT-STARTED,NOT-STARTED,ADOPTED-AS-IS,BRD output/measure,P6,docs/architecture/prototype-parity/,
brdout_341e7ae44004,public/pulse-html-prototype.html,,brd,M09,Commercial,/bbpip,,,Output/measure,Measure: forecast accuracy,,,,,clinic-scoped-unless-stated,,operational,,,,,PROTOTYPE-ONLY,NOT-STARTED,NOT-STARTED,NOT-STARTED,NOT-STARTED,ADOPTED-AS-IS,BRD output/measure,P6,docs/architecture/prototype-parity/,
brdout_95dceb00f7f6,public/pulse-html-prototype.html,,brd,M09,Commercial,/bbpip,,,Output/measure,Measure: unresolved high-impact gaps before period end,,,,,clinic-scoped-unless-stated,,operational,,,,,PROTOTYPE-ONLY,NOT-STARTED,NOT-STARTED,NOT-STARTED,NOT-STARTED,ADOPTED-AS-IS,BRD output/measure,P6,docs/architecture/prototype-parity/,
brdmod_f88500a2100f,public/pulse-html-prototype.html,"{""file"": ""public/pulse-html-prototype.html"", ""startOffset"": 504373, ""endOffset"": 629806, ""startLine"": 2870, ""endLine"": 2870}",brd,M10,Operations,/tasks-actions,,"Tasks, Checklists, Meetings & Actions","BRD module M10: Tasks, Checklists, Meetings & Actions","Combine personal tasks, operational checklists, opening/closing duties, manager reviews, meeting minutes and follow-up actions so no duty or decision remains unowned.",,,,"All Staff, Practice Managers, Nursing Leads, Operations Managers, Quality / Accreditation Leads",clinic-scoped-unless-stated,"Tasks, checklist templates/occurrences, handovers, meeting actions",operational,,src/modules/m10-*/ + module-register,,,IN-DEVELOPMENT,IN-DEVELOPMENT,BLOCKED,NOT-STARTED,NOT-STARTED,ADOPTED-AS-IS,Partial/blocked; first connective wave; match M10 final image,P3,docs/architecture/prototype-parity/,M10 template/run/detail
brdtab_7d275abf5b2e,public/pulse-html-prototype.html,"{""file"": ""public/pulse-html-prototype.html"", ""startOffset"": 504373, ""endOffset"": 629806, ""startLine"": 2870, ""endLine"": 2870}",brd,M10,Operations,/tasks-actions,/tasks-actions?section=My Tasks — Personal assigned work and due dates.,My Tasks — Personal assigned work and due dates.,Tab: My Tasks — Personal assigned work and due dates.,"Combine personal tasks, operational checklists, opening/closing duties, manager reviews, meeting minutes and follow-up actions so no duty or decision remains unowned.",My Tasks — Personal assigned work and due dates.,,,,clinic-scoped-unless-stated,,operational,,,,,IN-DEVELOPMENT,IN-DEVELOPMENT,BLOCKED,NOT-STARTED,NOT-STARTED,ADOPTED-AS-IS,BRD tab retained in canonical screen register,P3,docs/architecture/prototype-parity/,M10 template/run/detail
brdtab_3f507c11ef5f,public/pulse-html-prototype.html,"{""file"": ""public/pulse-html-prototype.html"", ""startOffset"": 504373, ""endOffset"": 629806, ""startLine"": 2870, ""endLine"": 2870}",brd,M10,Operations,/tasks-actions,/tasks-actions?section=Team Tasks — Clinic/team tasks with ownership and status.,Team Tasks — Clinic/team tasks with ownership and status.,Tab: Team Tasks — Clinic/team tasks with ownership and status.,"Combine personal tasks, operational checklists, opening/closing duties, manager reviews, meeting minutes and follow-up actions so no duty or decision remains unowned.",Team Tasks — Clinic/team tasks with ownership and status.,,,,clinic-scoped-unless-stated,,operational,,,,,IN-DEVELOPMENT,IN-DEVELOPMENT,BLOCKED,NOT-STARTED,NOT-STARTED,ADOPTED-AS-IS,BRD tab retained in canonical screen register,P3,docs/architecture/prototype-parity/,M10 template/run/detail
brdtab_1e85d2e0fa63,public/pulse-html-prototype.html,"{""file"": ""public/pulse-html-prototype.html"", ""startOffset"": 504373, ""endOffset"": 629806, ""startLine"": 2870, ""endLine"": 2870}",brd,M10,Operations,/tasks-actions,/tasks-actions?section=Active Checklists — Today’s recurring checklists by role and location.,Active Checklists — Today’s recurring checklists by role and location.,Tab: Active Checklists — Today’s recurring checklists by role and location.,"Combine personal tasks, operational checklists, opening/closing duties, manager reviews, meeting minutes and follow-up actions so no duty or decision remains unowned.",Active Checklists — Today’s recurring checklists by role and location.,,,,clinic-scoped-unless-stated,,operational,,,,,IN-DEVELOPMENT,IN-DEVELOPMENT,BLOCKED,NOT-STARTED,NOT-STARTED,ADOPTED-AS-IS,BRD tab retained in canonical screen register,P3,docs/architecture/prototype-parity/,M10 template/run/detail
brdtab_9ec988c8a481,public/pulse-html-prototype.html,"{""file"": ""public/pulse-html-prototype.html"", ""startOffset"": 504373, ""endOffset"": 629806, ""startLine"": 2870, ""endLine"": 2870}",brd,M10,Operations,/tasks-actions,/tasks-actions?section=Opening / Closing — Shift-linked duty checklists.,Opening / Closing — Shift-linked duty checklists.,Tab: Opening / Closing — Shift-linked duty checklists.,"Combine personal tasks, operational checklists, opening/closing duties, manager reviews, meeting minutes and follow-up actions so no duty or decision remains unowned.",Opening / Closing — Shift-linked duty checklists.,,,,clinic-scoped-unless-stated,,operational,,,,,IN-DEVELOPMENT,IN-DEVELOPMENT,BLOCKED,NOT-STARTED,NOT-STARTED,ADOPTED-AS-IS,BRD tab retained in canonical screen register,P3,docs/architecture/prototype-parity/,M10 template/run/detail
brdtab_dccdbbbba4fe,public/pulse-html-prototype.html,"{""file"": ""public/pulse-html-prototype.html"", ""startOffset"": 504373, ""endOffset"": 629806, ""startLine"": 2870, ""endLine"": 2870}",brd,M10,Operations,/tasks-actions,"/tasks-actions?section=Manager Reviews — Daily, weekly, monthly and periodic review packs.","Manager Reviews — Daily, weekly, monthly and periodic review packs.","Tab: Manager Reviews — Daily, weekly, monthly and periodic review packs.","Combine personal tasks, operational checklists, opening/closing duties, manager reviews, meeting minutes and follow-up actions so no duty or decision remains unowned.","Manager Reviews — Daily, weekly, monthly and periodic review packs.",,,,clinic-scoped-unless-stated,,operational,,,,,IN-DEVELOPMENT,IN-DEVELOPMENT,BLOCKED,NOT-STARTED,NOT-STARTED,ADOPTED-AS-IS,BRD tab retained in canonical screen register,P3,docs/architecture/prototype-parity/,M10 template/run/detail
brdtab_24f109141bbd,public/pulse-html-prototype.html,"{""file"": ""public/pulse-html-prototype.html"", ""startOffset"": 504373, ""endOffset"": 629806, ""startLine"": 2870, ""endLine"": 2870}",brd,M10,Operations,/tasks-actions,/tasks-actions?section=Template Builder — Create and version checklist templates.,Template Builder — Create and version checklist templates.,Tab: Template Builder — Create and version checklist templates.,"Combine personal tasks, operational checklists, opening/closing duties, manager reviews, meeting minutes and follow-up actions so no duty or decision remains unowned.",Template Builder — Create and version checklist templates.,,,,clinic-scoped-unless-stated,,operational,,,,,IN-DEVELOPMENT,IN-DEVELOPMENT,BLOCKED,NOT-STARTED,NOT-STARTED,ADOPTED-AS-IS,BRD tab retained in canonical screen register,P3,docs/architecture/prototype-parity/,M10 template/run/detail
brdtab_fc75e0fb788b,public/pulse-html-prototype.html,"{""file"": ""public/pulse-html-prototype.html"", ""startOffset"": 504373, ""endOffset"": 629806, ""startLine"": 2870, ""endLine"": 2870}",brd,M10,Operations,/tasks-actions,"/tasks-actions?section=Meetings — Meeting agenda, minutes and attendance.","Meetings — Meeting agenda, minutes and attendance.","Tab: Meetings — Meeting agenda, minutes and attendance.","Combine personal tasks, operational checklists, opening/closing duties, manager reviews, meeting minutes and follow-up actions so no duty or decision remains unowned.","Meetings — Meeting agenda, minutes and attendance.",,,,clinic-scoped-unless-stated,,operational,,,,,IN-DEVELOPMENT,IN-DEVELOPMENT,BLOCKED,NOT-STARTED,NOT-STARTED,ADOPTED-AS-IS,BRD tab retained in canonical screen register,P3,docs/architecture/prototype-parity/,M10 template/run/detail
brdtab_1f80703a7d2a,public/pulse-html-prototype.html,"{""file"": ""public/pulse-html-prototype.html"", ""startOffset"": 504373, ""endOffset"": 629806, ""startLine"": 2870, ""endLine"": 2870}",brd,M10,Operations,/tasks-actions,"/tasks-actions?section=Action Register — Actions created from meetings, incidents, audits and reviews.","Action Register — Actions created from meetings, incidents, audits and reviews.","Tab: Action Register — Actions created from meetings, incidents, audits and reviews.","Combine personal tasks, operational checklists, opening/closing duties, manager reviews, meeting minutes and follow-up actions so no duty or decision remains unowned.","Action Register — Actions created from meetings, incidents, audits and reviews.",,,,clinic-scoped-unless-stated,,operational,,,,,IN-DEVELOPMENT,IN-DEVELOPMENT,BLOCKED,NOT-STARTED,NOT-STARTED,ADOPTED-AS-IS,BRD tab retained in canonical screen register,P3,docs/architecture/prototype-parity/,M10 template/run/detail
brdtab_c2f76c826f7d,public/pulse-html-prototype.html,"{""file"": ""public/pulse-html-prototype.html"", ""startOffset"": 504373, ""endOffset"": 629806, ""startLine"": 2870, ""endLine"": 2870}",brd,M10,Operations,/tasks-actions,/tasks-actions?section=Handover — End-of-shift and end-of-day transfer of unresolved operational matters with acknowledgement.,Handover — End-of-shift and end-of-day transfer of unresolved operational matters with acknowledgement.,Tab: Handover — End-of-shift and end-of-day transfer of unresolved operational matters with acknowledgement.,"Combine personal tasks, operational checklists, opening/closing duties, manager reviews, meeting minutes and follow-up actions so no duty or decision remains unowned.",Handover — End-of-shift and end-of-day transfer of unresolved operational matters with acknowledgement.,,,,clinic-scoped-unless-stated,,operational,,,,,IN-DEVELOPMENT,IN-DEVELOPMENT,BLOCKED,NOT-STARTED,NOT-STARTED,ADOPTED-AS-IS,BRD tab retained in canonical screen register,P3,docs/architecture/prototype-parity/,M10 template/run/detail
brdtab_63fea7761510,public/pulse-html-prototype.html,"{""file"": ""public/pulse-html-prototype.html"", ""startOffset"": 504373, ""endOffset"": 629806, ""startLine"": 2870, ""endLine"": 2870}",brd,M10,Operations,/tasks-actions,"/tasks-actions?section=Reports — Completion, exceptions and overdue trends.","Reports — Completion, exceptions and overdue trends.","Tab: Reports — Completion, exceptions and overdue trends.","Combine personal tasks, operational checklists, opening/closing duties, manager reviews, meeting minutes and follow-up actions so no duty or decision remains unowned.","Reports — Completion, exceptions and overdue trends.",,,,clinic-scoped-unless-stated,,operational,,,,,IN-DEVELOPMENT,IN-DEVELOPMENT,BLOCKED,NOT-STARTED,NOT-STARTED,ADOPTED-AS-IS,BRD tab retained in canonical screen register,P3,docs/architecture/prototype-parity/,M10 template/run/detail
brdbtn_f1cf77b98b9d,public/pulse-html-prototype.html,"{""file"": ""public/pulse-html-prototype.html"", ""startOffset"": 504373, ""endOffset"": 629806, ""startLine"": 2870, ""endLine"": 2870}",brd,M10,Operations,/tasks-actions,,"Tasks, Checklists, Meetings & Actions",Named action: Create Task,"Combine personal tasks, operational checklists, opening/closing duties, manager reviews, meeting minutes and follow-up actions so no duty or decision remains unowned.",Create Task,service-backed transition required for final claim,,,clinic-scoped-unless-stated,,operational,,,,,PROTOTYPE-ONLY,IN-DEVELOPMENT,BLOCKED,NOT-STARTED,NOT-STARTED,ADOPTED-AS-IS,"Named BRD button must map to real action, planned service-backed action, or owner decision",P3,docs/architecture/prototype-parity/,M10 template/run/detail
brdbtn_f4c97b4e5846,public/pulse-html-prototype.html,"{""file"": ""public/pulse-html-prototype.html"", ""startOffset"": 504373, ""endOffset"": 629806, ""startLine"": 2870, ""endLine"": 2870}",brd,M10,Operations,/tasks-actions,,"Tasks, Checklists, Meetings & Actions",Named action: Create Checklist Template,"Combine personal tasks, operational checklists, opening/closing duties, manager reviews, meeting minutes and follow-up actions so no duty or decision remains unowned.",Create Checklist Template,service-backed transition required for final claim,,,clinic-scoped-unless-stated,,operational,,,,,PROTOTYPE-ONLY,IN-DEVELOPMENT,BLOCKED,NOT-STARTED,NOT-STARTED,ADOPTED-AS-IS,"Named BRD button must map to real action, planned service-backed action, or owner decision",P3,docs/architecture/prototype-parity/,M10 template/run/detail
brdbtn_b7746d2b251d,public/pulse-html-prototype.html,"{""file"": ""public/pulse-html-prototype.html"", ""startOffset"": 504373, ""endOffset"": 629806, ""startLine"": 2870, ""endLine"": 2870}",brd,M10,Operations,/tasks-actions,,"Tasks, Checklists, Meetings & Actions",Named action: Add Section / Item,"Combine personal tasks, operational checklists, opening/closing duties, manager reviews, meeting minutes and follow-up actions so no duty or decision remains unowned.",Add Section / Item,service-backed transition required for final claim,,,clinic-scoped-unless-stated,,operational,,,,,PROTOTYPE-ONLY,IN-DEVELOPMENT,BLOCKED,NOT-STARTED,NOT-STARTED,ADOPTED-AS-IS,"Named BRD button must map to real action, planned service-backed action, or owner decision",P3,docs/architecture/prototype-parity/,M10 template/run/detail
brdbtn_aae85753fe48,public/pulse-html-prototype.html,"{""file"": ""public/pulse-html-prototype.html"", ""startOffset"": 504373, ""endOffset"": 629806, ""startLine"": 2870, ""endLine"": 2870}",brd,M10,Operations,/tasks-actions,,"Tasks, Checklists, Meetings & Actions",Named action: Assign Role / Location,"Combine personal tasks, operational checklists, opening/closing duties, manager reviews, meeting minutes and follow-up actions so no duty or decision remains unowned.",Assign Role / Location,service-backed transition required for final claim,,,clinic-scoped-unless-stated,,operational,,,,,PROTOTYPE-ONLY,IN-DEVELOPMENT,BLOCKED,NOT-STARTED,NOT-STARTED,ADOPTED-AS-IS,"Named BRD button must map to real action, planned service-backed action, or owner decision",P3,docs/architecture/prototype-parity/,M10 template/run/detail
brdbtn_a266d7ba8f3f,public/pulse-html-prototype.html,"{""file"": ""public/pulse-html-prototype.html"", ""startOffset"": 504373, ""endOffset"": 629806, ""startLine"": 2870, ""endLine"": 2870}",brd,M10,Operations,/tasks-actions,,"Tasks, Checklists, Meetings & Actions",Named action: Publish Template,"Combine personal tasks, operational checklists, opening/closing duties, manager reviews, meeting minutes and follow-up actions so no duty or decision remains unowned.",Publish Template,service-backed transition required for final claim,,,clinic-scoped-unless-stated,,operational,,,,,PROTOTYPE-ONLY,IN-DEVELOPMENT,BLOCKED,NOT-STARTED,NOT-STARTED,ADOPTED-AS-IS,"Named BRD button must map to real action, planned service-backed action, or owner decision",P3,docs/architecture/prototype-parity/,M10 template/run/detail
brdbtn_2fb2e5f58d45,public/pulse-html-prototype.html,"{""file"": ""public/pulse-html-prototype.html"", ""startOffset"": 504373, ""endOffset"": 629806, ""startLine"": 2870, ""endLine"": 2870}",brd,M10,Operations,/tasks-actions,,"Tasks, Checklists, Meetings & Actions",Named action: Start Checklist,"Combine personal tasks, operational checklists, opening/closing duties, manager reviews, meeting minutes and follow-up actions so no duty or decision remains unowned.",Start Checklist,service-backed transition required for final claim,,,clinic-scoped-unless-stated,,operational,,,,,PROTOTYPE-ONLY,IN-DEVELOPMENT,BLOCKED,NOT-STARTED,NOT-STARTED,ADOPTED-AS-IS,"Named BRD button must map to real action, planned service-backed action, or owner decision",P3,docs/architecture/prototype-parity/,M10 template/run/detail
brdbtn_bc635516d614,public/pulse-html-prototype.html,"{""file"": ""public/pulse-html-prototype.html"", ""startOffset"": 504373, ""endOffset"": 629806, ""startLine"": 2870, ""endLine"": 2870}",brd,M10,Operations,/tasks-actions,,"Tasks, Checklists, Meetings & Actions",Named action: Complete Item,"Combine personal tasks, operational checklists, opening/closing duties, manager reviews, meeting minutes and follow-up actions so no duty or decision remains unowned.",Complete Item,service-backed transition required for final claim,,,clinic-scoped-unless-stated,,operational,,,,,PROTOTYPE-ONLY,IN-DEVELOPMENT,BLOCKED,NOT-STARTED,NOT-STARTED,ADOPTED-AS-IS,"Named BRD button must map to real action, planned service-backed action, or owner decision",P3,docs/architecture/prototype-parity/,M10 template/run/detail
brdbtn_3b47b63bce47,public/pulse-html-prototype.html,"{""file"": ""public/pulse-html-prototype.html"", ""startOffset"": 504373, ""endOffset"": 629806, ""startLine"": 2870, ""endLine"": 2870}",brd,M10,Operations,/tasks-actions,,"Tasks, Checklists, Meetings & Actions",Named action: Skip / Fail with Reason,"Combine personal tasks, operational checklists, opening/closing duties, manager reviews, meeting minutes and follow-up actions so no duty or decision remains unowned.",Skip / Fail with Reason,service-backed transition required for final claim,,,clinic-scoped-unless-stated,,operational,,,,,PROTOTYPE-ONLY,IN-DEVELOPMENT,BLOCKED,NOT-STARTED,NOT-STARTED,ADOPTED-AS-IS,"Named BRD button must map to real action, planned service-backed action, or owner decision",P3,docs/architecture/prototype-parity/,M10 template/run/detail
brdbtn_91aa955494f1,public/pulse-html-prototype.html,"{""file"": ""public/pulse-html-prototype.html"", ""startOffset"": 504373, ""endOffset"": 629806, ""startLine"": 2870, ""endLine"": 2870}",brd,M10,Operations,/tasks-actions,,"Tasks, Checklists, Meetings & Actions",Named action: Attach Evidence,"Combine personal tasks, operational checklists, opening/closing duties, manager reviews, meeting minutes and follow-up actions so no duty or decision remains unowned.",Attach Evidence,service-backed transition required for final claim,,,clinic-scoped-unless-stated,,operational,,,,,PROTOTYPE-ONLY,IN-DEVELOPMENT,BLOCKED,NOT-STARTED,NOT-STARTED,ADOPTED-AS-IS,"Named BRD button must map to real action, planned service-backed action, or owner decision",P3,docs/architecture/prototype-parity/,M10 template/run/detail
brdbtn_30cfecdfb9cf,public/pulse-html-prototype.html,"{""file"": ""public/pulse-html-prototype.html"", ""startOffset"": 504373, ""endOffset"": 629806, ""startLine"": 2870, ""endLine"": 2870}",brd,M10,Operations,/tasks-actions,,"Tasks, Checklists, Meetings & Actions",Named action: Raise Ticket,"Combine personal tasks, operational checklists, opening/closing duties, manager reviews, meeting minutes and follow-up actions so no duty or decision remains unowned.",Raise Ticket,service-backed transition required for final claim,,,clinic-scoped-unless-stated,,operational,,,,,PROTOTYPE-ONLY,IN-DEVELOPMENT,BLOCKED,NOT-STARTED,NOT-STARTED,ADOPTED-AS-IS,"Named BRD button must map to real action, planned service-backed action, or owner decision",P3,docs/architecture/prototype-parity/,M10 template/run/detail
brdbtn_348b01fee78f,public/pulse-html-prototype.html,"{""file"": ""public/pulse-html-prototype.html"", ""startOffset"": 504373, ""endOffset"": 629806, ""startLine"": 2870, ""endLine"": 2870}",brd,M10,Operations,/tasks-actions,,"Tasks, Checklists, Meetings & Actions",Named action: Raise Incident,"Combine personal tasks, operational checklists, opening/closing duties, manager reviews, meeting minutes and follow-up actions so no duty or decision remains unowned.",Raise Incident,service-backed transition required for final claim,,,clinic-scoped-unless-stated,,operational,,,,,PROTOTYPE-ONLY,IN-DEVELOPMENT,BLOCKED,NOT-STARTED,NOT-STARTED,ADOPTED-AS-IS,"Named BRD button must map to real action, planned service-backed action, or owner decision",P3,docs/architecture/prototype-parity/,M10 template/run/detail
brdbtn_cf05a6d6e7be,public/pulse-html-prototype.html,"{""file"": ""public/pulse-html-prototype.html"", ""startOffset"": 504373, ""endOffset"": 629806, ""startLine"": 2870, ""endLine"": 2870}",brd,M10,Operations,/tasks-actions,,"Tasks, Checklists, Meetings & Actions",Named action: Create Meeting,"Combine personal tasks, operational checklists, opening/closing duties, manager reviews, meeting minutes and follow-up actions so no duty or decision remains unowned.",Create Meeting,service-backed transition required for final claim,,,clinic-scoped-unless-stated,,operational,,,,,PROTOTYPE-ONLY,IN-DEVELOPMENT,BLOCKED,NOT-STARTED,NOT-STARTED,ADOPTED-AS-IS,"Named BRD button must map to real action, planned service-backed action, or owner decision",P3,docs/architecture/prototype-parity/,M10 template/run/detail
brdbtn_e0dcb5184a09,public/pulse-html-prototype.html,"{""file"": ""public/pulse-html-prototype.html"", ""startOffset"": 504373, ""endOffset"": 629806, ""startLine"": 2870, ""endLine"": 2870}",brd,M10,Operations,/tasks-actions,,"Tasks, Checklists, Meetings & Actions",Named action: Add Action,"Combine personal tasks, operational checklists, opening/closing duties, manager reviews, meeting minutes and follow-up actions so no duty or decision remains unowned.",Add Action,service-backed transition required for final claim,,,clinic-scoped-unless-stated,,operational,,,,,PROTOTYPE-ONLY,IN-DEVELOPMENT,BLOCKED,NOT-STARTED,NOT-STARTED,ADOPTED-AS-IS,"Named BRD button must map to real action, planned service-backed action, or owner decision",P3,docs/architecture/prototype-parity/,M10 template/run/detail
brdbtn_dd3c52907fbb,public/pulse-html-prototype.html,"{""file"": ""public/pulse-html-prototype.html"", ""startOffset"": 504373, ""endOffset"": 629806, ""startLine"": 2870, ""endLine"": 2870}",brd,M10,Operations,/tasks-actions,,"Tasks, Checklists, Meetings & Actions",Named action: Carry Forward,"Combine personal tasks, operational checklists, opening/closing duties, manager reviews, meeting minutes and follow-up actions so no duty or decision remains unowned.",Carry Forward,service-backed transition required for final claim,,,clinic-scoped-unless-stated,,operational,,,,,PROTOTYPE-ONLY,IN-DEVELOPMENT,BLOCKED,NOT-STARTED,NOT-STARTED,ADOPTED-AS-IS,"Named BRD button must map to real action, planned service-backed action, or owner decision",P3,docs/architecture/prototype-parity/,M10 template/run/detail
brdbtn_b8304a1a8f1d,public/pulse-html-prototype.html,"{""file"": ""public/pulse-html-prototype.html"", ""startOffset"": 504373, ""endOffset"": 629806, ""startLine"": 2870, ""endLine"": 2870}",brd,M10,Operations,/tasks-actions,,"Tasks, Checklists, Meetings & Actions",Named action: Close Action,"Combine personal tasks, operational checklists, opening/closing duties, manager reviews, meeting minutes and follow-up actions so no duty or decision remains unowned.",Close Action,service-backed transition required for final claim,,,clinic-scoped-unless-stated,,operational,,,,,PROTOTYPE-ONLY,IN-DEVELOPMENT,BLOCKED,NOT-STARTED,NOT-STARTED,ADOPTED-AS-IS,"Named BRD button must map to real action, planned service-backed action, or owner decision",P3,docs/architecture/prototype-parity/,M10 template/run/detail
brdbtn_d08bf31552cc,public/pulse-html-prototype.html,"{""file"": ""public/pulse-html-prototype.html"", ""startOffset"": 504373, ""endOffset"": 629806, ""startLine"": 2870, ""endLine"": 2870}",brd,M10,Operations,/tasks-actions,,"Tasks, Checklists, Meetings & Actions",Named action: Create Handover,"Combine personal tasks, operational checklists, opening/closing duties, manager reviews, meeting minutes and follow-up actions so no duty or decision remains unowned.",Create Handover,service-backed transition required for final claim,,,clinic-scoped-unless-stated,,operational,,,,,PROTOTYPE-ONLY,IN-DEVELOPMENT,BLOCKED,NOT-STARTED,NOT-STARTED,ADOPTED-AS-IS,"Named BRD button must map to real action, planned service-backed action, or owner decision",P3,docs/architecture/prototype-parity/,M10 template/run/detail
brdbtn_dccda2b70497,public/pulse-html-prototype.html,"{""file"": ""public/pulse-html-prototype.html"", ""startOffset"": 504373, ""endOffset"": 629806, ""startLine"": 2870, ""endLine"": 2870}",brd,M10,Operations,/tasks-actions,,"Tasks, Checklists, Meetings & Actions",Named action: Acknowledge Handover,"Combine personal tasks, operational checklists, opening/closing duties, manager reviews, meeting minutes and follow-up actions so no duty or decision remains unowned.",Acknowledge Handover,service-backed transition required for final claim,,,clinic-scoped-unless-stated,,operational,,,,,PROTOTYPE-ONLY,IN-DEVELOPMENT,BLOCKED,NOT-STARTED,NOT-STARTED,ADOPTED-AS-IS,"Named BRD button must map to real action, planned service-backed action, or owner decision",P3,docs/architecture/prototype-parity/,M10 template/run/detail
brdbtn_76ef9a32fb2d,public/pulse-html-prototype.html,"{""file"": ""public/pulse-html-prototype.html"", ""startOffset"": 504373, ""endOffset"": 629806, ""startLine"": 2870, ""endLine"": 2870}",brd,M10,Operations,/tasks-actions,,"Tasks, Checklists, Meetings & Actions",Named action: Escalate Unacknowledged Handover,"Combine personal tasks, operational checklists, opening/closing duties, manager reviews, meeting minutes and follow-up actions so no duty or decision remains unowned.",Escalate Unacknowledged Handover,service-backed transition required for final claim,,,clinic-scoped-unless-stated,,operational,,,,,PROTOTYPE-ONLY,IN-DEVELOPMENT,BLOCKED,NOT-STARTED,NOT-STARTED,ADOPTED-AS-IS,"Named BRD button must map to real action, planned service-backed action, or owner decision",P3,docs/architecture/prototype-parity/,M10 template/run/detail
brdflow_fb93ea39d4de,public/pulse-html-prototype.html,"{""file"": ""public/pulse-html-prototype.html"", ""startOffset"": 504373, ""endOffset"": 629806, ""startLine"": 2870, ""endLine"": 2870}",brd,M10,Operations,/tasks-actions,,"Tasks, Checklists, Meetings & Actions",Workflow: Build and publish a checklist,Build and publish a checklist,,"Manager opens Template Builder and clicks Create Checklist T > The stepper captures name, purpose, location, role, frequenc > Manager adds sections and item types, marks mandatory items  > Assignment step previews which staff or shifts will receive  > Reviewer checks the template and clicks Publish. > The template becomes active at the next scheduled occurrence",,,clinic-scoped-unless-stated,,operational,,,,,IN-DEVELOPMENT,IN-DEVELOPMENT,BLOCKED,NOT-STARTED,NOT-STARTED,ADOPTED-AS-IS,Core,P3,docs/architecture/prototype-parity/,M10 template/run/detail
brdflow_026f2323931c,public/pulse-html-prototype.html,"{""file"": ""public/pulse-html-prototype.html"", ""startOffset"": 504373, ""endOffset"": 629806, ""startLine"": 2870, ""endLine"": 2870}",brd,M10,Operations,/tasks-actions,,"Tasks, Checklists, Meetings & Actions",Workflow: Complete opening checklist,Complete opening checklist,,Rostered opening staff opens Opening / Closing from the shif > The active checklist shows ordered items and required eviden > Staff completes items; a failed item prompts reason and disp > Staff signs off and submits the checklist. > Manager sees completion status and any exception action in t,,,clinic-scoped-unless-stated,,operational,,,,,IN-DEVELOPMENT,IN-DEVELOPMENT,BLOCKED,NOT-STARTED,NOT-STARTED,ADOPTED-AS-IS,Core,P3,docs/architecture/prototype-parity/,M10 template/run/detail
brdflow_1de2757a259f,public/pulse-html-prototype.html,"{""file"": ""public/pulse-html-prototype.html"", ""startOffset"": 504373, ""endOffset"": 629806, ""startLine"": 2870, ""endLine"": 2870}",brd,M10,Operations,/tasks-actions,,"Tasks, Checklists, Meetings & Actions",Workflow: Conduct a management meeting,Conduct a management meeting,,"Chair opens Meetings and clicks Create Meeting. > Chair selects a template, clinic/group scope, attendees, age > During the meeting, decisions and notes are recorded; clicki > Chair reviews minutes and clicks Publish Minutes. > Open actions move to Action Register and automatically carry",,,clinic-scoped-unless-stated,,operational,,,,,IN-DEVELOPMENT,IN-DEVELOPMENT,BLOCKED,NOT-STARTED,NOT-STARTED,ADOPTED-AS-IS,Core,P3,docs/architecture/prototype-parity/,M10 template/run/detail
brdflow_a75ef5d44d8f,public/pulse-html-prototype.html,"{""file"": ""public/pulse-html-prototype.html"", ""startOffset"": 504373, ""endOffset"": 629806, ""startLine"": 2870, ""endLine"": 2870}",brd,M10,Operations,/tasks-actions,,"Tasks, Checklists, Meetings & Actions",Workflow: Close a task/action,Close a task/action,,"Owner opens My Tasks or Action Register and selects the item > Owner adds outcome, evidence and any follow-up. > If approval is required, the item moves to manager review. > Approver confirms completion or reopens with reason. > Closed item remains searchable and included in completion re",,,clinic-scoped-unless-stated,,operational,,,,,IN-DEVELOPMENT,IN-DEVELOPMENT,BLOCKED,NOT-STARTED,NOT-STARTED,ADOPTED-AS-IS,Core,P3,docs/architecture/prototype-parity/,M10 template/run/detail
brdflow_b95db6f832d7,public/pulse-html-prototype.html,"{""file"": ""public/pulse-html-prototype.html"", ""startOffset"": 504373, ""endOffset"": 629806, ""startLine"": 2870, ""endLine"": 2870}",brd,M10,Operations,/tasks-actions,,"Tasks, Checklists, Meetings & Actions",Workflow: Daily and Shift Handover,Daily and Shift Handover,,"Outgoing user clicks Create Handover near the end of the shi > The platform suggests unresolved operational items from link > User confirms relevant items and adds concise operational no > Each item is assigned to the incoming person, role or manage > Incoming user opens the handover and acknowledges receipt. > High-risk or unacknowledged items escalate according to due  > The handover closes when required items are acknowledged, wh",,,clinic-scoped-unless-stated,,operational,,,,,IN-DEVELOPMENT,IN-DEVELOPMENT,BLOCKED,NOT-STARTED,NOT-STARTED,ADOPTED-AS-IS,Expanded,P3,docs/architecture/prototype-parity/,M10 template/run/detail
brdflow_698579155b1b,public/pulse-html-prototype.html,"{""file"": ""public/pulse-html-prototype.html"", ""startOffset"": 504373, ""endOffset"": 629806, ""startLine"": 2870, ""endLine"": 2870}",brd,M10,Operations,/tasks-actions,,"Tasks, Checklists, Meetings & Actions","Workflow: Missed Checklist, Retrospective Completion and Waiver","Missed Checklist, Retrospective Completion and Waiver",,A scheduled checklist remains unstarted or incomplete after  > The assigned user and manager receive an alert. > Manager reviews the operational context and selects Complete > Late completion requires a reason and evidence where defined > A waiver requires an authorised reason and does not appear a > High-risk missed controls create an incident or management a > The occurrence closes with its true outcome and appears corr,,,clinic-scoped-unless-stated,,operational,,,,,IN-DEVELOPMENT,IN-DEVELOPMENT,BLOCKED,NOT-STARTED,NOT-STARTED,ADOPTED-AS-IS,Expanded,P3,docs/architecture/prototype-parity/,M10 template/run/detail
brdrule_88bd8a2a9c73,public/pulse-html-prototype.html,,brd,M10,Operations,/tasks-actions,,,Business rule,"Checklists can be role-specific, location-specific, shift-specific and frequency-based.",,,,,clinic-scoped-unless-stated,,operational,,,,,IN-DEVELOPMENT,IN-DEVELOPMENT,BLOCKED,NOT-STARTED,NOT-STARTED,ADOPTED-AS-IS,BRD business rule,P3,docs/architecture/prototype-parity/,
brdrule_543dd55a0378,public/pulse-html-prototype.html,,brd,M10,Operations,/tasks-actions,,,Business rule,Skipped or failed mandatory items require reason and may require evidence or escalation.,,,,,clinic-scoped-unless-stated,,operational,,,,,IN-DEVELOPMENT,IN-DEVELOPMENT,BLOCKED,NOT-STARTED,NOT-STARTED,ADOPTED-AS-IS,BRD business rule,P3,docs/architecture/prototype-parity/,
brdrule_6c1f9b9b3885,public/pulse-html-prototype.html,,brd,M10,Operations,/tasks-actions,,,Business rule,Opening/closing duties transfer automatically after an approved roster change.,,,,,clinic-scoped-unless-stated,,operational,,,,,IN-DEVELOPMENT,IN-DEVELOPMENT,BLOCKED,NOT-STARTED,NOT-STARTED,ADOPTED-AS-IS,BRD business rule,P3,docs/architecture/prototype-parity/,
brdrule_5a648adc581e,public/pulse-html-prototype.html,,brd,M10,Operations,/tasks-actions,,,Business rule,Published templates are version-controlled; active checklist records retain the version used.,,,,,clinic-scoped-unless-stated,,operational,,,,,IN-DEVELOPMENT,IN-DEVELOPMENT,BLOCKED,NOT-STARTED,NOT-STARTED,ADOPTED-AS-IS,BRD business rule,P3,docs/architecture/prototype-parity/,
brdrule_bcb75c2482f6,public/pulse-html-prototype.html,,brd,M10,Operations,/tasks-actions,,,Business rule,Meeting actions require owner and due date and automatically appear in Action Inbox.,,,,,clinic-scoped-unless-stated,,operational,,,,,IN-DEVELOPMENT,IN-DEVELOPMENT,BLOCKED,NOT-STARTED,NOT-STARTED,ADOPTED-AS-IS,BRD business rule,P3,docs/architecture/prototype-parity/,
brdrule_0dfafcc300fb,public/pulse-html-prototype.html,,brd,M10,Operations,/tasks-actions,,,Business rule,"A checklist exception can create a ticket, incident, stock action or document evidence without re-entering context.",,,,,clinic-scoped-unless-stated,,operational,,,,,IN-DEVELOPMENT,IN-DEVELOPMENT,BLOCKED,NOT-STARTED,NOT-STARTED,ADOPTED-AS-IS,BRD business rule,P3,docs/architecture/prototype-parity/,
brdvis_1991a0ea91ab,public/pulse-html-prototype.html,,brd,M10,Operations,/tasks-actions,,,Visual requirement,Today panel showing due tasks and active checklists before secondary lists.,,,,,clinic-scoped-unless-stated,,operational,,,,,IN-DEVELOPMENT,IN-DEVELOPMENT,BLOCKED,NOT-STARTED,NOT-STARTED,ADOPTED-AS-IS,BRD visual requirement; final PNG prevails where image exists,P3,docs/architecture/prototype-parity/,M10 template/run/detail
brdvis_0e666855d108,public/pulse-html-prototype.html,,brd,M10,Operations,/tasks-actions,,,Visual requirement,"Checklist item types: tick, yes/no, number, temperature, text, photo/file and sign-off.",,,,,clinic-scoped-unless-stated,,operational,,,,,IN-DEVELOPMENT,IN-DEVELOPMENT,BLOCKED,NOT-STARTED,NOT-STARTED,ADOPTED-AS-IS,BRD visual requirement; final PNG prevails where image exists,P3,docs/architecture/prototype-parity/,M10 template/run/detail
brdvis_bc9c8f737b22,public/pulse-html-prototype.html,,brd,M10,Operations,/tasks-actions,,,Visual requirement,Progress bar and exception badge for each active checklist.,,,,,clinic-scoped-unless-stated,,operational,,,,,IN-DEVELOPMENT,IN-DEVELOPMENT,BLOCKED,NOT-STARTED,NOT-STARTED,ADOPTED-AS-IS,BRD visual requirement; final PNG prevails where image exists,P3,docs/architecture/prototype-parity/,M10 template/run/detail
brdvis_f937176b533f,public/pulse-html-prototype.html,,brd,M10,Operations,/tasks-actions,,,Visual requirement,Template creation stepper: Details → Frequency → Items → Assignment → Evidence → Review → Publish.,,,,,clinic-scoped-unless-stated,,operational,,,,,IN-DEVELOPMENT,IN-DEVELOPMENT,BLOCKED,NOT-STARTED,NOT-STARTED,ADOPTED-AS-IS,BRD visual requirement; final PNG prevails where image exists,P3,docs/architecture/prototype-parity/,M10 template/run/detail
brdvis_172a1c7e7717,public/pulse-html-prototype.html,,brd,M10,Operations,/tasks-actions,,,Visual requirement,"Meeting screen with agenda on left, live minutes and action capture on right.",,,,,clinic-scoped-unless-stated,,operational,,,,,IN-DEVELOPMENT,IN-DEVELOPMENT,BLOCKED,NOT-STARTED,NOT-STARTED,ADOPTED-AS-IS,BRD visual requirement; final PNG prevails where image exists,P3,docs/architecture/prototype-parity/,M10 template/run/detail
brdout_c0dffa1660b5,public/pulse-html-prototype.html,,brd,M10,Operations,/tasks-actions,,,Output/measure,Task and action register,,,,,clinic-scoped-unless-stated,,operational,,,,,IN-DEVELOPMENT,IN-DEVELOPMENT,BLOCKED,NOT-STARTED,NOT-STARTED,ADOPTED-AS-IS,BRD output/measure,P3,docs/architecture/prototype-parity/,
brdout_bd29fa9c75f3,public/pulse-html-prototype.html,,brd,M10,Operations,/tasks-actions,,,Output/measure,Checklist completion and exception report,,,,,clinic-scoped-unless-stated,,operational,,,,,IN-DEVELOPMENT,IN-DEVELOPMENT,BLOCKED,NOT-STARTED,NOT-STARTED,ADOPTED-AS-IS,BRD output/measure,P3,docs/architecture/prototype-parity/,
brdout_122003a7c087,public/pulse-html-prototype.html,,brd,M10,Operations,/tasks-actions,,,Output/measure,Opening/closing compliance report,,,,,clinic-scoped-unless-stated,,operational,,,,,IN-DEVELOPMENT,IN-DEVELOPMENT,BLOCKED,NOT-STARTED,NOT-STARTED,ADOPTED-AS-IS,BRD output/measure,P3,docs/architecture/prototype-parity/,
brdout_f27d9586e527,public/pulse-html-prototype.html,,brd,M10,Operations,/tasks-actions,,,Output/measure,Meeting minutes PDF,,,,,clinic-scoped-unless-stated,,operational,,,,,IN-DEVELOPMENT,IN-DEVELOPMENT,BLOCKED,NOT-STARTED,NOT-STARTED,ADOPTED-AS-IS,BRD output/measure,P3,docs/architecture/prototype-parity/,
brdout_4d24014cd295,public/pulse-html-prototype.html,,brd,M10,Operations,/tasks-actions,,,Output/measure,Overdue meeting actions report,,,,,clinic-scoped-unless-stated,,operational,,,,,IN-DEVELOPMENT,IN-DEVELOPMENT,BLOCKED,NOT-STARTED,NOT-STARTED,ADOPTED-AS-IS,BRD output/measure,P3,docs/architecture/prototype-parity/,
brdout_c9c5ecfeba6a,public/pulse-html-prototype.html,,brd,M10,Operations,/tasks-actions,,,Output/measure,Location/role completion comparison,,,,,clinic-scoped-unless-stated,,operational,,,,,IN-DEVELOPMENT,IN-DEVELOPMENT,BLOCKED,NOT-STARTED,NOT-STARTED,ADOPTED-AS-IS,BRD output/measure,P3,docs/architecture/prototype-parity/,
brdout_a33c3efd4614,public/pulse-html-prototype.html,,brd,M10,Operations,/tasks-actions,,,Output/measure,Measure: overdue mandatory duties,,,,,clinic-scoped-unless-stated,,operational,,,,,IN-DEVELOPMENT,IN-DEVELOPMENT,BLOCKED,NOT-STARTED,NOT-STARTED,ADOPTED-AS-IS,BRD output/measure,P3,docs/architecture/prototype-parity/,
brdout_ab26c9356f14,public/pulse-html-prototype.html,,brd,M10,Operations,/tasks-actions,,,Output/measure,Measure: actions closed by due date,,,,,clinic-scoped-unless-stated,,operational,,,,,IN-DEVELOPMENT,IN-DEVELOPMENT,BLOCKED,NOT-STARTED,NOT-STARTED,ADOPTED-AS-IS,BRD output/measure,P3,docs/architecture/prototype-parity/,
brdmod_87f805037df9,public/pulse-html-prototype.html,"{""file"": ""public/pulse-html-prototype.html"", ""startOffset"": 504373, ""endOffset"": 629806, ""startLine"": 2870, ""endLine"": 2870}",brd,M11,People,/training,,Training & Learning Management,BRD module M11: Training & Learning Management,"Assign, deliver and monitor mandatory and optional learning, policy acknowledgements, induction, assessments and competency evidence across staff, doctors, roles and clinics.",,,,"Training Administrators, Practice Managers, Staff, Doctors, Quality Leads",clinic-scoped-unless-stated,"Learning, assignment, competency, certificate, exemption",operational,,src/modules/m11-*/ + module-register,,,FUNCTIONALLY-COMPLETE,FUNCTIONALLY-COMPLETE,FUNCTIONALLY-COMPLETE,OWNER-ACCEPTED,NOT-STARTED,ADOPTED-AS-IS,Deep/accepted; register condition stale (legacy-html-fallback),P2,docs/architecture/prototype-parity/,M11 learning/progress
brdtab_12d1ce7fc6a0,public/pulse-html-prototype.html,"{""file"": ""public/pulse-html-prototype.html"", ""startOffset"": 504373, ""endOffset"": 629806, ""startLine"": 2870, ""endLine"": 2870}",brd,M11,People,/training,"/training?section=Catalogue — Courses, policy acknowledgements and learning resources.","Catalogue — Courses, policy acknowledgements and learning resources.","Tab: Catalogue — Courses, policy acknowledgements and learning resources.","Assign, deliver and monitor mandatory and optional learning, policy acknowledgements, induction, assessments and competency evidence across staff, doctors, roles and clinics.","Catalogue — Courses, policy acknowledgements and learning resources.",,,,clinic-scoped-unless-stated,,operational,,,,,FUNCTIONALLY-COMPLETE,FUNCTIONALLY-COMPLETE,FUNCTIONALLY-COMPLETE,OWNER-ACCEPTED,NOT-STARTED,ADOPTED-AS-IS,BRD tab retained in canonical screen register,P2,docs/architecture/prototype-parity/,M11 learning/progress
brdtab_7328eb6fa2b8,public/pulse-html-prototype.html,"{""file"": ""public/pulse-html-prototype.html"", ""startOffset"": 504373, ""endOffset"": 629806, ""startLine"": 2870, ""endLine"": 2870}",brd,M11,People,/training,"/training?section=My Learning — Assigned, due, overdue and completed learning.","My Learning — Assigned, due, overdue and completed learning.","Tab: My Learning — Assigned, due, overdue and completed learning.","Assign, deliver and monitor mandatory and optional learning, policy acknowledgements, induction, assessments and competency evidence across staff, doctors, roles and clinics.","My Learning — Assigned, due, overdue and completed learning.",,,,clinic-scoped-unless-stated,,operational,,,,,FUNCTIONALLY-COMPLETE,FUNCTIONALLY-COMPLETE,FUNCTIONALLY-COMPLETE,OWNER-ACCEPTED,NOT-STARTED,ADOPTED-AS-IS,BRD tab retained in canonical screen register,P2,docs/architecture/prototype-parity/,M11 learning/progress
brdtab_389dd269c558,public/pulse-html-prototype.html,"{""file"": ""public/pulse-html-prototype.html"", ""startOffset"": 504373, ""endOffset"": 629806, ""startLine"": 2870, ""endLine"": 2870}",brd,M11,People,/training,"/training?section=Assignments — Role, clinic and individual assignment rules.","Assignments — Role, clinic and individual assignment rules.","Tab: Assignments — Role, clinic and individual assignment rules.","Assign, deliver and monitor mandatory and optional learning, policy acknowledgements, induction, assessments and competency evidence across staff, doctors, roles and clinics.","Assignments — Role, clinic and individual assignment rules.",,,,clinic-scoped-unless-stated,,operational,,,,,FUNCTIONALLY-COMPLETE,FUNCTIONALLY-COMPLETE,FUNCTIONALLY-COMPLETE,OWNER-ACCEPTED,NOT-STARTED,ADOPTED-AS-IS,BRD tab retained in canonical screen register,P2,docs/architecture/prototype-parity/,M11 learning/progress
brdtab_f4a4be2ec54c,public/pulse-html-prototype.html,"{""file"": ""public/pulse-html-prototype.html"", ""startOffset"": 504373, ""endOffset"": 629806, ""startLine"": 2870, ""endLine"": 2870}",brd,M11,People,/training,/training?section=Sessions — Scheduled face-to-face or live training.,Sessions — Scheduled face-to-face or live training.,Tab: Sessions — Scheduled face-to-face or live training.,"Assign, deliver and monitor mandatory and optional learning, policy acknowledgements, induction, assessments and competency evidence across staff, doctors, roles and clinics.",Sessions — Scheduled face-to-face or live training.,,,,clinic-scoped-unless-stated,,operational,,,,,FUNCTIONALLY-COMPLETE,FUNCTIONALLY-COMPLETE,FUNCTIONALLY-COMPLETE,OWNER-ACCEPTED,NOT-STARTED,ADOPTED-AS-IS,BRD tab retained in canonical screen register,P2,docs/architecture/prototype-parity/,M11 learning/progress
brdtab_0cbd4ba51dfb,public/pulse-html-prototype.html,"{""file"": ""public/pulse-html-prototype.html"", ""startOffset"": 504373, ""endOffset"": 629806, ""startLine"": 2870, ""endLine"": 2870}",brd,M11,People,/training,"/training?section=Assessments — Questions, pass rules and reassessment.","Assessments — Questions, pass rules and reassessment.","Tab: Assessments — Questions, pass rules and reassessment.","Assign, deliver and monitor mandatory and optional learning, policy acknowledgements, induction, assessments and competency evidence across staff, doctors, roles and clinics.","Assessments — Questions, pass rules and reassessment.",,,,clinic-scoped-unless-stated,,operational,,,,,FUNCTIONALLY-COMPLETE,FUNCTIONALLY-COMPLETE,FUNCTIONALLY-COMPLETE,OWNER-ACCEPTED,NOT-STARTED,ADOPTED-AS-IS,BRD tab retained in canonical screen register,P2,docs/architecture/prototype-parity/,M11 learning/progress
brdtab_6ab710dd0ea7,public/pulse-html-prototype.html,"{""file"": ""public/pulse-html-prototype.html"", ""startOffset"": 504373, ""endOffset"": 629806, ""startLine"": 2870, ""endLine"": 2870}",brd,M11,People,/training,/training?section=Competencies — Observed competency and evidence.,Competencies — Observed competency and evidence.,Tab: Competencies — Observed competency and evidence.,"Assign, deliver and monitor mandatory and optional learning, policy acknowledgements, induction, assessments and competency evidence across staff, doctors, roles and clinics.",Competencies — Observed competency and evidence.,,,,clinic-scoped-unless-stated,,operational,,,,,FUNCTIONALLY-COMPLETE,FUNCTIONALLY-COMPLETE,FUNCTIONALLY-COMPLETE,OWNER-ACCEPTED,NOT-STARTED,ADOPTED-AS-IS,BRD tab retained in canonical screen register,P2,docs/architecture/prototype-parity/,M11 learning/progress
brdtab_4a66cf3bb49e,public/pulse-html-prototype.html,"{""file"": ""public/pulse-html-prototype.html"", ""startOffset"": 504373, ""endOffset"": 629806, ""startLine"": 2870, ""endLine"": 2870}",brd,M11,People,/training,/training?section=Certificates & Expiry — Uploaded or generated certificates and renewal dates.,Certificates & Expiry — Uploaded or generated certificates and renewal dates.,Tab: Certificates & Expiry — Uploaded or generated certificates and renewal dates.,"Assign, deliver and monitor mandatory and optional learning, policy acknowledgements, induction, assessments and competency evidence across staff, doctors, roles and clinics.",Certificates & Expiry — Uploaded or generated certificates and renewal dates.,,,,clinic-scoped-unless-stated,,operational,,,,,FUNCTIONALLY-COMPLETE,FUNCTIONALLY-COMPLETE,FUNCTIONALLY-COMPLETE,OWNER-ACCEPTED,NOT-STARTED,ADOPTED-AS-IS,BRD tab retained in canonical screen register,P2,docs/architecture/prototype-parity/,M11 learning/progress
brdtab_c9ae0ec10075,public/pulse-html-prototype.html,"{""file"": ""public/pulse-html-prototype.html"", ""startOffset"": 504373, ""endOffset"": 629806, ""startLine"": 2870, ""endLine"": 2870}",brd,M11,People,/training,"/training?section=Exemptions & Prior Learning — Evidence-based exemption, recognition and expiry management.","Exemptions & Prior Learning — Evidence-based exemption, recognition and expiry management.","Tab: Exemptions & Prior Learning — Evidence-based exemption, recognition and expiry management.","Assign, deliver and monitor mandatory and optional learning, policy acknowledgements, induction, assessments and competency evidence across staff, doctors, roles and clinics.","Exemptions & Prior Learning — Evidence-based exemption, recognition and expiry management.",,,,clinic-scoped-unless-stated,,operational,,,,,FUNCTIONALLY-COMPLETE,FUNCTIONALLY-COMPLETE,FUNCTIONALLY-COMPLETE,OWNER-ACCEPTED,NOT-STARTED,ADOPTED-AS-IS,BRD tab retained in canonical screen register,P2,docs/architecture/prototype-parity/,M11 learning/progress
brdtab_32a44cb2cee2,public/pulse-html-prototype.html,"{""file"": ""public/pulse-html-prototype.html"", ""startOffset"": 504373, ""endOffset"": 629806, ""startLine"": 2870, ""endLine"": 2870}",brd,M11,People,/training,"/training?section=Reports — Completion, overdue and readiness reporting.","Reports — Completion, overdue and readiness reporting.","Tab: Reports — Completion, overdue and readiness reporting.","Assign, deliver and monitor mandatory and optional learning, policy acknowledgements, induction, assessments and competency evidence across staff, doctors, roles and clinics.","Reports — Completion, overdue and readiness reporting.",,,,clinic-scoped-unless-stated,,operational,,,,,FUNCTIONALLY-COMPLETE,FUNCTIONALLY-COMPLETE,FUNCTIONALLY-COMPLETE,OWNER-ACCEPTED,NOT-STARTED,ADOPTED-AS-IS,BRD tab retained in canonical screen register,P2,docs/architecture/prototype-parity/,M11 learning/progress
brdbtn_753f7cb47f8b,public/pulse-html-prototype.html,"{""file"": ""public/pulse-html-prototype.html"", ""startOffset"": 504373, ""endOffset"": 629806, ""startLine"": 2870, ""endLine"": 2870}",brd,M11,People,/training,,Training & Learning Management,Named action: Create Course,"Assign, deliver and monitor mandatory and optional learning, policy acknowledgements, induction, assessments and competency evidence across staff, doctors, roles and clinics.",Create Course,service-backed transition required for final claim,,,clinic-scoped-unless-stated,,operational,,,,,FUNCTIONALLY-COMPLETE,FUNCTIONALLY-COMPLETE,FUNCTIONALLY-COMPLETE,OWNER-ACCEPTED,NOT-STARTED,ADOPTED-AS-IS,"Named BRD button must map to real action, planned service-backed action, or owner decision",P2,docs/architecture/prototype-parity/,M11 learning/progress
brdbtn_c3113391f5c1,public/pulse-html-prototype.html,"{""file"": ""public/pulse-html-prototype.html"", ""startOffset"": 504373, ""endOffset"": 629806, ""startLine"": 2870, ""endLine"": 2870}",brd,M11,People,/training,,Training & Learning Management,Named action: Upload Resource,"Assign, deliver and monitor mandatory and optional learning, policy acknowledgements, induction, assessments and competency evidence across staff, doctors, roles and clinics.",Upload Resource,service-backed transition required for final claim,,,clinic-scoped-unless-stated,,operational,,,,,FUNCTIONALLY-COMPLETE,FUNCTIONALLY-COMPLETE,FUNCTIONALLY-COMPLETE,OWNER-ACCEPTED,NOT-STARTED,ADOPTED-AS-IS,"Named BRD button must map to real action, planned service-backed action, or owner decision",P2,docs/architecture/prototype-parity/,M11 learning/progress
brdbtn_0e56e7631c73,public/pulse-html-prototype.html,"{""file"": ""public/pulse-html-prototype.html"", ""startOffset"": 504373, ""endOffset"": 629806, ""startLine"": 2870, ""endLine"": 2870}",brd,M11,People,/training,,Training & Learning Management,Named action: Assign to Role / Clinic,"Assign, deliver and monitor mandatory and optional learning, policy acknowledgements, induction, assessments and competency evidence across staff, doctors, roles and clinics.",Assign to Role / Clinic,service-backed transition required for final claim,,,clinic-scoped-unless-stated,,operational,,,,,FUNCTIONALLY-COMPLETE,FUNCTIONALLY-COMPLETE,FUNCTIONALLY-COMPLETE,OWNER-ACCEPTED,NOT-STARTED,ADOPTED-AS-IS,"Named BRD button must map to real action, planned service-backed action, or owner decision",P2,docs/architecture/prototype-parity/,M11 learning/progress
brdbtn_8675936c34fd,public/pulse-html-prototype.html,"{""file"": ""public/pulse-html-prototype.html"", ""startOffset"": 504373, ""endOffset"": 629806, ""startLine"": 2870, ""endLine"": 2870}",brd,M11,People,/training,,Training & Learning Management,Named action: Enrol Individual,"Assign, deliver and monitor mandatory and optional learning, policy acknowledgements, induction, assessments and competency evidence across staff, doctors, roles and clinics.",Enrol Individual,service-backed transition required for final claim,,,clinic-scoped-unless-stated,,operational,,,,,FUNCTIONALLY-COMPLETE,FUNCTIONALLY-COMPLETE,FUNCTIONALLY-COMPLETE,OWNER-ACCEPTED,NOT-STARTED,ADOPTED-AS-IS,"Named BRD button must map to real action, planned service-backed action, or owner decision",P2,docs/architecture/prototype-parity/,M11 learning/progress
brdbtn_bb7a9ec2b5db,public/pulse-html-prototype.html,"{""file"": ""public/pulse-html-prototype.html"", ""startOffset"": 504373, ""endOffset"": 629806, ""startLine"": 2870, ""endLine"": 2870}",brd,M11,People,/training,,Training & Learning Management,Named action: Schedule Session,"Assign, deliver and monitor mandatory and optional learning, policy acknowledgements, induction, assessments and competency evidence across staff, doctors, roles and clinics.",Schedule Session,service-backed transition required for final claim,,,clinic-scoped-unless-stated,,operational,,,,,FUNCTIONALLY-COMPLETE,FUNCTIONALLY-COMPLETE,FUNCTIONALLY-COMPLETE,OWNER-ACCEPTED,NOT-STARTED,ADOPTED-AS-IS,"Named BRD button must map to real action, planned service-backed action, or owner decision",P2,docs/architecture/prototype-parity/,M11 learning/progress
brdbtn_3627e505467a,public/pulse-html-prototype.html,"{""file"": ""public/pulse-html-prototype.html"", ""startOffset"": 504373, ""endOffset"": 629806, ""startLine"": 2870, ""endLine"": 2870}",brd,M11,People,/training,,Training & Learning Management,Named action: Start Learning,"Assign, deliver and monitor mandatory and optional learning, policy acknowledgements, induction, assessments and competency evidence across staff, doctors, roles and clinics.",Start Learning,service-backed transition required for final claim,,,clinic-scoped-unless-stated,,operational,,,,,FUNCTIONALLY-COMPLETE,FUNCTIONALLY-COMPLETE,FUNCTIONALLY-COMPLETE,OWNER-ACCEPTED,NOT-STARTED,ADOPTED-AS-IS,"Named BRD button must map to real action, planned service-backed action, or owner decision",P2,docs/architecture/prototype-parity/,M11 learning/progress
brdbtn_bdc11e8de8ad,public/pulse-html-prototype.html,"{""file"": ""public/pulse-html-prototype.html"", ""startOffset"": 504373, ""endOffset"": 629806, ""startLine"": 2870, ""endLine"": 2870}",brd,M11,People,/training,,Training & Learning Management,Named action: Submit Assessment,"Assign, deliver and monitor mandatory and optional learning, policy acknowledgements, induction, assessments and competency evidence across staff, doctors, roles and clinics.",Submit Assessment,service-backed transition required for final claim,,,clinic-scoped-unless-stated,,operational,,,,,FUNCTIONALLY-COMPLETE,FUNCTIONALLY-COMPLETE,FUNCTIONALLY-COMPLETE,OWNER-ACCEPTED,NOT-STARTED,ADOPTED-AS-IS,"Named BRD button must map to real action, planned service-backed action, or owner decision",P2,docs/architecture/prototype-parity/,M11 learning/progress
brdbtn_e913a1f0a742,public/pulse-html-prototype.html,"{""file"": ""public/pulse-html-prototype.html"", ""startOffset"": 504373, ""endOffset"": 629806, ""startLine"": 2870, ""endLine"": 2870}",brd,M11,People,/training,,Training & Learning Management,Named action: Record Competency,"Assign, deliver and monitor mandatory and optional learning, policy acknowledgements, induction, assessments and competency evidence across staff, doctors, roles and clinics.",Record Competency,service-backed transition required for final claim,,,clinic-scoped-unless-stated,,operational,,,,,FUNCTIONALLY-COMPLETE,FUNCTIONALLY-COMPLETE,FUNCTIONALLY-COMPLETE,OWNER-ACCEPTED,NOT-STARTED,ADOPTED-AS-IS,"Named BRD button must map to real action, planned service-backed action, or owner decision",P2,docs/architecture/prototype-parity/,M11 learning/progress
brdbtn_9b26932a71e9,public/pulse-html-prototype.html,"{""file"": ""public/pulse-html-prototype.html"", ""startOffset"": 504373, ""endOffset"": 629806, ""startLine"": 2870, ""endLine"": 2870}",brd,M11,People,/training,,Training & Learning Management,Named action: Upload Certificate,"Assign, deliver and monitor mandatory and optional learning, policy acknowledgements, induction, assessments and competency evidence across staff, doctors, roles and clinics.",Upload Certificate,service-backed transition required for final claim,,,clinic-scoped-unless-stated,,operational,,,,,FUNCTIONALLY-COMPLETE,FUNCTIONALLY-COMPLETE,FUNCTIONALLY-COMPLETE,OWNER-ACCEPTED,NOT-STARTED,ADOPTED-AS-IS,"Named BRD button must map to real action, planned service-backed action, or owner decision",P2,docs/architecture/prototype-parity/,M11 learning/progress
brdbtn_37b68ddce76b,public/pulse-html-prototype.html,"{""file"": ""public/pulse-html-prototype.html"", ""startOffset"": 504373, ""endOffset"": 629806, ""startLine"": 2870, ""endLine"": 2870}",brd,M11,People,/training,,Training & Learning Management,Named action: Acknowledge Policy,"Assign, deliver and monitor mandatory and optional learning, policy acknowledgements, induction, assessments and competency evidence across staff, doctors, roles and clinics.",Acknowledge Policy,service-backed transition required for final claim,,,clinic-scoped-unless-stated,,operational,,,,,FUNCTIONALLY-COMPLETE,FUNCTIONALLY-COMPLETE,FUNCTIONALLY-COMPLETE,OWNER-ACCEPTED,NOT-STARTED,ADOPTED-AS-IS,"Named BRD button must map to real action, planned service-backed action, or owner decision",P2,docs/architecture/prototype-parity/,M11 learning/progress
brdbtn_b1f4b631ce69,public/pulse-html-prototype.html,"{""file"": ""public/pulse-html-prototype.html"", ""startOffset"": 504373, ""endOffset"": 629806, ""startLine"": 2870, ""endLine"": 2870}",brd,M11,People,/training,,Training & Learning Management,Named action: Send Reminder,"Assign, deliver and monitor mandatory and optional learning, policy acknowledgements, induction, assessments and competency evidence across staff, doctors, roles and clinics.",Send Reminder,service-backed transition required for final claim,,,clinic-scoped-unless-stated,,operational,,,,,FUNCTIONALLY-COMPLETE,FUNCTIONALLY-COMPLETE,FUNCTIONALLY-COMPLETE,OWNER-ACCEPTED,NOT-STARTED,ADOPTED-AS-IS,"Named BRD button must map to real action, planned service-backed action, or owner decision",P2,docs/architecture/prototype-parity/,M11 learning/progress
brdbtn_727623cbc719,public/pulse-html-prototype.html,"{""file"": ""public/pulse-html-prototype.html"", ""startOffset"": 504373, ""endOffset"": 629806, ""startLine"": 2870, ""endLine"": 2870}",brd,M11,People,/training,,Training & Learning Management,Named action: Extend Due Date with Reason,"Assign, deliver and monitor mandatory and optional learning, policy acknowledgements, induction, assessments and competency evidence across staff, doctors, roles and clinics.",Extend Due Date with Reason,service-backed transition required for final claim,,,clinic-scoped-unless-stated,,operational,,,,,FUNCTIONALLY-COMPLETE,FUNCTIONALLY-COMPLETE,FUNCTIONALLY-COMPLETE,OWNER-ACCEPTED,NOT-STARTED,ADOPTED-AS-IS,"Named BRD button must map to real action, planned service-backed action, or owner decision",P2,docs/architecture/prototype-parity/,M11 learning/progress
brdbtn_49caa8584907,public/pulse-html-prototype.html,"{""file"": ""public/pulse-html-prototype.html"", ""startOffset"": 504373, ""endOffset"": 629806, ""startLine"": 2870, ""endLine"": 2870}",brd,M11,People,/training,,Training & Learning Management,Named action: Archive Course,"Assign, deliver and monitor mandatory and optional learning, policy acknowledgements, induction, assessments and competency evidence across staff, doctors, roles and clinics.",Archive Course,service-backed transition required for final claim,,,clinic-scoped-unless-stated,,operational,,,,,FUNCTIONALLY-COMPLETE,FUNCTIONALLY-COMPLETE,FUNCTIONALLY-COMPLETE,OWNER-ACCEPTED,NOT-STARTED,ADOPTED-AS-IS,"Named BRD button must map to real action, planned service-backed action, or owner decision",P2,docs/architecture/prototype-parity/,M11 learning/progress
brdbtn_a6ccf6e7ad3d,public/pulse-html-prototype.html,"{""file"": ""public/pulse-html-prototype.html"", ""startOffset"": 504373, ""endOffset"": 629806, ""startLine"": 2870, ""endLine"": 2870}",brd,M11,People,/training,,Training & Learning Management,Named action: Request Exemption / Prior Learning,"Assign, deliver and monitor mandatory and optional learning, policy acknowledgements, induction, assessments and competency evidence across staff, doctors, roles and clinics.",Request Exemption / Prior Learning,service-backed transition required for final claim,,,clinic-scoped-unless-stated,,operational,,,,,FUNCTIONALLY-COMPLETE,FUNCTIONALLY-COMPLETE,FUNCTIONALLY-COMPLETE,OWNER-ACCEPTED,NOT-STARTED,ADOPTED-AS-IS,"Named BRD button must map to real action, planned service-backed action, or owner decision",P2,docs/architecture/prototype-parity/,M11 learning/progress
brdbtn_3e1cfada470a,public/pulse-html-prototype.html,"{""file"": ""public/pulse-html-prototype.html"", ""startOffset"": 504373, ""endOffset"": 629806, ""startLine"": 2870, ""endLine"": 2870}",brd,M11,People,/training,,Training & Learning Management,Named action: Approve / Reject Exemption,"Assign, deliver and monitor mandatory and optional learning, policy acknowledgements, induction, assessments and competency evidence across staff, doctors, roles and clinics.",Approve / Reject Exemption,service-backed transition required for final claim,,,clinic-scoped-unless-stated,,operational,,,,,FUNCTIONALLY-COMPLETE,FUNCTIONALLY-COMPLETE,FUNCTIONALLY-COMPLETE,OWNER-ACCEPTED,NOT-STARTED,ADOPTED-AS-IS,"Named BRD button must map to real action, planned service-backed action, or owner decision",P2,docs/architecture/prototype-parity/,M11 learning/progress
brdbtn_bc506a0c2872,public/pulse-html-prototype.html,"{""file"": ""public/pulse-html-prototype.html"", ""startOffset"": 504373, ""endOffset"": 629806, ""startLine"": 2870, ""endLine"": 2870}",brd,M11,People,/training,,Training & Learning Management,Named action: Compare Role Requirements,"Assign, deliver and monitor mandatory and optional learning, policy acknowledgements, induction, assessments and competency evidence across staff, doctors, roles and clinics.",Compare Role Requirements,service-backed transition required for final claim,,,clinic-scoped-unless-stated,,operational,,,,,FUNCTIONALLY-COMPLETE,FUNCTIONALLY-COMPLETE,FUNCTIONALLY-COMPLETE,OWNER-ACCEPTED,NOT-STARTED,ADOPTED-AS-IS,"Named BRD button must map to real action, planned service-backed action, or owner decision",P2,docs/architecture/prototype-parity/,M11 learning/progress
brdflow_b3e049d8bab3,public/pulse-html-prototype.html,"{""file"": ""public/pulse-html-prototype.html"", ""startOffset"": 504373, ""endOffset"": 629806, ""startLine"": 2870, ""endLine"": 2870}",brd,M11,People,/training,,Training & Learning Management,Workflow: Create and assign learning,Create and assign learning,,"Training admin opens Catalogue and clicks Create Course. > The builder captures title, purpose, content, assessment, pa > Admin selects assignment rules by role, clinic or individual > A preview lists affected people and due dates. > Admin publishes the course; assignments appear in My Learnin",,,clinic-scoped-unless-stated,,operational,,,,,FUNCTIONALLY-COMPLETE,FUNCTIONALLY-COMPLETE,FUNCTIONALLY-COMPLETE,OWNER-ACCEPTED,NOT-STARTED,ADOPTED-AS-IS,Core,P2,docs/architecture/prototype-parity/,M11 learning/progress
brdflow_6d66818359d3,public/pulse-html-prototype.html,"{""file"": ""public/pulse-html-prototype.html"", ""startOffset"": 504373, ""endOffset"": 629806, ""startLine"": 2870, ""endLine"": 2870}",brd,M11,People,/training,,Training & Learning Management,Workflow: Complete training,Complete training,,"User opens My Learning and selects an assigned course. > The course screen shows sections, progress and required asse > User completes content and submits the assessment. > On pass, completion is recorded and a certificate is generat > If failed, the user receives feedback and a reassessment act",,,clinic-scoped-unless-stated,,operational,,,,,FUNCTIONALLY-COMPLETE,FUNCTIONALLY-COMPLETE,FUNCTIONALLY-COMPLETE,OWNER-ACCEPTED,NOT-STARTED,ADOPTED-AS-IS,Core,P2,docs/architecture/prototype-parity/,M11 learning/progress
brdflow_7d94797ba1a1,public/pulse-html-prototype.html,"{""file"": ""public/pulse-html-prototype.html"", ""startOffset"": 504373, ""endOffset"": 629806, ""startLine"": 2870, ""endLine"": 2870}",brd,M11,People,/training,,Training & Learning Management,Workflow: Record observed competency,Record observed competency,,"Manager opens Competencies and selects a person and competen > The form displays the observation checklist and required evi > Manager records outcome, date, notes and next review date. > If competent, readiness updates; if not yet competent, remed > The competency remains available in the person’s training hi",,,clinic-scoped-unless-stated,,operational,,,,,FUNCTIONALLY-COMPLETE,FUNCTIONALLY-COMPLETE,FUNCTIONALLY-COMPLETE,OWNER-ACCEPTED,NOT-STARTED,ADOPTED-AS-IS,Core,P2,docs/architecture/prototype-parity/,M11 learning/progress
brdflow_7d9141f2aaf8,public/pulse-html-prototype.html,"{""file"": ""public/pulse-html-prototype.html"", ""startOffset"": 504373, ""endOffset"": 629806, ""startLine"": 2870, ""endLine"": 2870}",brd,M11,People,/training,,Training & Learning Management,"Workflow: Training Exemption, Prior Learning and Role-Change Reassignment","Training Exemption, Prior Learning and Role-Change Reassignment",,"User or manager opens the training requirement and clicks Re > Evidence, issuing body, completion date and validity period  > Training administrator reviews the evidence and approves, re > Approved exemption satisfies the requirement until its expir > When a person changes role or clinic, the module compares ol > Required new assignments are created with due dates. > No-longer-required assignments are closed with a clear reaso",,,clinic-scoped-unless-stated,,operational,,,,,FUNCTIONALLY-COMPLETE,FUNCTIONALLY-COMPLETE,FUNCTIONALLY-COMPLETE,OWNER-ACCEPTED,NOT-STARTED,ADOPTED-AS-IS,Expanded,P2,docs/architecture/prototype-parity/,M11 learning/progress
brdrule_11643636ec0a,public/pulse-html-prototype.html,,brd,M11,People,/training,,,Business rule,"Mandatory learning rules can be assigned by role, clinic, responsibility or policy version.",,,,,clinic-scoped-unless-stated,,operational,,,,,FUNCTIONALLY-COMPLETE,FUNCTIONALLY-COMPLETE,FUNCTIONALLY-COMPLETE,OWNER-ACCEPTED,NOT-STARTED,ADOPTED-AS-IS,BRD business rule,P2,docs/architecture/prototype-parity/,
brdrule_ee0dc97cd503,public/pulse-html-prototype.html,,brd,M11,People,/training,,,Business rule,Training completion and policy acknowledgement are distinct where both are required.,,,,,clinic-scoped-unless-stated,,operational,,,,,FUNCTIONALLY-COMPLETE,FUNCTIONALLY-COMPLETE,FUNCTIONALLY-COMPLETE,OWNER-ACCEPTED,NOT-STARTED,ADOPTED-AS-IS,BRD business rule,P2,docs/architecture/prototype-parity/,
brdrule_0e95570f2216,public/pulse-html-prototype.html,,brd,M11,People,/training,,,Business rule,Expired or missing mandatory training can create roster or duty warnings.,,,,,clinic-scoped-unless-stated,,operational,,,,,FUNCTIONALLY-COMPLETE,FUNCTIONALLY-COMPLETE,FUNCTIONALLY-COMPLETE,OWNER-ACCEPTED,NOT-STARTED,ADOPTED-AS-IS,BRD business rule,P2,docs/architecture/prototype-parity/,
brdrule_c11c998ca3b1,public/pulse-html-prototype.html,,brd,M11,People,/training,,,Business rule,"Extensions require reason, owner and revised due date.",,,,,clinic-scoped-unless-stated,,operational,,,,,FUNCTIONALLY-COMPLETE,FUNCTIONALLY-COMPLETE,FUNCTIONALLY-COMPLETE,OWNER-ACCEPTED,NOT-STARTED,ADOPTED-AS-IS,BRD business rule,P2,docs/architecture/prototype-parity/,
brdrule_6a6f51a06a6d,public/pulse-html-prototype.html,,brd,M11,People,/training,,,Business rule,Course and assessment versions are retained for historical evidence.,,,,,clinic-scoped-unless-stated,,operational,,,,,FUNCTIONALLY-COMPLETE,FUNCTIONALLY-COMPLETE,FUNCTIONALLY-COMPLETE,OWNER-ACCEPTED,NOT-STARTED,ADOPTED-AS-IS,BRD business rule,P2,docs/architecture/prototype-parity/,
brdvis_c38b8bfd5098,public/pulse-html-prototype.html,,brd,M11,People,/training,,,Visual requirement,"Learning cards with due date, estimated duration, progress and status.",,,,,clinic-scoped-unless-stated,,operational,,,,,FUNCTIONALLY-COMPLETE,FUNCTIONALLY-COMPLETE,FUNCTIONALLY-COMPLETE,OWNER-ACCEPTED,NOT-STARTED,ADOPTED-AS-IS,BRD visual requirement; final PNG prevails where image exists,P2,docs/architecture/prototype-parity/,M11 learning/progress
brdvis_47f5bbd940c8,public/pulse-html-prototype.html,,brd,M11,People,/training,,,Visual requirement,"Course builder with content, assessment, acknowledgement and certificate settings.",,,,,clinic-scoped-unless-stated,,operational,,,,,FUNCTIONALLY-COMPLETE,FUNCTIONALLY-COMPLETE,FUNCTIONALLY-COMPLETE,OWNER-ACCEPTED,NOT-STARTED,ADOPTED-AS-IS,BRD visual requirement; final PNG prevails where image exists,P2,docs/architecture/prototype-parity/,M11 learning/progress
brdvis_5af6b2058312,public/pulse-html-prototype.html,,brd,M11,People,/training,,,Visual requirement,Role readiness matrix showing mandatory training against people.,,,,,clinic-scoped-unless-stated,,operational,,,,,FUNCTIONALLY-COMPLETE,FUNCTIONALLY-COMPLETE,FUNCTIONALLY-COMPLETE,OWNER-ACCEPTED,NOT-STARTED,ADOPTED-AS-IS,BRD visual requirement; final PNG prevails where image exists,P2,docs/architecture/prototype-parity/,M11 learning/progress
brdvis_86399c35b4b9,public/pulse-html-prototype.html,,brd,M11,People,/training,,,Visual requirement,Expiry calendar and reminder timeline.,,,,,clinic-scoped-unless-stated,,operational,,,,,FUNCTIONALLY-COMPLETE,FUNCTIONALLY-COMPLETE,FUNCTIONALLY-COMPLETE,OWNER-ACCEPTED,NOT-STARTED,ADOPTED-AS-IS,BRD visual requirement; final PNG prevails where image exists,P2,docs/architecture/prototype-parity/,M11 learning/progress
brdvis_527da85ac0b9,public/pulse-html-prototype.html,,brd,M11,People,/training,,,Visual requirement,Manager view of overdue items affecting roster or responsibility readiness.,,,,,clinic-scoped-unless-stated,,operational,,,,,FUNCTIONALLY-COMPLETE,FUNCTIONALLY-COMPLETE,FUNCTIONALLY-COMPLETE,OWNER-ACCEPTED,NOT-STARTED,ADOPTED-AS-IS,BRD visual requirement; final PNG prevails where image exists,P2,docs/architecture/prototype-parity/,M11 learning/progress
brdout_5a27d5d418d1,public/pulse-html-prototype.html,,brd,M11,People,/training,,,Output/measure,Training completion report,,,,,clinic-scoped-unless-stated,,operational,,,,,FUNCTIONALLY-COMPLETE,FUNCTIONALLY-COMPLETE,FUNCTIONALLY-COMPLETE,OWNER-ACCEPTED,NOT-STARTED,ADOPTED-AS-IS,BRD output/measure,P2,docs/architecture/prototype-parity/,
brdout_5c30aaa3267a,public/pulse-html-prototype.html,,brd,M11,People,/training,,,Output/measure,Overdue mandatory learning report,,,,,clinic-scoped-unless-stated,,operational,,,,,FUNCTIONALLY-COMPLETE,FUNCTIONALLY-COMPLETE,FUNCTIONALLY-COMPLETE,OWNER-ACCEPTED,NOT-STARTED,ADOPTED-AS-IS,BRD output/measure,P2,docs/architecture/prototype-parity/,
brdout_e3d34041aeb5,public/pulse-html-prototype.html,,brd,M11,People,/training,,,Output/measure,Role readiness matrix,,,,,clinic-scoped-unless-stated,,operational,,,,,FUNCTIONALLY-COMPLETE,FUNCTIONALLY-COMPLETE,FUNCTIONALLY-COMPLETE,OWNER-ACCEPTED,NOT-STARTED,ADOPTED-AS-IS,BRD output/measure,P2,docs/architecture/prototype-parity/,
brdout_58b8410215c5,public/pulse-html-prototype.html,,brd,M11,People,/training,,,Output/measure,Certificate and competency expiry report,,,,,clinic-scoped-unless-stated,,operational,,,,,FUNCTIONALLY-COMPLETE,FUNCTIONALLY-COMPLETE,FUNCTIONALLY-COMPLETE,OWNER-ACCEPTED,NOT-STARTED,ADOPTED-AS-IS,BRD output/measure,P2,docs/architecture/prototype-parity/,
brdout_55d8738566a6,public/pulse-html-prototype.html,,brd,M11,People,/training,,,Output/measure,Policy acknowledgement report,,,,,clinic-scoped-unless-stated,,operational,,,,,FUNCTIONALLY-COMPLETE,FUNCTIONALLY-COMPLETE,FUNCTIONALLY-COMPLETE,OWNER-ACCEPTED,NOT-STARTED,ADOPTED-AS-IS,BRD output/measure,P2,docs/architecture/prototype-parity/,
brdout_fe578da3dde3,public/pulse-html-prototype.html,,brd,M11,People,/training,,,Output/measure,Measure: mandatory training current,,,,,clinic-scoped-unless-stated,,operational,,,,,FUNCTIONALLY-COMPLETE,FUNCTIONALLY-COMPLETE,FUNCTIONALLY-COMPLETE,OWNER-ACCEPTED,NOT-STARTED,ADOPTED-AS-IS,BRD output/measure,P2,docs/architecture/prototype-parity/,
brdout_18174fc15e3f,public/pulse-html-prototype.html,,brd,M11,People,/training,,,Output/measure,Measure: overdue learning affecting duties,,,,,clinic-scoped-unless-stated,,operational,,,,,FUNCTIONALLY-COMPLETE,FUNCTIONALLY-COMPLETE,FUNCTIONALLY-COMPLETE,OWNER-ACCEPTED,NOT-STARTED,ADOPTED-AS-IS,BRD output/measure,P2,docs/architecture/prototype-parity/,
brdmod_a31078f041bc,public/pulse-html-prototype.html,"{""file"": ""public/pulse-html-prototype.html"", ""startOffset"": 504373, ""endOffset"": 629806, ""startLine"": 2870, ""endLine"": 2870}",brd,M12,Governance,/compliance-quality,,"Accreditation, Quality & Regulatory Compliance","BRD module M12: Accreditation, Quality & Regulatory Compliance","Coordinate accreditation readiness, quality improvement, PDSA cycles, nursing and cold-chain duties, service feedback, audits and regulatory changes in one evidence-based workspace.",,,,"Accreditation / Quality Lead, Practice Managers, Nursing Leads, Owners, Auditors",clinic-scoped-unless-stated,"Compliance, accreditation, audit finding, CAPA verification",operational,,src/modules/m12-*/ + module-register,,,IN-DEVELOPMENT,IN-DEVELOPMENT,NOT-STARTED,NOT-STARTED,NOT-STARTED,ADOPTED-AS-IS,Partial/seed-level; full compliance/quality required,P5,docs/architecture/prototype-parity/,M12 governance/audit
brdtab_b3364290224a,public/pulse-html-prototype.html,"{""file"": ""public/pulse-html-prototype.html"", ""startOffset"": 504373, ""endOffset"": 629806, ""startLine"": 2870, ""endLine"": 2870}",brd,M12,Governance,/compliance-quality,"/compliance-quality?section=Accreditation Standards — Requirements, ownership, status and due dates.","Accreditation Standards — Requirements, ownership, status and due dates.","Tab: Accreditation Standards — Requirements, ownership, status and due dates.","Coordinate accreditation readiness, quality improvement, PDSA cycles, nursing and cold-chain duties, service feedback, audits and regulatory changes in one evidence-based workspace.","Accreditation Standards — Requirements, ownership, status and due dates.",,,,clinic-scoped-unless-stated,,operational,,,,,IN-DEVELOPMENT,IN-DEVELOPMENT,NOT-STARTED,NOT-STARTED,NOT-STARTED,ADOPTED-AS-IS,BRD tab retained in canonical screen register,P5,docs/architecture/prototype-parity/,M12 governance/audit
brdtab_177163141dab,public/pulse-html-prototype.html,"{""file"": ""public/pulse-html-prototype.html"", ""startOffset"": 504373, ""endOffset"": 629806, ""startLine"": 2870, ""endLine"": 2870}",brd,M12,Governance,/compliance-quality,"/compliance-quality?section=Evidence Library — Evidence linked to standards, audits and reviews.","Evidence Library — Evidence linked to standards, audits and reviews.","Tab: Evidence Library — Evidence linked to standards, audits and reviews.","Coordinate accreditation readiness, quality improvement, PDSA cycles, nursing and cold-chain duties, service feedback, audits and regulatory changes in one evidence-based workspace.","Evidence Library — Evidence linked to standards, audits and reviews.",,,,clinic-scoped-unless-stated,,operational,,,,,IN-DEVELOPMENT,IN-DEVELOPMENT,NOT-STARTED,NOT-STARTED,NOT-STARTED,ADOPTED-AS-IS,BRD tab retained in canonical screen register,P5,docs/architecture/prototype-parity/,M12 governance/audit
brdtab_ccac5d7bb761,public/pulse-html-prototype.html,"{""file"": ""public/pulse-html-prototype.html"", ""startOffset"": 504373, ""endOffset"": 629806, ""startLine"": 2870, ""endLine"": 2870}",brd,M12,Governance,/compliance-quality,"/compliance-quality?section=Gap Register — Unmet, partial or expiring requirements.","Gap Register — Unmet, partial or expiring requirements.","Tab: Gap Register — Unmet, partial or expiring requirements.","Coordinate accreditation readiness, quality improvement, PDSA cycles, nursing and cold-chain duties, service feedback, audits and regulatory changes in one evidence-based workspace.","Gap Register — Unmet, partial or expiring requirements.",,,,clinic-scoped-unless-stated,,operational,,,,,IN-DEVELOPMENT,IN-DEVELOPMENT,NOT-STARTED,NOT-STARTED,NOT-STARTED,ADOPTED-AS-IS,BRD tab retained in canonical screen register,P5,docs/architecture/prototype-parity/,M12 governance/audit
brdtab_36329d2498ae,public/pulse-html-prototype.html,"{""file"": ""public/pulse-html-prototype.html"", ""startOffset"": 504373, ""endOffset"": 629806, ""startLine"": 2870, ""endLine"": 2870}",brd,M12,Governance,/compliance-quality,"/compliance-quality?section=QI / PDSA — Improvement ideas, measures, cycles and outcomes.","QI / PDSA — Improvement ideas, measures, cycles and outcomes.","Tab: QI / PDSA — Improvement ideas, measures, cycles and outcomes.","Coordinate accreditation readiness, quality improvement, PDSA cycles, nursing and cold-chain duties, service feedback, audits and regulatory changes in one evidence-based workspace.","QI / PDSA — Improvement ideas, measures, cycles and outcomes.",,,,clinic-scoped-unless-stated,,operational,,,,,IN-DEVELOPMENT,IN-DEVELOPMENT,NOT-STARTED,NOT-STARTED,NOT-STARTED,ADOPTED-AS-IS,BRD tab retained in canonical screen register,P5,docs/architecture/prototype-parity/,M12 governance/audit
brdtab_56e376138f68,public/pulse-html-prototype.html,"{""file"": ""public/pulse-html-prototype.html"", ""startOffset"": 504373, ""endOffset"": 629806, ""startLine"": 2870, ""endLine"": 2870}",brd,M12,Governance,/compliance-quality,/compliance-quality?section=Nursing & Cold Chain — Recurring clinical-operational duties and temperature exceptions.,Nursing & Cold Chain — Recurring clinical-operational duties and temperature exceptions.,Tab: Nursing & Cold Chain — Recurring clinical-operational duties and temperature exceptions.,"Coordinate accreditation readiness, quality improvement, PDSA cycles, nursing and cold-chain duties, service feedback, audits and regulatory changes in one evidence-based workspace.",Nursing & Cold Chain — Recurring clinical-operational duties and temperature exceptions.,,,,clinic-scoped-unless-stated,,operational,,,,,IN-DEVELOPMENT,IN-DEVELOPMENT,NOT-STARTED,NOT-STARTED,NOT-STARTED,ADOPTED-AS-IS,BRD tab retained in canonical screen register,P5,docs/architecture/prototype-parity/,M12 governance/audit
brdtab_bb79568e02b5,public/pulse-html-prototype.html,"{""file"": ""public/pulse-html-prototype.html"", ""startOffset"": 504373, ""endOffset"": 629806, ""startLine"": 2870, ""endLine"": 2870}",brd,M12,Governance,/compliance-quality,"/compliance-quality?section=Service Quality — Non-clinical feedback themes, waiting-time issues and recovery actions.","Service Quality — Non-clinical feedback themes, waiting-time issues and recovery actions.","Tab: Service Quality — Non-clinical feedback themes, waiting-time issues and recovery actions.","Coordinate accreditation readiness, quality improvement, PDSA cycles, nursing and cold-chain duties, service feedback, audits and regulatory changes in one evidence-based workspace.","Service Quality — Non-clinical feedback themes, waiting-time issues and recovery actions.",,,,clinic-scoped-unless-stated,,operational,,,,,IN-DEVELOPMENT,IN-DEVELOPMENT,NOT-STARTED,NOT-STARTED,NOT-STARTED,ADOPTED-AS-IS,BRD tab retained in canonical screen register,P5,docs/architecture/prototype-parity/,M12 governance/audit
brdtab_8b0973887395,public/pulse-html-prototype.html,"{""file"": ""public/pulse-html-prototype.html"", ""startOffset"": 504373, ""endOffset"": 629806, ""startLine"": 2870, ""endLine"": 2870}",brd,M12,Governance,/compliance-quality,"/compliance-quality?section=Regulatory Calendar — Known review dates, regulatory changes and implementation actions.","Regulatory Calendar — Known review dates, regulatory changes and implementation actions.","Tab: Regulatory Calendar — Known review dates, regulatory changes and implementation actions.","Coordinate accreditation readiness, quality improvement, PDSA cycles, nursing and cold-chain duties, service feedback, audits and regulatory changes in one evidence-based workspace.","Regulatory Calendar — Known review dates, regulatory changes and implementation actions.",,,,clinic-scoped-unless-stated,,operational,,,,,IN-DEVELOPMENT,IN-DEVELOPMENT,NOT-STARTED,NOT-STARTED,NOT-STARTED,ADOPTED-AS-IS,BRD tab retained in canonical screen register,P5,docs/architecture/prototype-parity/,M12 governance/audit
brdtab_68f020b91492,public/pulse-html-prototype.html,"{""file"": ""public/pulse-html-prototype.html"", ""startOffset"": 504373, ""endOffset"": 629806, ""startLine"": 2870, ""endLine"": 2870}",brd,M12,Governance,/compliance-quality,"/compliance-quality?section=Audits — Internal audit plans, findings and follow-up.","Audits — Internal audit plans, findings and follow-up.","Tab: Audits — Internal audit plans, findings and follow-up.","Coordinate accreditation readiness, quality improvement, PDSA cycles, nursing and cold-chain duties, service feedback, audits and regulatory changes in one evidence-based workspace.","Audits — Internal audit plans, findings and follow-up.",,,,clinic-scoped-unless-stated,,operational,,,,,IN-DEVELOPMENT,IN-DEVELOPMENT,NOT-STARTED,NOT-STARTED,NOT-STARTED,ADOPTED-AS-IS,BRD tab retained in canonical screen register,P5,docs/architecture/prototype-parity/,M12 governance/audit
brdbtn_f7f75f252b19,public/pulse-html-prototype.html,"{""file"": ""public/pulse-html-prototype.html"", ""startOffset"": 504373, ""endOffset"": 629806, ""startLine"": 2870, ""endLine"": 2870}",brd,M12,Governance,/compliance-quality,,"Accreditation, Quality & Regulatory Compliance",Named action: Add Requirement,"Coordinate accreditation readiness, quality improvement, PDSA cycles, nursing and cold-chain duties, service feedback, audits and regulatory changes in one evidence-based workspace.",Add Requirement,service-backed transition required for final claim,,,clinic-scoped-unless-stated,,operational,,,,,PROTOTYPE-ONLY,IN-DEVELOPMENT,NOT-STARTED,NOT-STARTED,NOT-STARTED,ADOPTED-AS-IS,"Named BRD button must map to real action, planned service-backed action, or owner decision",P5,docs/architecture/prototype-parity/,M12 governance/audit
brdbtn_f631286d0656,public/pulse-html-prototype.html,"{""file"": ""public/pulse-html-prototype.html"", ""startOffset"": 504373, ""endOffset"": 629806, ""startLine"": 2870, ""endLine"": 2870}",brd,M12,Governance,/compliance-quality,,"Accreditation, Quality & Regulatory Compliance",Named action: Assign Owner,"Coordinate accreditation readiness, quality improvement, PDSA cycles, nursing and cold-chain duties, service feedback, audits and regulatory changes in one evidence-based workspace.",Assign Owner,service-backed transition required for final claim,,,clinic-scoped-unless-stated,,operational,,,,,PROTOTYPE-ONLY,IN-DEVELOPMENT,NOT-STARTED,NOT-STARTED,NOT-STARTED,ADOPTED-AS-IS,"Named BRD button must map to real action, planned service-backed action, or owner decision",P5,docs/architecture/prototype-parity/,M12 governance/audit
brdbtn_26bef98ea5c0,public/pulse-html-prototype.html,"{""file"": ""public/pulse-html-prototype.html"", ""startOffset"": 504373, ""endOffset"": 629806, ""startLine"": 2870, ""endLine"": 2870}",brd,M12,Governance,/compliance-quality,,"Accreditation, Quality & Regulatory Compliance",Named action: Link Evidence,"Coordinate accreditation readiness, quality improvement, PDSA cycles, nursing and cold-chain duties, service feedback, audits and regulatory changes in one evidence-based workspace.",Link Evidence,service-backed transition required for final claim,,,clinic-scoped-unless-stated,,operational,,,,,PROTOTYPE-ONLY,IN-DEVELOPMENT,NOT-STARTED,NOT-STARTED,NOT-STARTED,ADOPTED-AS-IS,"Named BRD button must map to real action, planned service-backed action, or owner decision",P5,docs/architecture/prototype-parity/,M12 governance/audit
brdbtn_9bcc76293b13,public/pulse-html-prototype.html,"{""file"": ""public/pulse-html-prototype.html"", ""startOffset"": 504373, ""endOffset"": 629806, ""startLine"": 2870, ""endLine"": 2870}",brd,M12,Governance,/compliance-quality,,"Accreditation, Quality & Regulatory Compliance",Named action: Create Gap Action,"Coordinate accreditation readiness, quality improvement, PDSA cycles, nursing and cold-chain duties, service feedback, audits and regulatory changes in one evidence-based workspace.",Create Gap Action,service-backed transition required for final claim,,,clinic-scoped-unless-stated,,operational,,,,,PROTOTYPE-ONLY,IN-DEVELOPMENT,NOT-STARTED,NOT-STARTED,NOT-STARTED,ADOPTED-AS-IS,"Named BRD button must map to real action, planned service-backed action, or owner decision",P5,docs/architecture/prototype-parity/,M12 governance/audit
brdbtn_566208e06b10,public/pulse-html-prototype.html,"{""file"": ""public/pulse-html-prototype.html"", ""startOffset"": 504373, ""endOffset"": 629806, ""startLine"": 2870, ""endLine"": 2870}",brd,M12,Governance,/compliance-quality,,"Accreditation, Quality & Regulatory Compliance",Named action: Start PDSA,"Coordinate accreditation readiness, quality improvement, PDSA cycles, nursing and cold-chain duties, service feedback, audits and regulatory changes in one evidence-based workspace.",Start PDSA,service-backed transition required for final claim,,,clinic-scoped-unless-stated,,operational,,,,,PROTOTYPE-ONLY,IN-DEVELOPMENT,NOT-STARTED,NOT-STARTED,NOT-STARTED,ADOPTED-AS-IS,"Named BRD button must map to real action, planned service-backed action, or owner decision",P5,docs/architecture/prototype-parity/,M12 governance/audit
brdbtn_cf5875893fb2,public/pulse-html-prototype.html,"{""file"": ""public/pulse-html-prototype.html"", ""startOffset"": 504373, ""endOffset"": 629806, ""startLine"": 2870, ""endLine"": 2870}",brd,M12,Governance,/compliance-quality,,"Accreditation, Quality & Regulatory Compliance",Named action: Record Measure,"Coordinate accreditation readiness, quality improvement, PDSA cycles, nursing and cold-chain duties, service feedback, audits and regulatory changes in one evidence-based workspace.",Record Measure,service-backed transition required for final claim,,,clinic-scoped-unless-stated,,operational,,,,,PROTOTYPE-ONLY,IN-DEVELOPMENT,NOT-STARTED,NOT-STARTED,NOT-STARTED,ADOPTED-AS-IS,"Named BRD button must map to real action, planned service-backed action, or owner decision",P5,docs/architecture/prototype-parity/,M12 governance/audit
brdbtn_d61b0b383602,public/pulse-html-prototype.html,"{""file"": ""public/pulse-html-prototype.html"", ""startOffset"": 504373, ""endOffset"": 629806, ""startLine"": 2870, ""endLine"": 2870}",brd,M12,Governance,/compliance-quality,,"Accreditation, Quality & Regulatory Compliance",Named action: Record Temperature,"Coordinate accreditation readiness, quality improvement, PDSA cycles, nursing and cold-chain duties, service feedback, audits and regulatory changes in one evidence-based workspace.",Record Temperature,service-backed transition required for final claim,,,clinic-scoped-unless-stated,,operational,,,,,PROTOTYPE-ONLY,IN-DEVELOPMENT,NOT-STARTED,NOT-STARTED,NOT-STARTED,ADOPTED-AS-IS,"Named BRD button must map to real action, planned service-backed action, or owner decision",P5,docs/architecture/prototype-parity/,M12 governance/audit
brdbtn_3641bee78e66,public/pulse-html-prototype.html,"{""file"": ""public/pulse-html-prototype.html"", ""startOffset"": 504373, ""endOffset"": 629806, ""startLine"": 2870, ""endLine"": 2870}",brd,M12,Governance,/compliance-quality,,"Accreditation, Quality & Regulatory Compliance",Named action: Log Exception,"Coordinate accreditation readiness, quality improvement, PDSA cycles, nursing and cold-chain duties, service feedback, audits and regulatory changes in one evidence-based workspace.",Log Exception,service-backed transition required for final claim,,,clinic-scoped-unless-stated,,operational,,,,,PROTOTYPE-ONLY,IN-DEVELOPMENT,NOT-STARTED,NOT-STARTED,NOT-STARTED,ADOPTED-AS-IS,"Named BRD button must map to real action, planned service-backed action, or owner decision",P5,docs/architecture/prototype-parity/,M12 governance/audit
brdbtn_ee18c0563f17,public/pulse-html-prototype.html,"{""file"": ""public/pulse-html-prototype.html"", ""startOffset"": 504373, ""endOffset"": 629806, ""startLine"": 2870, ""endLine"": 2870}",brd,M12,Governance,/compliance-quality,,"Accreditation, Quality & Regulatory Compliance",Named action: Add Feedback Theme,"Coordinate accreditation readiness, quality improvement, PDSA cycles, nursing and cold-chain duties, service feedback, audits and regulatory changes in one evidence-based workspace.",Add Feedback Theme,service-backed transition required for final claim,,,clinic-scoped-unless-stated,,operational,,,,,PROTOTYPE-ONLY,IN-DEVELOPMENT,NOT-STARTED,NOT-STARTED,NOT-STARTED,ADOPTED-AS-IS,"Named BRD button must map to real action, planned service-backed action, or owner decision",P5,docs/architecture/prototype-parity/,M12 governance/audit
brdbtn_72b2ed3f6a2e,public/pulse-html-prototype.html,"{""file"": ""public/pulse-html-prototype.html"", ""startOffset"": 504373, ""endOffset"": 629806, ""startLine"": 2870, ""endLine"": 2870}",brd,M12,Governance,/compliance-quality,,"Accreditation, Quality & Regulatory Compliance",Named action: Create Service Recovery Action,"Coordinate accreditation readiness, quality improvement, PDSA cycles, nursing and cold-chain duties, service feedback, audits and regulatory changes in one evidence-based workspace.",Create Service Recovery Action,service-backed transition required for final claim,,,clinic-scoped-unless-stated,,operational,,,,,PROTOTYPE-ONLY,IN-DEVELOPMENT,NOT-STARTED,NOT-STARTED,NOT-STARTED,ADOPTED-AS-IS,"Named BRD button must map to real action, planned service-backed action, or owner decision",P5,docs/architecture/prototype-parity/,M12 governance/audit
brdbtn_11116ba19712,public/pulse-html-prototype.html,"{""file"": ""public/pulse-html-prototype.html"", ""startOffset"": 504373, ""endOffset"": 629806, ""startLine"": 2870, ""endLine"": 2870}",brd,M12,Governance,/compliance-quality,,"Accreditation, Quality & Regulatory Compliance",Named action: Add Regulatory Change,"Coordinate accreditation readiness, quality improvement, PDSA cycles, nursing and cold-chain duties, service feedback, audits and regulatory changes in one evidence-based workspace.",Add Regulatory Change,service-backed transition required for final claim,,,clinic-scoped-unless-stated,,operational,,,,,PROTOTYPE-ONLY,IN-DEVELOPMENT,NOT-STARTED,NOT-STARTED,NOT-STARTED,ADOPTED-AS-IS,"Named BRD button must map to real action, planned service-backed action, or owner decision",P5,docs/architecture/prototype-parity/,M12 governance/audit
brdbtn_63804da2d826,public/pulse-html-prototype.html,"{""file"": ""public/pulse-html-prototype.html"", ""startOffset"": 504373, ""endOffset"": 629806, ""startLine"": 2870, ""endLine"": 2870}",brd,M12,Governance,/compliance-quality,,"Accreditation, Quality & Regulatory Compliance",Named action: Schedule Audit,"Coordinate accreditation readiness, quality improvement, PDSA cycles, nursing and cold-chain duties, service feedback, audits and regulatory changes in one evidence-based workspace.",Schedule Audit,service-backed transition required for final claim,,,clinic-scoped-unless-stated,,operational,,,,,PROTOTYPE-ONLY,IN-DEVELOPMENT,NOT-STARTED,NOT-STARTED,NOT-STARTED,ADOPTED-AS-IS,"Named BRD button must map to real action, planned service-backed action, or owner decision",P5,docs/architecture/prototype-parity/,M12 governance/audit
brdbtn_5a978e104215,public/pulse-html-prototype.html,"{""file"": ""public/pulse-html-prototype.html"", ""startOffset"": 504373, ""endOffset"": 629806, ""startLine"": 2870, ""endLine"": 2870}",brd,M12,Governance,/compliance-quality,,"Accreditation, Quality & Regulatory Compliance",Named action: Sign Off,"Coordinate accreditation readiness, quality improvement, PDSA cycles, nursing and cold-chain duties, service feedback, audits and regulatory changes in one evidence-based workspace.",Sign Off,service-backed transition required for final claim,,,clinic-scoped-unless-stated,,operational,,,,,PROTOTYPE-ONLY,IN-DEVELOPMENT,NOT-STARTED,NOT-STARTED,NOT-STARTED,ADOPTED-AS-IS,"Named BRD button must map to real action, planned service-backed action, or owner decision",P5,docs/architecture/prototype-parity/,M12 governance/audit
brdflow_4b171f7877a3,public/pulse-html-prototype.html,"{""file"": ""public/pulse-html-prototype.html"", ""startOffset"": 504373, ""endOffset"": 629806, ""startLine"": 2870, ""endLine"": 2870}",brd,M12,Governance,/compliance-quality,,"Accreditation, Quality & Regulatory Compliance",Workflow: Close an accreditation gap,Close an accreditation gap,,"Lead opens Gap Register and selects a requirement. > The panel shows current status, missing evidence, owner and  > Lead creates or assigns gap actions and links relevant polic > When actions are complete, lead uploads/links evidence and s > Reviewer confirms the evidence and changes the requirement t",,,clinic-scoped-unless-stated,,operational,,,,,IN-DEVELOPMENT,IN-DEVELOPMENT,NOT-STARTED,NOT-STARTED,NOT-STARTED,ADOPTED-AS-IS,Core,P5,docs/architecture/prototype-parity/,M12 governance/audit
brdflow_14c3f5945481,public/pulse-html-prototype.html,"{""file"": ""public/pulse-html-prototype.html"", ""startOffset"": 504373, ""endOffset"": 629806, ""startLine"": 2870, ""endLine"": 2870}",brd,M12,Governance,/compliance-quality,,"Accreditation, Quality & Regulatory Compliance",Workflow: Run a PDSA cycle,Run a PDSA cycle,,"User opens QI / PDSA and clicks Start PDSA. > Plan captures problem, baseline, proposed change, measure, o > During Do, actions and observations are recorded. > Study compares results to baseline and captures learning. > In Act, the owner adopts, adapts or abandons the change and ",,,clinic-scoped-unless-stated,,operational,,,,,IN-DEVELOPMENT,IN-DEVELOPMENT,NOT-STARTED,NOT-STARTED,NOT-STARTED,ADOPTED-AS-IS,Core,P5,docs/architecture/prototype-parity/,M12 governance/audit
brdflow_1529adc9d425,public/pulse-html-prototype.html,"{""file"": ""public/pulse-html-prototype.html"", ""startOffset"": 504373, ""endOffset"": 629806, ""startLine"": 2870, ""endLine"": 2870}",brd,M12,Governance,/compliance-quality,,"Accreditation, Quality & Regulatory Compliance",Workflow: Handle a cold-chain exception,Handle a cold-chain exception,,"Nurse records a temperature reading in Nursing & Cold Chain. > An out-of-range value opens an exception modal requiring tim > The module prompts escalation, evidence and whether an incid > Manager reviews and records disposition and corrective actio > The exception is included in compliance evidence and trend r",,,clinic-scoped-unless-stated,,operational,,,,,IN-DEVELOPMENT,IN-DEVELOPMENT,NOT-STARTED,NOT-STARTED,NOT-STARTED,ADOPTED-AS-IS,Core,P5,docs/architecture/prototype-parity/,M12 governance/audit
brdflow_8652a04d2672,public/pulse-html-prototype.html,"{""file"": ""public/pulse-html-prototype.html"", ""startOffset"": 504373, ""endOffset"": 629806, ""startLine"": 2870, ""endLine"": 2870}",brd,M12,Governance,/compliance-quality,,"Accreditation, Quality & Regulatory Compliance",Workflow: Process regulatory change,Process regulatory change,,"Compliance owner adds a regulatory change with effective dat > Impact assessment identifies affected clinics, policies, tra > Actions are assigned and tracked through Action Inbox. > Owner reviews evidence of implementation before the effectiv > The change is marked Implemented and scheduled for post-impl",,,clinic-scoped-unless-stated,,operational,,,,,IN-DEVELOPMENT,IN-DEVELOPMENT,NOT-STARTED,NOT-STARTED,NOT-STARTED,ADOPTED-AS-IS,Core,P5,docs/architecture/prototype-parity/,M12 governance/audit
brdrule_6ccbeffb8491,public/pulse-html-prototype.html,,brd,M12,Governance,/compliance-quality,,,Business rule,"Every accreditation requirement needs an owner, status, evidence position and review date.",,,,,clinic-scoped-unless-stated,,operational,,,,,IN-DEVELOPMENT,IN-DEVELOPMENT,NOT-STARTED,NOT-STARTED,NOT-STARTED,ADOPTED-AS-IS,BRD business rule,P5,docs/architecture/prototype-parity/,
brdrule_39a1b2c2346d,public/pulse-html-prototype.html,,brd,M12,Governance,/compliance-quality,,,Business rule,Evidence may support multiple requirements but must retain its source and current version.,,,,,clinic-scoped-unless-stated,,operational,,,,,IN-DEVELOPMENT,IN-DEVELOPMENT,NOT-STARTED,NOT-STARTED,NOT-STARTED,ADOPTED-AS-IS,BRD business rule,P5,docs/architecture/prototype-parity/,
brdrule_7a08c2227693,public/pulse-html-prototype.html,,brd,M12,Governance,/compliance-quality,,,Business rule,Gaps create owned actions and cannot be marked Met without reviewed evidence.,,,,,clinic-scoped-unless-stated,,operational,,,,,IN-DEVELOPMENT,IN-DEVELOPMENT,NOT-STARTED,NOT-STARTED,NOT-STARTED,ADOPTED-AS-IS,BRD business rule,P5,docs/architecture/prototype-parity/,
brdrule_51fae3cefa7c,public/pulse-html-prototype.html,,brd,M12,Governance,/compliance-quality,,,Business rule,Temperature or clinical-operational exceptions follow defined escalation and incident rules.,,,,,clinic-scoped-unless-stated,,operational,,,,,IN-DEVELOPMENT,IN-DEVELOPMENT,NOT-STARTED,NOT-STARTED,NOT-STARTED,ADOPTED-AS-IS,BRD business rule,P5,docs/architecture/prototype-parity/,
brdrule_baaa4ec221f5,public/pulse-html-prototype.html,,brd,M12,Governance,/compliance-quality,,,Business rule,"QI cycles must record baseline, intended change, measure, result and decision.",,,,,clinic-scoped-unless-stated,,operational,,,,,IN-DEVELOPMENT,IN-DEVELOPMENT,NOT-STARTED,NOT-STARTED,NOT-STARTED,ADOPTED-AS-IS,BRD business rule,P5,docs/architecture/prototype-parity/,
brdrule_6bf28c29b754,public/pulse-html-prototype.html,,brd,M12,Governance,/compliance-quality,,,Business rule,"Regulatory change actions link to policy, training, checklist and change-management activities as needed.",,,,,clinic-scoped-unless-stated,,operational,,,,,IN-DEVELOPMENT,IN-DEVELOPMENT,NOT-STARTED,NOT-STARTED,NOT-STARTED,ADOPTED-AS-IS,BRD business rule,P5,docs/architecture/prototype-parity/,
brdvis_ae5fba97d233,public/pulse-html-prototype.html,,brd,M12,Governance,/compliance-quality,,,Visual requirement,"Standards matrix showing Met, Partial, Not Met, Expiring and Not Applicable.",,,,,clinic-scoped-unless-stated,,operational,,,,,IN-DEVELOPMENT,IN-DEVELOPMENT,NOT-STARTED,NOT-STARTED,NOT-STARTED,ADOPTED-AS-IS,BRD visual requirement; final PNG prevails where image exists,P5,docs/architecture/prototype-parity/,M12 governance/audit
brdvis_d2f776ce1d98,public/pulse-html-prototype.html,,brd,M12,Governance,/compliance-quality,,,Visual requirement,"Evidence card with owner, version, review date and linked requirements.",,,,,clinic-scoped-unless-stated,,operational,,,,,IN-DEVELOPMENT,IN-DEVELOPMENT,NOT-STARTED,NOT-STARTED,NOT-STARTED,ADOPTED-AS-IS,BRD visual requirement; final PNG prevails where image exists,P5,docs/architecture/prototype-parity/,M12 governance/audit
brdvis_325286d464eb,public/pulse-html-prototype.html,,brd,M12,Governance,/compliance-quality,,,Visual requirement,PDSA board: Plan → Do → Study → Act with measures and decision.,,,,,clinic-scoped-unless-stated,,operational,,,,,IN-DEVELOPMENT,IN-DEVELOPMENT,NOT-STARTED,NOT-STARTED,NOT-STARTED,ADOPTED-AS-IS,BRD visual requirement; final PNG prevails where image exists,P5,docs/architecture/prototype-parity/,M12 governance/audit
brdvis_c933fc86de6e,public/pulse-html-prototype.html,,brd,M12,Governance,/compliance-quality,,,Visual requirement,Cold-chain chart and exception banner with escalation status.,,,,,clinic-scoped-unless-stated,,operational,,,,,IN-DEVELOPMENT,IN-DEVELOPMENT,NOT-STARTED,NOT-STARTED,NOT-STARTED,ADOPTED-AS-IS,BRD visual requirement; final PNG prevails where image exists,P5,docs/architecture/prototype-parity/,M12 governance/audit
brdvis_ab23f6a6013d,public/pulse-html-prototype.html,,brd,M12,Governance,/compliance-quality,,,Visual requirement,"Regulatory timeline with impact, affected modules, owner and readiness.",,,,,clinic-scoped-unless-stated,,operational,,,,,IN-DEVELOPMENT,IN-DEVELOPMENT,NOT-STARTED,NOT-STARTED,NOT-STARTED,ADOPTED-AS-IS,BRD visual requirement; final PNG prevails where image exists,P5,docs/architecture/prototype-parity/,M12 governance/audit
brdout_8e0c46bccfd0,public/pulse-html-prototype.html,,brd,M12,Governance,/compliance-quality,,,Output/measure,Accreditation status and evidence pack,,,,,clinic-scoped-unless-stated,,operational,,,,,IN-DEVELOPMENT,IN-DEVELOPMENT,NOT-STARTED,NOT-STARTED,NOT-STARTED,ADOPTED-AS-IS,BRD output/measure,P5,docs/architecture/prototype-parity/,
brdout_ed0ba88b57be,public/pulse-html-prototype.html,,brd,M12,Governance,/compliance-quality,,,Output/measure,Gap register and overdue actions,,,,,clinic-scoped-unless-stated,,operational,,,,,IN-DEVELOPMENT,IN-DEVELOPMENT,NOT-STARTED,NOT-STARTED,NOT-STARTED,ADOPTED-AS-IS,BRD output/measure,P5,docs/architecture/prototype-parity/,
brdout_f929694f13bb,public/pulse-html-prototype.html,,brd,M12,Governance,/compliance-quality,,,Output/measure,QI/PDSA report,,,,,clinic-scoped-unless-stated,,operational,,,,,IN-DEVELOPMENT,IN-DEVELOPMENT,NOT-STARTED,NOT-STARTED,NOT-STARTED,ADOPTED-AS-IS,BRD output/measure,P5,docs/architecture/prototype-parity/,
brdout_8d6f939ebf2d,public/pulse-html-prototype.html,,brd,M12,Governance,/compliance-quality,,,Output/measure,Nursing and cold-chain compliance report,,,,,clinic-scoped-unless-stated,,operational,,,,,IN-DEVELOPMENT,IN-DEVELOPMENT,NOT-STARTED,NOT-STARTED,NOT-STARTED,ADOPTED-AS-IS,BRD output/measure,P5,docs/architecture/prototype-parity/,
brdout_4d6e5dcb35f3,public/pulse-html-prototype.html,,brd,M12,Governance,/compliance-quality,,,Output/measure,Service quality theme report,,,,,clinic-scoped-unless-stated,,operational,,,,,IN-DEVELOPMENT,IN-DEVELOPMENT,NOT-STARTED,NOT-STARTED,NOT-STARTED,ADOPTED-AS-IS,BRD output/measure,P5,docs/architecture/prototype-parity/,
brdout_d35941b5353d,public/pulse-html-prototype.html,,brd,M12,Governance,/compliance-quality,,,Output/measure,Regulatory change calendar,,,,,clinic-scoped-unless-stated,,operational,,,,,IN-DEVELOPMENT,IN-DEVELOPMENT,NOT-STARTED,NOT-STARTED,NOT-STARTED,ADOPTED-AS-IS,BRD output/measure,P5,docs/architecture/prototype-parity/,
brdout_abd4865a95da,public/pulse-html-prototype.html,,brd,M12,Governance,/compliance-quality,,,Output/measure,Measure: requirements Met with current evidence,,,,,clinic-scoped-unless-stated,,operational,,,,,IN-DEVELOPMENT,IN-DEVELOPMENT,NOT-STARTED,NOT-STARTED,NOT-STARTED,ADOPTED-AS-IS,BRD output/measure,P5,docs/architecture/prototype-parity/,
brdout_e1a755020185,public/pulse-html-prototype.html,,brd,M12,Governance,/compliance-quality,,,Output/measure,Measure: overdue high-risk gaps,,,,,clinic-scoped-unless-stated,,operational,,,,,IN-DEVELOPMENT,IN-DEVELOPMENT,NOT-STARTED,NOT-STARTED,NOT-STARTED,ADOPTED-AS-IS,BRD output/measure,P5,docs/architecture/prototype-parity/,
brdmod_f6342429add6,public/pulse-html-prototype.html,"{""file"": ""public/pulse-html-prototype.html"", ""startOffset"": 504373, ""endOffset"": 629806, ""startLine"": 2870, ""endLine"": 2870}",brd,M13,Governance,/documents-policies,,"Documents, Policies, SOPs & Intake","BRD module M13: Documents, Policies, SOPs & Intake","Capture incoming documents and emails, maintain templates and location folders, control policies/SOPs and generated PDFs, and ensure every important document has an owner, status, version, review date and linked business purpose.",,,,"Administration, Practice Managers, HR, Finance, Quality / Accreditation, Document Owners",clinic-scoped-unless-stated,Controlled operational documents and policy versions,operational,,src/modules/m13-*/ + module-register,,,PROTOTYPE-ONLY,NOT-STARTED,NOT-STARTED,NOT-STARTED,NOT-STARTED,ADOPTED-AS-IS,Landing-level controlled documents,P4,docs/architecture/prototype-parity/,M12 governance/audit
brdtab_57a644567858,public/pulse-html-prototype.html,"{""file"": ""public/pulse-html-prototype.html"", ""startOffset"": 504373, ""endOffset"": 629806, ""startLine"": 2870, ""endLine"": 2870}",brd,M13,Governance,/documents-policies,"/documents-policies?section=Intake Queue — New emails, scans, invoices, certificates, forms and attachments awaiting classification.","Intake Queue — New emails, scans, invoices, certificates, forms and attachments awaiting classification.","Tab: Intake Queue — New emails, scans, invoices, certificates, forms and attachments awaiting classification.","Capture incoming documents and emails, maintain templates and location folders, control policies/SOPs and generated PDFs, and ensure every important document has an owner, status, version, review date and linked business purpose.","Intake Queue — New emails, scans, invoices, certificates, forms and attachments awaiting classification.",,,,clinic-scoped-unless-stated,,operational,,,,,PROTOTYPE-ONLY,NOT-STARTED,NOT-STARTED,NOT-STARTED,NOT-STARTED,ADOPTED-AS-IS,BRD tab retained in canonical screen register,P4,docs/architecture/prototype-parity/,M12 governance/audit
brdtab_62b0362433b8,public/pulse-html-prototype.html,"{""file"": ""public/pulse-html-prototype.html"", ""startOffset"": 504373, ""endOffset"": 629806, ""startLine"": 2870, ""endLine"": 2870}",brd,M13,Governance,/documents-policies,"/documents-policies?section=Templates — Approved reusable forms, letters, checklists and document templates.","Templates — Approved reusable forms, letters, checklists and document templates.","Tab: Templates — Approved reusable forms, letters, checklists and document templates.","Capture incoming documents and emails, maintain templates and location folders, control policies/SOPs and generated PDFs, and ensure every important document has an owner, status, version, review date and linked business purpose.","Templates — Approved reusable forms, letters, checklists and document templates.",,,,clinic-scoped-unless-stated,,operational,,,,,PROTOTYPE-ONLY,NOT-STARTED,NOT-STARTED,NOT-STARTED,NOT-STARTED,ADOPTED-AS-IS,BRD tab retained in canonical screen register,P4,docs/architecture/prototype-parity/,M12 governance/audit
brdtab_44a66be389f4,public/pulse-html-prototype.html,"{""file"": ""public/pulse-html-prototype.html"", ""startOffset"": 504373, ""endOffset"": 629806, ""startLine"": 2870, ""endLine"": 2870}",brd,M13,Governance,/documents-policies,/documents-policies?section=Location Folders — Clinic-specific controlled records and evidence.,Location Folders — Clinic-specific controlled records and evidence.,Tab: Location Folders — Clinic-specific controlled records and evidence.,"Capture incoming documents and emails, maintain templates and location folders, control policies/SOPs and generated PDFs, and ensure every important document has an owner, status, version, review date and linked business purpose.",Location Folders — Clinic-specific controlled records and evidence.,,,,clinic-scoped-unless-stated,,operational,,,,,PROTOTYPE-ONLY,NOT-STARTED,NOT-STARTED,NOT-STARTED,NOT-STARTED,ADOPTED-AS-IS,BRD tab retained in canonical screen register,P4,docs/architecture/prototype-parity/,M12 governance/audit
brdtab_cc95aa90298a,public/pulse-html-prototype.html,"{""file"": ""public/pulse-html-prototype.html"", ""startOffset"": 504373, ""endOffset"": 629806, ""startLine"": 2870, ""endLine"": 2870}",brd,M13,Governance,/documents-policies,"/documents-policies?section=Policies & SOPs — Approved business policies, procedures and work instructions.","Policies & SOPs — Approved business policies, procedures and work instructions.","Tab: Policies & SOPs — Approved business policies, procedures and work instructions.","Capture incoming documents and emails, maintain templates and location folders, control policies/SOPs and generated PDFs, and ensure every important document has an owner, status, version, review date and linked business purpose.","Policies & SOPs — Approved business policies, procedures and work instructions.",,,,clinic-scoped-unless-stated,,operational,,,,,PROTOTYPE-ONLY,NOT-STARTED,NOT-STARTED,NOT-STARTED,NOT-STARTED,ADOPTED-AS-IS,BRD tab retained in canonical screen register,P4,docs/architecture/prototype-parity/,M12 governance/audit
brdtab_317061506908,public/pulse-html-prototype.html,"{""file"": ""public/pulse-html-prototype.html"", ""startOffset"": 504373, ""endOffset"": 629806, ""startLine"": 2870, ""endLine"": 2870}",brd,M13,Governance,/documents-policies,"/documents-policies?section=Controlled Documents — Draft, review, approved, published, superseded and archived records.","Controlled Documents — Draft, review, approved, published, superseded and archived records.","Tab: Controlled Documents — Draft, review, approved, published, superseded and archived records.","Capture incoming documents and emails, maintain templates and location folders, control policies/SOPs and generated PDFs, and ensure every important document has an owner, status, version, review date and linked business purpose.","Controlled Documents — Draft, review, approved, published, superseded and archived records.",,,,clinic-scoped-unless-stated,,operational,,,,,PROTOTYPE-ONLY,NOT-STARTED,NOT-STARTED,NOT-STARTED,NOT-STARTED,ADOPTED-AS-IS,BRD tab retained in canonical screen register,P4,docs/architecture/prototype-parity/,M12 governance/audit
brdtab_e93c78ad7008,public/pulse-html-prototype.html,"{""file"": ""public/pulse-html-prototype.html"", ""startOffset"": 504373, ""endOffset"": 629806, ""startLine"": 2870, ""endLine"": 2870}",brd,M13,Governance,/documents-policies,/documents-policies?section=Review Due — Upcoming and overdue reviews.,Review Due — Upcoming and overdue reviews.,Tab: Review Due — Upcoming and overdue reviews.,"Capture incoming documents and emails, maintain templates and location folders, control policies/SOPs and generated PDFs, and ensure every important document has an owner, status, version, review date and linked business purpose.",Review Due — Upcoming and overdue reviews.,,,,clinic-scoped-unless-stated,,operational,,,,,PROTOTYPE-ONLY,NOT-STARTED,NOT-STARTED,NOT-STARTED,NOT-STARTED,ADOPTED-AS-IS,BRD tab retained in canonical screen register,P4,docs/architecture/prototype-parity/,M12 governance/audit
brdtab_f4cca0952f80,public/pulse-html-prototype.html,"{""file"": ""public/pulse-html-prototype.html"", ""startOffset"": 504373, ""endOffset"": 629806, ""startLine"": 2870, ""endLine"": 2870}",brd,M13,Governance,/documents-policies,/documents-policies?section=Acknowledgements — Required reading and acknowledgement status.,Acknowledgements — Required reading and acknowledgement status.,Tab: Acknowledgements — Required reading and acknowledgement status.,"Capture incoming documents and emails, maintain templates and location folders, control policies/SOPs and generated PDFs, and ensure every important document has an owner, status, version, review date and linked business purpose.",Acknowledgements — Required reading and acknowledgement status.,,,,clinic-scoped-unless-stated,,operational,,,,,PROTOTYPE-ONLY,NOT-STARTED,NOT-STARTED,NOT-STARTED,NOT-STARTED,ADOPTED-AS-IS,BRD tab retained in canonical screen register,P4,docs/architecture/prototype-parity/,M12 governance/audit
brdtab_2f60b9f68ec4,public/pulse-html-prototype.html,"{""file"": ""public/pulse-html-prototype.html"", ""startOffset"": 504373, ""endOffset"": 629806, ""startLine"": 2870, ""endLine"": 2870}",brd,M13,Governance,/documents-policies,"/documents-policies?section=Search & Archive — Cross-folder search, filters and historical versions.","Search & Archive — Cross-folder search, filters and historical versions.","Tab: Search & Archive — Cross-folder search, filters and historical versions.","Capture incoming documents and emails, maintain templates and location folders, control policies/SOPs and generated PDFs, and ensure every important document has an owner, status, version, review date and linked business purpose.","Search & Archive — Cross-folder search, filters and historical versions.",,,,clinic-scoped-unless-stated,,operational,,,,,PROTOTYPE-ONLY,NOT-STARTED,NOT-STARTED,NOT-STARTED,NOT-STARTED,ADOPTED-AS-IS,BRD tab retained in canonical screen register,P4,docs/architecture/prototype-parity/,M12 governance/audit
brdtab_e90d2185dea3,public/pulse-html-prototype.html,"{""file"": ""public/pulse-html-prototype.html"", ""startOffset"": 504373, ""endOffset"": 629806, ""startLine"": 2870, ""endLine"": 2870}",brd,M13,Governance,/documents-policies,"/documents-policies?section=Retention & Legal Hold — Retention review, extension, controlled disposal and legal-hold protection.","Retention & Legal Hold — Retention review, extension, controlled disposal and legal-hold protection.","Tab: Retention & Legal Hold — Retention review, extension, controlled disposal and legal-hold protection.","Capture incoming documents and emails, maintain templates and location folders, control policies/SOPs and generated PDFs, and ensure every important document has an owner, status, version, review date and linked business purpose.","Retention & Legal Hold — Retention review, extension, controlled disposal and legal-hold protection.",,,,clinic-scoped-unless-stated,,operational,,,,,PROTOTYPE-ONLY,NOT-STARTED,NOT-STARTED,NOT-STARTED,NOT-STARTED,ADOPTED-AS-IS,BRD tab retained in canonical screen register,P4,docs/architecture/prototype-parity/,M12 governance/audit
brdbtn_c8f9e81cfae2,public/pulse-html-prototype.html,"{""file"": ""public/pulse-html-prototype.html"", ""startOffset"": 504373, ""endOffset"": 629806, ""startLine"": 2870, ""endLine"": 2870}",brd,M13,Governance,/documents-policies,,"Documents, Policies, SOPs & Intake",Named action: Upload / Scan,"Capture incoming documents and emails, maintain templates and location folders, control policies/SOPs and generated PDFs, and ensure every important document has an owner, status, version, review date and linked business purpose.",Upload / Scan,service-backed transition required for final claim,,,clinic-scoped-unless-stated,,operational,,,,,PROTOTYPE-ONLY,NOT-STARTED,NOT-STARTED,NOT-STARTED,NOT-STARTED,ADOPTED-AS-IS,"Named BRD button must map to real action, planned service-backed action, or owner decision",P4,docs/architecture/prototype-parity/,M12 governance/audit
brdbtn_db65139d271d,public/pulse-html-prototype.html,"{""file"": ""public/pulse-html-prototype.html"", ""startOffset"": 504373, ""endOffset"": 629806, ""startLine"": 2870, ""endLine"": 2870}",brd,M13,Governance,/documents-policies,,"Documents, Policies, SOPs & Intake",Named action: Classify,"Capture incoming documents and emails, maintain templates and location folders, control policies/SOPs and generated PDFs, and ensure every important document has an owner, status, version, review date and linked business purpose.",Classify,service-backed transition required for final claim,,,clinic-scoped-unless-stated,,operational,,,,,PROTOTYPE-ONLY,NOT-STARTED,NOT-STARTED,NOT-STARTED,NOT-STARTED,ADOPTED-AS-IS,"Named BRD button must map to real action, planned service-backed action, or owner decision",P4,docs/architecture/prototype-parity/,M12 governance/audit
brdbtn_67a1fa534246,public/pulse-html-prototype.html,"{""file"": ""public/pulse-html-prototype.html"", ""startOffset"": 504373, ""endOffset"": 629806, ""startLine"": 2870, ""endLine"": 2870}",brd,M13,Governance,/documents-policies,,"Documents, Policies, SOPs & Intake",Named action: Assign Owner,"Capture incoming documents and emails, maintain templates and location folders, control policies/SOPs and generated PDFs, and ensure every important document has an owner, status, version, review date and linked business purpose.",Assign Owner,service-backed transition required for final claim,,,clinic-scoped-unless-stated,,operational,,,,,PROTOTYPE-ONLY,NOT-STARTED,NOT-STARTED,NOT-STARTED,NOT-STARTED,ADOPTED-AS-IS,"Named BRD button must map to real action, planned service-backed action, or owner decision",P4,docs/architecture/prototype-parity/,M12 governance/audit
brdbtn_07f0beb73438,public/pulse-html-prototype.html,"{""file"": ""public/pulse-html-prototype.html"", ""startOffset"": 504373, ""endOffset"": 629806, ""startLine"": 2870, ""endLine"": 2870}",brd,M13,Governance,/documents-policies,,"Documents, Policies, SOPs & Intake",Named action: Link to Module,"Capture incoming documents and emails, maintain templates and location folders, control policies/SOPs and generated PDFs, and ensure every important document has an owner, status, version, review date and linked business purpose.",Link to Module,service-backed transition required for final claim,,,clinic-scoped-unless-stated,,operational,,,,,PROTOTYPE-ONLY,NOT-STARTED,NOT-STARTED,NOT-STARTED,NOT-STARTED,ADOPTED-AS-IS,"Named BRD button must map to real action, planned service-backed action, or owner decision",P4,docs/architecture/prototype-parity/,M12 governance/audit
brdbtn_bb9d81f13f66,public/pulse-html-prototype.html,"{""file"": ""public/pulse-html-prototype.html"", ""startOffset"": 504373, ""endOffset"": 629806, ""startLine"": 2870, ""endLine"": 2870}",brd,M13,Governance,/documents-policies,,"Documents, Policies, SOPs & Intake",Named action: Create Action,"Capture incoming documents and emails, maintain templates and location folders, control policies/SOPs and generated PDFs, and ensure every important document has an owner, status, version, review date and linked business purpose.",Create Action,service-backed transition required for final claim,,,clinic-scoped-unless-stated,,operational,,,,,PROTOTYPE-ONLY,NOT-STARTED,NOT-STARTED,NOT-STARTED,NOT-STARTED,ADOPTED-AS-IS,"Named BRD button must map to real action, planned service-backed action, or owner decision",P4,docs/architecture/prototype-parity/,M12 governance/audit
brdbtn_daa41b1f11cf,public/pulse-html-prototype.html,"{""file"": ""public/pulse-html-prototype.html"", ""startOffset"": 504373, ""endOffset"": 629806, ""startLine"": 2870, ""endLine"": 2870}",brd,M13,Governance,/documents-policies,,"Documents, Policies, SOPs & Intake",Named action: Create from Template,"Capture incoming documents and emails, maintain templates and location folders, control policies/SOPs and generated PDFs, and ensure every important document has an owner, status, version, review date and linked business purpose.",Create from Template,service-backed transition required for final claim,,,clinic-scoped-unless-stated,,operational,,,,,PROTOTYPE-ONLY,NOT-STARTED,NOT-STARTED,NOT-STARTED,NOT-STARTED,ADOPTED-AS-IS,"Named BRD button must map to real action, planned service-backed action, or owner decision",P4,docs/architecture/prototype-parity/,M12 governance/audit
brdbtn_671853740a77,public/pulse-html-prototype.html,"{""file"": ""public/pulse-html-prototype.html"", ""startOffset"": 504373, ""endOffset"": 629806, ""startLine"": 2870, ""endLine"": 2870}",brd,M13,Governance,/documents-policies,,"Documents, Policies, SOPs & Intake",Named action: Generate PDF,"Capture incoming documents and emails, maintain templates and location folders, control policies/SOPs and generated PDFs, and ensure every important document has an owner, status, version, review date and linked business purpose.",Generate PDF,service-backed transition required for final claim,,,clinic-scoped-unless-stated,,operational,,,,,PROTOTYPE-ONLY,NOT-STARTED,NOT-STARTED,NOT-STARTED,NOT-STARTED,ADOPTED-AS-IS,"Named BRD button must map to real action, planned service-backed action, or owner decision",P4,docs/architecture/prototype-parity/,M12 governance/audit
brdbtn_0408dda765ea,public/pulse-html-prototype.html,"{""file"": ""public/pulse-html-prototype.html"", ""startOffset"": 504373, ""endOffset"": 629806, ""startLine"": 2870, ""endLine"": 2870}",brd,M13,Governance,/documents-policies,,"Documents, Policies, SOPs & Intake",Named action: Submit for Review,"Capture incoming documents and emails, maintain templates and location folders, control policies/SOPs and generated PDFs, and ensure every important document has an owner, status, version, review date and linked business purpose.",Submit for Review,service-backed transition required for final claim,,,clinic-scoped-unless-stated,,operational,,,,,PROTOTYPE-ONLY,NOT-STARTED,NOT-STARTED,NOT-STARTED,NOT-STARTED,ADOPTED-AS-IS,"Named BRD button must map to real action, planned service-backed action, or owner decision",P4,docs/architecture/prototype-parity/,M12 governance/audit
brdbtn_b8c742402ecf,public/pulse-html-prototype.html,"{""file"": ""public/pulse-html-prototype.html"", ""startOffset"": 504373, ""endOffset"": 629806, ""startLine"": 2870, ""endLine"": 2870}",brd,M13,Governance,/documents-policies,,"Documents, Policies, SOPs & Intake",Named action: Approve / Reject,"Capture incoming documents and emails, maintain templates and location folders, control policies/SOPs and generated PDFs, and ensure every important document has an owner, status, version, review date and linked business purpose.",Approve / Reject,service-backed transition required for final claim,,,clinic-scoped-unless-stated,,operational,,,,,PROTOTYPE-ONLY,NOT-STARTED,NOT-STARTED,NOT-STARTED,NOT-STARTED,ADOPTED-AS-IS,"Named BRD button must map to real action, planned service-backed action, or owner decision",P4,docs/architecture/prototype-parity/,M12 governance/audit
brdbtn_bbbd66d0d9a0,public/pulse-html-prototype.html,"{""file"": ""public/pulse-html-prototype.html"", ""startOffset"": 504373, ""endOffset"": 629806, ""startLine"": 2870, ""endLine"": 2870}",brd,M13,Governance,/documents-policies,,"Documents, Policies, SOPs & Intake",Named action: Publish,"Capture incoming documents and emails, maintain templates and location folders, control policies/SOPs and generated PDFs, and ensure every important document has an owner, status, version, review date and linked business purpose.",Publish,service-backed transition required for final claim,,,clinic-scoped-unless-stated,,operational,,,,,PROTOTYPE-ONLY,NOT-STARTED,NOT-STARTED,NOT-STARTED,NOT-STARTED,ADOPTED-AS-IS,"Named BRD button must map to real action, planned service-backed action, or owner decision",P4,docs/architecture/prototype-parity/,M12 governance/audit
brdbtn_36d2cedee523,public/pulse-html-prototype.html,"{""file"": ""public/pulse-html-prototype.html"", ""startOffset"": 504373, ""endOffset"": 629806, ""startLine"": 2870, ""endLine"": 2870}",brd,M13,Governance,/documents-policies,,"Documents, Policies, SOPs & Intake",Named action: Request Acknowledgement,"Capture incoming documents and emails, maintain templates and location folders, control policies/SOPs and generated PDFs, and ensure every important document has an owner, status, version, review date and linked business purpose.",Request Acknowledgement,service-backed transition required for final claim,,,clinic-scoped-unless-stated,,operational,,,,,PROTOTYPE-ONLY,NOT-STARTED,NOT-STARTED,NOT-STARTED,NOT-STARTED,ADOPTED-AS-IS,"Named BRD button must map to real action, planned service-backed action, or owner decision",P4,docs/architecture/prototype-parity/,M12 governance/audit
brdbtn_34aa6a04f816,public/pulse-html-prototype.html,"{""file"": ""public/pulse-html-prototype.html"", ""startOffset"": 504373, ""endOffset"": 629806, ""startLine"": 2870, ""endLine"": 2870}",brd,M13,Governance,/documents-policies,,"Documents, Policies, SOPs & Intake",Named action: Replace Version,"Capture incoming documents and emails, maintain templates and location folders, control policies/SOPs and generated PDFs, and ensure every important document has an owner, status, version, review date and linked business purpose.",Replace Version,service-backed transition required for final claim,,,clinic-scoped-unless-stated,,operational,,,,,PROTOTYPE-ONLY,NOT-STARTED,NOT-STARTED,NOT-STARTED,NOT-STARTED,ADOPTED-AS-IS,"Named BRD button must map to real action, planned service-backed action, or owner decision",P4,docs/architecture/prototype-parity/,M12 governance/audit
brdbtn_c11bb635ac62,public/pulse-html-prototype.html,"{""file"": ""public/pulse-html-prototype.html"", ""startOffset"": 504373, ""endOffset"": 629806, ""startLine"": 2870, ""endLine"": 2870}",brd,M13,Governance,/documents-policies,,"Documents, Policies, SOPs & Intake",Named action: Archive,"Capture incoming documents and emails, maintain templates and location folders, control policies/SOPs and generated PDFs, and ensure every important document has an owner, status, version, review date and linked business purpose.",Archive,service-backed transition required for final claim,,,clinic-scoped-unless-stated,,operational,,,,,PROTOTYPE-ONLY,NOT-STARTED,NOT-STARTED,NOT-STARTED,NOT-STARTED,ADOPTED-AS-IS,"Named BRD button must map to real action, planned service-backed action, or owner decision",P4,docs/architecture/prototype-parity/,M12 governance/audit
brdbtn_c630c285a045,public/pulse-html-prototype.html,"{""file"": ""public/pulse-html-prototype.html"", ""startOffset"": 504373, ""endOffset"": 629806, ""startLine"": 2870, ""endLine"": 2870}",brd,M13,Governance,/documents-policies,,"Documents, Policies, SOPs & Intake",Named action: Restore,"Capture incoming documents and emails, maintain templates and location folders, control policies/SOPs and generated PDFs, and ensure every important document has an owner, status, version, review date and linked business purpose.",Restore,service-backed transition required for final claim,,,clinic-scoped-unless-stated,,operational,,,,,PROTOTYPE-ONLY,NOT-STARTED,NOT-STARTED,NOT-STARTED,NOT-STARTED,ADOPTED-AS-IS,"Named BRD button must map to real action, planned service-backed action, or owner decision",P4,docs/architecture/prototype-parity/,M12 governance/audit
brdbtn_c6bc5c0e2f65,public/pulse-html-prototype.html,"{""file"": ""public/pulse-html-prototype.html"", ""startOffset"": 504373, ""endOffset"": 629806, ""startLine"": 2870, ""endLine"": 2870}",brd,M13,Governance,/documents-policies,,"Documents, Policies, SOPs & Intake",Named action: Place on Legal Hold,"Capture incoming documents and emails, maintain templates and location folders, control policies/SOPs and generated PDFs, and ensure every important document has an owner, status, version, review date and linked business purpose.",Place on Legal Hold,service-backed transition required for final claim,,,clinic-scoped-unless-stated,,operational,,,,,PROTOTYPE-ONLY,NOT-STARTED,NOT-STARTED,NOT-STARTED,NOT-STARTED,ADOPTED-AS-IS,"Named BRD button must map to real action, planned service-backed action, or owner decision",P4,docs/architecture/prototype-parity/,M12 governance/audit
brdbtn_b5eb445aa601,public/pulse-html-prototype.html,"{""file"": ""public/pulse-html-prototype.html"", ""startOffset"": 504373, ""endOffset"": 629806, ""startLine"": 2870, ""endLine"": 2870}",brd,M13,Governance,/documents-policies,,"Documents, Policies, SOPs & Intake",Named action: Release Legal Hold,"Capture incoming documents and emails, maintain templates and location folders, control policies/SOPs and generated PDFs, and ensure every important document has an owner, status, version, review date and linked business purpose.",Release Legal Hold,service-backed transition required for final claim,,,clinic-scoped-unless-stated,,operational,,,,,PROTOTYPE-ONLY,NOT-STARTED,NOT-STARTED,NOT-STARTED,NOT-STARTED,ADOPTED-AS-IS,"Named BRD button must map to real action, planned service-backed action, or owner decision",P4,docs/architecture/prototype-parity/,M12 governance/audit
brdbtn_bd05cf8b1103,public/pulse-html-prototype.html,"{""file"": ""public/pulse-html-prototype.html"", ""startOffset"": 504373, ""endOffset"": 629806, ""startLine"": 2870, ""endLine"": 2870}",brd,M13,Governance,/documents-policies,,"Documents, Policies, SOPs & Intake",Named action: Approve Disposal,"Capture incoming documents and emails, maintain templates and location folders, control policies/SOPs and generated PDFs, and ensure every important document has an owner, status, version, review date and linked business purpose.",Approve Disposal,service-backed transition required for final claim,,,clinic-scoped-unless-stated,,operational,,,,,PROTOTYPE-ONLY,NOT-STARTED,NOT-STARTED,NOT-STARTED,NOT-STARTED,ADOPTED-AS-IS,"Named BRD button must map to real action, planned service-backed action, or owner decision",P4,docs/architecture/prototype-parity/,M12 governance/audit
brdflow_de9301d16039,public/pulse-html-prototype.html,"{""file"": ""public/pulse-html-prototype.html"", ""startOffset"": 504373, ""endOffset"": 629806, ""startLine"": 2870, ""endLine"": 2870}",brd,M13,Governance,/documents-policies,,"Documents, Policies, SOPs & Intake",Workflow: Process document intake,Process document intake,,"Admin opens Intake Queue and selects an incoming item. > A classification drawer shows preview, suggested category, s > Admin confirms category, clinic and owner, then chooses File > If review is required, the item enters the owner’s Action In > After filing, the intake record shows destination and proces",,,clinic-scoped-unless-stated,,operational,,,,,PROTOTYPE-ONLY,NOT-STARTED,NOT-STARTED,NOT-STARTED,NOT-STARTED,ADOPTED-AS-IS,Core,P4,docs/architecture/prototype-parity/,M12 governance/audit
brdflow_8fc791221178,public/pulse-html-prototype.html,"{""file"": ""public/pulse-html-prototype.html"", ""startOffset"": 504373, ""endOffset"": 629806, ""startLine"": 2870, ""endLine"": 2870}",brd,M13,Governance,/documents-policies,,"Documents, Policies, SOPs & Intake",Workflow: Publish a controlled policy,Publish a controlled policy,,"Document owner opens Policies & SOPs and clicks Create New. > Owner starts from a template or uploads a draft, completes m > Owner submits for review; reviewers comment, approve or requ > On approval, owner clicks Publish and sets effective date an > Affected users receive acknowledgement tasks; the prior vers",,,clinic-scoped-unless-stated,,operational,,,,,PROTOTYPE-ONLY,NOT-STARTED,NOT-STARTED,NOT-STARTED,NOT-STARTED,ADOPTED-AS-IS,Core,P4,docs/architecture/prototype-parity/,M12 governance/audit
brdflow_701894b9bc76,public/pulse-html-prototype.html,"{""file"": ""public/pulse-html-prototype.html"", ""startOffset"": 504373, ""endOffset"": 629806, ""startLine"": 2870, ""endLine"": 2870}",brd,M13,Governance,/documents-policies,,"Documents, Policies, SOPs & Intake",Workflow: Generate a controlled PDF,Generate a controlled PDF,,"User opens Templates and selects an approved template. > A guided form captures permitted business fields and linked  > User clicks Preview PDF and checks content, clinic branding  > User generates the PDF and chooses Store, Email through an a > The generated document is logged with template version and c",,,clinic-scoped-unless-stated,,operational,,,,,PROTOTYPE-ONLY,NOT-STARTED,NOT-STARTED,NOT-STARTED,NOT-STARTED,ADOPTED-AS-IS,Core,P4,docs/architecture/prototype-parity/,M12 governance/audit
brdflow_f6846d4aae52,public/pulse-html-prototype.html,"{""file"": ""public/pulse-html-prototype.html"", ""startOffset"": 504373, ""endOffset"": 629806, ""startLine"": 2870, ""endLine"": 2870}",brd,M13,Governance,/documents-policies,,"Documents, Policies, SOPs & Intake",Workflow: Complete scheduled review,Complete scheduled review,,"Document owner opens Review Due and selects a record. > The review screen shows current version, usage links, incide > Owner chooses Confirm Current, Revise or Retire. > If revised, the document follows the approval and publicatio > The next review date is recorded and the review history rema",,,clinic-scoped-unless-stated,,operational,,,,,PROTOTYPE-ONLY,NOT-STARTED,NOT-STARTED,NOT-STARTED,NOT-STARTED,ADOPTED-AS-IS,Core,P4,docs/architecture/prototype-parity/,M12 governance/audit
brdflow_a16715f85056,public/pulse-html-prototype.html,"{""file"": ""public/pulse-html-prototype.html"", ""startOffset"": 504373, ""endOffset"": 629806, ""startLine"": 2870, ""endLine"": 2870}",brd,M13,Governance,/documents-policies,,"Documents, Policies, SOPs & Intake","Workflow: Document Retention, Legal Hold and Controlled Disposal","Document Retention, Legal Hold and Controlled Disposal",,"A document or record reaches its retention review date. > Owner reviews record category, business need, linked matters > Owner selects Retain, Extend, Archive, Dispose or Place on L > Sensitive or bulk disposal is submitted for authorised appro > Approved disposal follows the controlled method and records  > A legal hold prevents disposal, replacement or other action  > When the hold is released, the record returns to retention r",,,clinic-scoped-unless-stated,,operational,,,,,PROTOTYPE-ONLY,NOT-STARTED,NOT-STARTED,NOT-STARTED,NOT-STARTED,ADOPTED-AS-IS,Expanded,P4,docs/architecture/prototype-parity/,M12 governance/audit
brdflow_9eeb1e3835b4,public/pulse-html-prototype.html,"{""file"": ""public/pulse-html-prototype.html"", ""startOffset"": 504373, ""endOffset"": 629806, ""startLine"": 2870, ""endLine"": 2870}",brd,M13,Governance,/documents-policies,,"Documents, Policies, SOPs & Intake",Workflow: Workforce Data Access and Correction Request,Workforce Data Access and Correction Request,,"User opens self-service and submits an access or correction  > The request identifies the record/category and explains the  > Authorised owner reviews identity, scope, sensitivity and an > For access, permitted information is prepared and restricted > For correction, the source owner approves, rejects or reques > Approved correction updates the source record through normal > The user receives the outcome, reason and completion date. > The request closes with a retained response history.",,,clinic-scoped-unless-stated,,operational,,,,,PROTOTYPE-ONLY,NOT-STARTED,NOT-STARTED,NOT-STARTED,NOT-STARTED,ADOPTED-AS-IS,Expanded,P4,docs/architecture/prototype-parity/,M12 governance/audit
brdrule_97d226ad86a4,public/pulse-html-prototype.html,,brd,M13,Governance,/documents-policies,,,Business rule,"No business-critical intake item should remain orphaned without classification, owner or filing decision.",,,,,clinic-scoped-unless-stated,,operational,,,,,PROTOTYPE-ONLY,NOT-STARTED,NOT-STARTED,NOT-STARTED,NOT-STARTED,ADOPTED-AS-IS,BRD business rule,P4,docs/architecture/prototype-parity/,
brdrule_b42f5e566741,public/pulse-html-prototype.html,,brd,M13,Governance,/documents-policies,,,Business rule,"Sensitive HR, finance, incident and credential documents inherit source-module permissions.",,,,,clinic-scoped-unless-stated,,operational,,,,,PROTOTYPE-ONLY,NOT-STARTED,NOT-STARTED,NOT-STARTED,NOT-STARTED,ADOPTED-AS-IS,BRD business rule,P4,docs/architecture/prototype-parity/,
brdrule_076383ba77aa,public/pulse-html-prototype.html,,brd,M13,Governance,/documents-policies,,,Business rule,Approved documents are version-controlled; superseded versions remain accessible to authorised reviewers.,,,,,clinic-scoped-unless-stated,,operational,,,,,PROTOTYPE-ONLY,NOT-STARTED,NOT-STARTED,NOT-STARTED,NOT-STARTED,ADOPTED-AS-IS,BRD business rule,P4,docs/architecture/prototype-parity/,
brdrule_63d17ac36b69,public/pulse-html-prototype.html,,brd,M13,Governance,/documents-policies,,,Business rule,Published policies/SOPs require effective and review dates.,,,,,clinic-scoped-unless-stated,,operational,,,,,PROTOTYPE-ONLY,NOT-STARTED,NOT-STARTED,NOT-STARTED,NOT-STARTED,ADOPTED-AS-IS,BRD business rule,P4,docs/architecture/prototype-parity/,
brdrule_6aa25a1babdc,public/pulse-html-prototype.html,,brd,M13,Governance,/documents-policies,,,Business rule,Required acknowledgements create learning/action records and cannot be inferred from email delivery.,,,,,clinic-scoped-unless-stated,,operational,,,,,PROTOTYPE-ONLY,NOT-STARTED,NOT-STARTED,NOT-STARTED,NOT-STARTED,ADOPTED-AS-IS,BRD business rule,P4,docs/architecture/prototype-parity/,
brdvis_9c606f6ac0cc,public/pulse-html-prototype.html,,brd,M13,Governance,/documents-policies,,,Visual requirement,"Central intake queue with suggested category, sensitivity and owner.",,,,,clinic-scoped-unless-stated,,operational,,,,,PROTOTYPE-ONLY,NOT-STARTED,NOT-STARTED,NOT-STARTED,NOT-STARTED,ADOPTED-AS-IS,BRD visual requirement; final PNG prevails where image exists,P4,docs/architecture/prototype-parity/,M12 governance/audit
brdvis_bcb01e2df2a5,public/pulse-html-prototype.html,,brd,M13,Governance,/documents-policies,,,Visual requirement,"Document metadata panel: title, type, clinic, owner, status, version, effective date, review date and links.",,,,,clinic-scoped-unless-stated,,operational,,,,,PROTOTYPE-ONLY,NOT-STARTED,NOT-STARTED,NOT-STARTED,NOT-STARTED,ADOPTED-AS-IS,BRD visual requirement; final PNG prevails where image exists,P4,docs/architecture/prototype-parity/,M12 governance/audit
brdvis_6d13e147a1ec,public/pulse-html-prototype.html,,brd,M13,Governance,/documents-policies,,,Visual requirement,Side-by-side previous/current version comparison summary.,,,,,clinic-scoped-unless-stated,,operational,,,,,PROTOTYPE-ONLY,NOT-STARTED,NOT-STARTED,NOT-STARTED,NOT-STARTED,ADOPTED-AS-IS,BRD visual requirement; final PNG prevails where image exists,P4,docs/architecture/prototype-parity/,M12 governance/audit
brdvis_1b98c81c2971,public/pulse-html-prototype.html,,brd,M13,Governance,/documents-policies,,,Visual requirement,Review timeline and acknowledgement progress.,,,,,clinic-scoped-unless-stated,,operational,,,,,PROTOTYPE-ONLY,NOT-STARTED,NOT-STARTED,NOT-STARTED,NOT-STARTED,ADOPTED-AS-IS,BRD visual requirement; final PNG prevails where image exists,P4,docs/architecture/prototype-parity/,M12 governance/audit
brdvis_8b680efa8cdd,public/pulse-html-prototype.html,,brd,M13,Governance,/documents-policies,,,Visual requirement,Template preview and PDF generation confirmation.,,,,,clinic-scoped-unless-stated,,operational,,,,,PROTOTYPE-ONLY,NOT-STARTED,NOT-STARTED,NOT-STARTED,NOT-STARTED,ADOPTED-AS-IS,BRD visual requirement; final PNG prevails where image exists,P4,docs/architecture/prototype-parity/,M12 governance/audit
brdout_fc77c8129a10,public/pulse-html-prototype.html,,brd,M13,Governance,/documents-policies,,,Output/measure,Document intake register,,,,,clinic-scoped-unless-stated,,operational,,,,,PROTOTYPE-ONLY,NOT-STARTED,NOT-STARTED,NOT-STARTED,NOT-STARTED,ADOPTED-AS-IS,BRD output/measure,P4,docs/architecture/prototype-parity/,
brdout_5ddaa3e636b3,public/pulse-html-prototype.html,,brd,M13,Governance,/documents-policies,,,Output/measure,Controlled document register,,,,,clinic-scoped-unless-stated,,operational,,,,,PROTOTYPE-ONLY,NOT-STARTED,NOT-STARTED,NOT-STARTED,NOT-STARTED,ADOPTED-AS-IS,BRD output/measure,P4,docs/architecture/prototype-parity/,
brdout_fd9bc99c1679,public/pulse-html-prototype.html,,brd,M13,Governance,/documents-policies,,,Output/measure,Policy/SOP review report,,,,,clinic-scoped-unless-stated,,operational,,,,,PROTOTYPE-ONLY,NOT-STARTED,NOT-STARTED,NOT-STARTED,NOT-STARTED,ADOPTED-AS-IS,BRD output/measure,P4,docs/architecture/prototype-parity/,
brdout_896ffaf9a93f,public/pulse-html-prototype.html,,brd,M13,Governance,/documents-policies,,,Output/measure,Template and generated PDF history,,,,,clinic-scoped-unless-stated,,operational,,,,,PROTOTYPE-ONLY,NOT-STARTED,NOT-STARTED,NOT-STARTED,NOT-STARTED,ADOPTED-AS-IS,BRD output/measure,P4,docs/architecture/prototype-parity/,
brdout_4fcdf44149ad,public/pulse-html-prototype.html,,brd,M13,Governance,/documents-policies,,,Output/measure,Acknowledgement report,,,,,clinic-scoped-unless-stated,,operational,,,,,PROTOTYPE-ONLY,NOT-STARTED,NOT-STARTED,NOT-STARTED,NOT-STARTED,ADOPTED-AS-IS,BRD output/measure,P4,docs/architecture/prototype-parity/,
brdout_8271ef04199c,public/pulse-html-prototype.html,,brd,M13,Governance,/documents-policies,,,Output/measure,Unclassified/orphan document report,,,,,clinic-scoped-unless-stated,,operational,,,,,PROTOTYPE-ONLY,NOT-STARTED,NOT-STARTED,NOT-STARTED,NOT-STARTED,ADOPTED-AS-IS,BRD output/measure,P4,docs/architecture/prototype-parity/,
brdout_a59df871062c,public/pulse-html-prototype.html,,brd,M13,Governance,/documents-policies,,,Output/measure,Measure: overdue document reviews,,,,,clinic-scoped-unless-stated,,operational,,,,,PROTOTYPE-ONLY,NOT-STARTED,NOT-STARTED,NOT-STARTED,NOT-STARTED,ADOPTED-AS-IS,BRD output/measure,P4,docs/architecture/prototype-parity/,
brdout_203b623f8c4f,public/pulse-html-prototype.html,,brd,M13,Governance,/documents-policies,,,Output/measure,Measure: unassigned intake items,,,,,clinic-scoped-unless-stated,,operational,,,,,PROTOTYPE-ONLY,NOT-STARTED,NOT-STARTED,NOT-STARTED,NOT-STARTED,ADOPTED-AS-IS,BRD output/measure,P4,docs/architecture/prototype-parity/,
brdmod_04c730050641,public/pulse-html-prototype.html,"{""file"": ""public/pulse-html-prototype.html"", ""startOffset"": 504373, ""endOffset"": 629806, ""startLine"": 2870, ""endLine"": 2870}",brd,M14,Operations,/ticket-desk,,Ticketing Desk & Work Orders,BRD module M14: Ticketing Desk & Work Orders,"Centralise IT, facility, equipment, printer, operational and planned maintenance requests with priority, SLA, assignment, vendor involvement, evidence and manager sign-off.",,,,"All Staff, Practice Managers, IT / Facilities, Asset Owners, Suppliers / Contractors where approved, Operations Managers",clinic-scoped-unless-stated,Tickets and work orders,operational,,src/modules/m14-*/ + module-register,,,PROTOTYPE-ONLY,NOT-STARTED,NOT-STARTED,NOT-STARTED,NOT-STARTED,ADOPTED-AS-IS,Landing-level ticketing/work orders,P4,docs/architecture/prototype-parity/,M02 master-detail queue
brdtab_94666382051e,public/pulse-html-prototype.html,"{""file"": ""public/pulse-html-prototype.html"", ""startOffset"": 504373, ""endOffset"": 629806, ""startLine"": 2870, ""endLine"": 2870}",brd,M14,Operations,/ticket-desk,/ticket-desk?section=New Ticket — Guided issue reporting.,New Ticket — Guided issue reporting.,Tab: New Ticket — Guided issue reporting.,"Centralise IT, facility, equipment, printer, operational and planned maintenance requests with priority, SLA, assignment, vendor involvement, evidence and manager sign-off.",New Ticket — Guided issue reporting.,,,,clinic-scoped-unless-stated,,operational,,,,,PROTOTYPE-ONLY,NOT-STARTED,NOT-STARTED,NOT-STARTED,NOT-STARTED,ADOPTED-AS-IS,BRD tab retained in canonical screen register,P4,docs/architecture/prototype-parity/,M02 master-detail queue
brdtab_7b786691005d,public/pulse-html-prototype.html,"{""file"": ""public/pulse-html-prototype.html"", ""startOffset"": 504373, ""endOffset"": 629806, ""startLine"": 2870, ""endLine"": 2870}",brd,M14,Operations,/ticket-desk,/ticket-desk?section=My Tickets — Tickets raised by or assigned to the user.,My Tickets — Tickets raised by or assigned to the user.,Tab: My Tickets — Tickets raised by or assigned to the user.,"Centralise IT, facility, equipment, printer, operational and planned maintenance requests with priority, SLA, assignment, vendor involvement, evidence and manager sign-off.",My Tickets — Tickets raised by or assigned to the user.,,,,clinic-scoped-unless-stated,,operational,,,,,PROTOTYPE-ONLY,NOT-STARTED,NOT-STARTED,NOT-STARTED,NOT-STARTED,ADOPTED-AS-IS,BRD tab retained in canonical screen register,P4,docs/architecture/prototype-parity/,M02 master-detail queue
brdtab_0b0fbdeb1d75,public/pulse-html-prototype.html,"{""file"": ""public/pulse-html-prototype.html"", ""startOffset"": 504373, ""endOffset"": 629806, ""startLine"": 2870, ""endLine"": 2870}",brd,M14,Operations,/ticket-desk,/ticket-desk?section=Team Queue — Clinic/team triage and assignment.,Team Queue — Clinic/team triage and assignment.,Tab: Team Queue — Clinic/team triage and assignment.,"Centralise IT, facility, equipment, printer, operational and planned maintenance requests with priority, SLA, assignment, vendor involvement, evidence and manager sign-off.",Team Queue — Clinic/team triage and assignment.,,,,clinic-scoped-unless-stated,,operational,,,,,PROTOTYPE-ONLY,NOT-STARTED,NOT-STARTED,NOT-STARTED,NOT-STARTED,ADOPTED-AS-IS,BRD tab retained in canonical screen register,P4,docs/architecture/prototype-parity/,M02 master-detail queue
brdtab_8a1e631205f7,public/pulse-html-prototype.html,"{""file"": ""public/pulse-html-prototype.html"", ""startOffset"": 504373, ""endOffset"": 629806, ""startLine"": 2870, ""endLine"": 2870}",brd,M14,Operations,/ticket-desk,"/ticket-desk?section=Work Orders — Approved work scope, contractor and completion details.","Work Orders — Approved work scope, contractor and completion details.","Tab: Work Orders — Approved work scope, contractor and completion details.","Centralise IT, facility, equipment, printer, operational and planned maintenance requests with priority, SLA, assignment, vendor involvement, evidence and manager sign-off.","Work Orders — Approved work scope, contractor and completion details.",,,,clinic-scoped-unless-stated,,operational,,,,,PROTOTYPE-ONLY,NOT-STARTED,NOT-STARTED,NOT-STARTED,NOT-STARTED,ADOPTED-AS-IS,BRD tab retained in canonical screen register,P4,docs/architecture/prototype-parity/,M02 master-detail queue
brdtab_20e3612648de,public/pulse-html-prototype.html,"{""file"": ""public/pulse-html-prototype.html"", ""startOffset"": 504373, ""endOffset"": 629806, ""startLine"": 2870, ""endLine"": 2870}",brd,M14,Operations,/ticket-desk,/ticket-desk?section=Planned Maintenance — Scheduled recurring maintenance and inspections.,Planned Maintenance — Scheduled recurring maintenance and inspections.,Tab: Planned Maintenance — Scheduled recurring maintenance and inspections.,"Centralise IT, facility, equipment, printer, operational and planned maintenance requests with priority, SLA, assignment, vendor involvement, evidence and manager sign-off.",Planned Maintenance — Scheduled recurring maintenance and inspections.,,,,clinic-scoped-unless-stated,,operational,,,,,PROTOTYPE-ONLY,NOT-STARTED,NOT-STARTED,NOT-STARTED,NOT-STARTED,ADOPTED-AS-IS,BRD tab retained in canonical screen register,P4,docs/architecture/prototype-parity/,M02 master-detail queue
brdtab_e576899fd907,public/pulse-html-prototype.html,"{""file"": ""public/pulse-html-prototype.html"", ""startOffset"": 504373, ""endOffset"": 629806, ""startLine"": 2870, ""endLine"": 2870}",brd,M14,Operations,/ticket-desk,"/ticket-desk?section=SLA & Escalations — Priority targets, breaches and high-risk items.","SLA & Escalations — Priority targets, breaches and high-risk items.","Tab: SLA & Escalations — Priority targets, breaches and high-risk items.","Centralise IT, facility, equipment, printer, operational and planned maintenance requests with priority, SLA, assignment, vendor involvement, evidence and manager sign-off.","SLA & Escalations — Priority targets, breaches and high-risk items.",,,,clinic-scoped-unless-stated,,operational,,,,,PROTOTYPE-ONLY,NOT-STARTED,NOT-STARTED,NOT-STARTED,NOT-STARTED,ADOPTED-AS-IS,BRD tab retained in canonical screen register,P4,docs/architecture/prototype-parity/,M02 master-detail queue
brdtab_a214d81354ca,public/pulse-html-prototype.html,"{""file"": ""public/pulse-html-prototype.html"", ""startOffset"": 504373, ""endOffset"": 629806, ""startLine"": 2870, ""endLine"": 2870}",brd,M14,Operations,/ticket-desk,/ticket-desk?section=Closed — Searchable closure history and evidence.,Closed — Searchable closure history and evidence.,Tab: Closed — Searchable closure history and evidence.,"Centralise IT, facility, equipment, printer, operational and planned maintenance requests with priority, SLA, assignment, vendor involvement, evidence and manager sign-off.",Closed — Searchable closure history and evidence.,,,,clinic-scoped-unless-stated,,operational,,,,,PROTOTYPE-ONLY,NOT-STARTED,NOT-STARTED,NOT-STARTED,NOT-STARTED,ADOPTED-AS-IS,BRD tab retained in canonical screen register,P4,docs/architecture/prototype-parity/,M02 master-detail queue
brdtab_f4df1dde6df7,public/pulse-html-prototype.html,"{""file"": ""public/pulse-html-prototype.html"", ""startOffset"": 504373, ""endOffset"": 629806, ""startLine"": 2870, ""endLine"": 2870}",brd,M14,Operations,/ticket-desk,"/ticket-desk?section=Duplicate & Linked Tickets — Detection, master-ticket selection, duplicate linking and shared updates.","Duplicate & Linked Tickets — Detection, master-ticket selection, duplicate linking and shared updates.","Tab: Duplicate & Linked Tickets — Detection, master-ticket selection, duplicate linking and shared updates.","Centralise IT, facility, equipment, printer, operational and planned maintenance requests with priority, SLA, assignment, vendor involvement, evidence and manager sign-off.","Duplicate & Linked Tickets — Detection, master-ticket selection, duplicate linking and shared updates.",,,,clinic-scoped-unless-stated,,operational,,,,,PROTOTYPE-ONLY,NOT-STARTED,NOT-STARTED,NOT-STARTED,NOT-STARTED,ADOPTED-AS-IS,BRD tab retained in canonical screen register,P4,docs/architecture/prototype-parity/,M02 master-detail queue
brdtab_85cefb1c0eed,public/pulse-html-prototype.html,"{""file"": ""public/pulse-html-prototype.html"", ""startOffset"": 504373, ""endOffset"": 629806, ""startLine"": 2870, ""endLine"": 2870}",brd,M14,Operations,/ticket-desk,"/ticket-desk?section=Contractor Visits — Scheduled arrival, controlled site access, safety/privacy acknowledgement, check-out and work sign-off.","Contractor Visits — Scheduled arrival, controlled site access, safety/privacy acknowledgement, check-out and work sign-off.","Tab: Contractor Visits — Scheduled arrival, controlled site access, safety/privacy acknowledgement, check-out and work sign-off.","Centralise IT, facility, equipment, printer, operational and planned maintenance requests with priority, SLA, assignment, vendor involvement, evidence and manager sign-off.","Contractor Visits — Scheduled arrival, controlled site access, safety/privacy acknowledgement, check-out and work sign-off.",,,,clinic-scoped-unless-stated,,operational,,,,,PROTOTYPE-ONLY,NOT-STARTED,NOT-STARTED,NOT-STARTED,NOT-STARTED,ADOPTED-AS-IS,BRD tab retained in canonical screen register,P4,docs/architecture/prototype-parity/,M02 master-detail queue
brdtab_a82d70efd6f8,public/pulse-html-prototype.html,"{""file"": ""public/pulse-html-prototype.html"", ""startOffset"": 504373, ""endOffset"": 629806, ""startLine"": 2870, ""endLine"": 2870}",brd,M14,Operations,/ticket-desk,"/ticket-desk?section=Reports — Volume, recurring issues, downtime and vendor performance.","Reports — Volume, recurring issues, downtime and vendor performance.","Tab: Reports — Volume, recurring issues, downtime and vendor performance.","Centralise IT, facility, equipment, printer, operational and planned maintenance requests with priority, SLA, assignment, vendor involvement, evidence and manager sign-off.","Reports — Volume, recurring issues, downtime and vendor performance.",,,,clinic-scoped-unless-stated,,operational,,,,,PROTOTYPE-ONLY,NOT-STARTED,NOT-STARTED,NOT-STARTED,NOT-STARTED,ADOPTED-AS-IS,BRD tab retained in canonical screen register,P4,docs/architecture/prototype-parity/,M02 master-detail queue
brdbtn_4e77f78e4def,public/pulse-html-prototype.html,"{""file"": ""public/pulse-html-prototype.html"", ""startOffset"": 504373, ""endOffset"": 629806, ""startLine"": 2870, ""endLine"": 2870}",brd,M14,Operations,/ticket-desk,,Ticketing Desk & Work Orders,Named action: Report Issue,"Centralise IT, facility, equipment, printer, operational and planned maintenance requests with priority, SLA, assignment, vendor involvement, evidence and manager sign-off.",Report Issue,service-backed transition required for final claim,,,clinic-scoped-unless-stated,,operational,,,,,PROTOTYPE-ONLY,NOT-STARTED,NOT-STARTED,NOT-STARTED,NOT-STARTED,ADOPTED-AS-IS,"Named BRD button must map to real action, planned service-backed action, or owner decision",P4,docs/architecture/prototype-parity/,M02 master-detail queue
brdbtn_d79394da308a,public/pulse-html-prototype.html,"{""file"": ""public/pulse-html-prototype.html"", ""startOffset"": 504373, ""endOffset"": 629806, ""startLine"": 2870, ""endLine"": 2870}",brd,M14,Operations,/ticket-desk,,Ticketing Desk & Work Orders,Named action: Scan Asset / QR,"Centralise IT, facility, equipment, printer, operational and planned maintenance requests with priority, SLA, assignment, vendor involvement, evidence and manager sign-off.",Scan Asset / QR,service-backed transition required for final claim,,,clinic-scoped-unless-stated,,operational,,,,,PROTOTYPE-ONLY,NOT-STARTED,NOT-STARTED,NOT-STARTED,NOT-STARTED,ADOPTED-AS-IS,"Named BRD button must map to real action, planned service-backed action, or owner decision",P4,docs/architecture/prototype-parity/,M02 master-detail queue
brdbtn_af66f3114e11,public/pulse-html-prototype.html,"{""file"": ""public/pulse-html-prototype.html"", ""startOffset"": 504373, ""endOffset"": 629806, ""startLine"": 2870, ""endLine"": 2870}",brd,M14,Operations,/ticket-desk,,Ticketing Desk & Work Orders,Named action: Set Priority,"Centralise IT, facility, equipment, printer, operational and planned maintenance requests with priority, SLA, assignment, vendor involvement, evidence and manager sign-off.",Set Priority,service-backed transition required for final claim,,,clinic-scoped-unless-stated,,operational,,,,,PROTOTYPE-ONLY,NOT-STARTED,NOT-STARTED,NOT-STARTED,NOT-STARTED,ADOPTED-AS-IS,"Named BRD button must map to real action, planned service-backed action, or owner decision",P4,docs/architecture/prototype-parity/,M02 master-detail queue
brdbtn_357399c62840,public/pulse-html-prototype.html,"{""file"": ""public/pulse-html-prototype.html"", ""startOffset"": 504373, ""endOffset"": 629806, ""startLine"": 2870, ""endLine"": 2870}",brd,M14,Operations,/ticket-desk,,Ticketing Desk & Work Orders,Named action: Assign,"Centralise IT, facility, equipment, printer, operational and planned maintenance requests with priority, SLA, assignment, vendor involvement, evidence and manager sign-off.",Assign,service-backed transition required for final claim,,,clinic-scoped-unless-stated,,operational,,,,,PROTOTYPE-ONLY,NOT-STARTED,NOT-STARTED,NOT-STARTED,NOT-STARTED,ADOPTED-AS-IS,"Named BRD button must map to real action, planned service-backed action, or owner decision",P4,docs/architecture/prototype-parity/,M02 master-detail queue
brdbtn_0f66fe4757e7,public/pulse-html-prototype.html,"{""file"": ""public/pulse-html-prototype.html"", ""startOffset"": 504373, ""endOffset"": 629806, ""startLine"": 2870, ""endLine"": 2870}",brd,M14,Operations,/ticket-desk,,Ticketing Desk & Work Orders,Named action: Accept Work,"Centralise IT, facility, equipment, printer, operational and planned maintenance requests with priority, SLA, assignment, vendor involvement, evidence and manager sign-off.",Accept Work,service-backed transition required for final claim,,,clinic-scoped-unless-stated,,operational,,,,,PROTOTYPE-ONLY,NOT-STARTED,NOT-STARTED,NOT-STARTED,NOT-STARTED,ADOPTED-AS-IS,"Named BRD button must map to real action, planned service-backed action, or owner decision",P4,docs/architecture/prototype-parity/,M02 master-detail queue
brdbtn_d8692c004526,public/pulse-html-prototype.html,"{""file"": ""public/pulse-html-prototype.html"", ""startOffset"": 504373, ""endOffset"": 629806, ""startLine"": 2870, ""endLine"": 2870}",brd,M14,Operations,/ticket-desk,,Ticketing Desk & Work Orders,Named action: Change Status,"Centralise IT, facility, equipment, printer, operational and planned maintenance requests with priority, SLA, assignment, vendor involvement, evidence and manager sign-off.",Change Status,service-backed transition required for final claim,,,clinic-scoped-unless-stated,,operational,,,,,PROTOTYPE-ONLY,NOT-STARTED,NOT-STARTED,NOT-STARTED,NOT-STARTED,ADOPTED-AS-IS,"Named BRD button must map to real action, planned service-backed action, or owner decision",P4,docs/architecture/prototype-parity/,M02 master-detail queue
brdbtn_8fa8905606c2,public/pulse-html-prototype.html,"{""file"": ""public/pulse-html-prototype.html"", ""startOffset"": 504373, ""endOffset"": 629806, ""startLine"": 2870, ""endLine"": 2870}",brd,M14,Operations,/ticket-desk,,Ticketing Desk & Work Orders,Named action: Add Update,"Centralise IT, facility, equipment, printer, operational and planned maintenance requests with priority, SLA, assignment, vendor involvement, evidence and manager sign-off.",Add Update,service-backed transition required for final claim,,,clinic-scoped-unless-stated,,operational,,,,,PROTOTYPE-ONLY,NOT-STARTED,NOT-STARTED,NOT-STARTED,NOT-STARTED,ADOPTED-AS-IS,"Named BRD button must map to real action, planned service-backed action, or owner decision",P4,docs/architecture/prototype-parity/,M02 master-detail queue
brdbtn_70f0683f4a20,public/pulse-html-prototype.html,"{""file"": ""public/pulse-html-prototype.html"", ""startOffset"": 504373, ""endOffset"": 629806, ""startLine"": 2870, ""endLine"": 2870}",brd,M14,Operations,/ticket-desk,,Ticketing Desk & Work Orders,Named action: Attach Photo / Evidence,"Centralise IT, facility, equipment, printer, operational and planned maintenance requests with priority, SLA, assignment, vendor involvement, evidence and manager sign-off.",Attach Photo / Evidence,service-backed transition required for final claim,,,clinic-scoped-unless-stated,,operational,,,,,PROTOTYPE-ONLY,NOT-STARTED,NOT-STARTED,NOT-STARTED,NOT-STARTED,ADOPTED-AS-IS,"Named BRD button must map to real action, planned service-backed action, or owner decision",P4,docs/architecture/prototype-parity/,M02 master-detail queue
brdbtn_0bb5ed137bd7,public/pulse-html-prototype.html,"{""file"": ""public/pulse-html-prototype.html"", ""startOffset"": 504373, ""endOffset"": 629806, ""startLine"": 2870, ""endLine"": 2870}",brd,M14,Operations,/ticket-desk,,Ticketing Desk & Work Orders,Named action: Escalate,"Centralise IT, facility, equipment, printer, operational and planned maintenance requests with priority, SLA, assignment, vendor involvement, evidence and manager sign-off.",Escalate,service-backed transition required for final claim,,,clinic-scoped-unless-stated,,operational,,,,,PROTOTYPE-ONLY,NOT-STARTED,NOT-STARTED,NOT-STARTED,NOT-STARTED,ADOPTED-AS-IS,"Named BRD button must map to real action, planned service-backed action, or owner decision",P4,docs/architecture/prototype-parity/,M02 master-detail queue
brdbtn_ea97800ecbe9,public/pulse-html-prototype.html,"{""file"": ""public/pulse-html-prototype.html"", ""startOffset"": 504373, ""endOffset"": 629806, ""startLine"": 2870, ""endLine"": 2870}",brd,M14,Operations,/ticket-desk,,Ticketing Desk & Work Orders,Named action: Create Work Order,"Centralise IT, facility, equipment, printer, operational and planned maintenance requests with priority, SLA, assignment, vendor involvement, evidence and manager sign-off.",Create Work Order,service-backed transition required for final claim,,,clinic-scoped-unless-stated,,operational,,,,,PROTOTYPE-ONLY,NOT-STARTED,NOT-STARTED,NOT-STARTED,NOT-STARTED,ADOPTED-AS-IS,"Named BRD button must map to real action, planned service-backed action, or owner decision",P4,docs/architecture/prototype-parity/,M02 master-detail queue
brdbtn_09bb644a9c7f,public/pulse-html-prototype.html,"{""file"": ""public/pulse-html-prototype.html"", ""startOffset"": 504373, ""endOffset"": 629806, ""startLine"": 2870, ""endLine"": 2870}",brd,M14,Operations,/ticket-desk,,Ticketing Desk & Work Orders,Named action: Request Quote,"Centralise IT, facility, equipment, printer, operational and planned maintenance requests with priority, SLA, assignment, vendor involvement, evidence and manager sign-off.",Request Quote,service-backed transition required for final claim,,,clinic-scoped-unless-stated,,operational,,,,,PROTOTYPE-ONLY,NOT-STARTED,NOT-STARTED,NOT-STARTED,NOT-STARTED,ADOPTED-AS-IS,"Named BRD button must map to real action, planned service-backed action, or owner decision",P4,docs/architecture/prototype-parity/,M02 master-detail queue
brdbtn_e03d6f032990,public/pulse-html-prototype.html,"{""file"": ""public/pulse-html-prototype.html"", ""startOffset"": 504373, ""endOffset"": 629806, ""startLine"": 2870, ""endLine"": 2870}",brd,M14,Operations,/ticket-desk,,Ticketing Desk & Work Orders,Named action: Approve Quote,"Centralise IT, facility, equipment, printer, operational and planned maintenance requests with priority, SLA, assignment, vendor involvement, evidence and manager sign-off.",Approve Quote,service-backed transition required for final claim,,,clinic-scoped-unless-stated,,operational,,,,,PROTOTYPE-ONLY,NOT-STARTED,NOT-STARTED,NOT-STARTED,NOT-STARTED,ADOPTED-AS-IS,"Named BRD button must map to real action, planned service-backed action, or owner decision",P4,docs/architecture/prototype-parity/,M02 master-detail queue
brdbtn_e908096fc3c1,public/pulse-html-prototype.html,"{""file"": ""public/pulse-html-prototype.html"", ""startOffset"": 504373, ""endOffset"": 629806, ""startLine"": 2870, ""endLine"": 2870}",brd,M14,Operations,/ticket-desk,,Ticketing Desk & Work Orders,Named action: Mark Work Completed,"Centralise IT, facility, equipment, printer, operational and planned maintenance requests with priority, SLA, assignment, vendor involvement, evidence and manager sign-off.",Mark Work Completed,service-backed transition required for final claim,,,clinic-scoped-unless-stated,,operational,,,,,PROTOTYPE-ONLY,NOT-STARTED,NOT-STARTED,NOT-STARTED,NOT-STARTED,ADOPTED-AS-IS,"Named BRD button must map to real action, planned service-backed action, or owner decision",P4,docs/architecture/prototype-parity/,M02 master-detail queue
brdbtn_3bc71834244f,public/pulse-html-prototype.html,"{""file"": ""public/pulse-html-prototype.html"", ""startOffset"": 504373, ""endOffset"": 629806, ""startLine"": 2870, ""endLine"": 2870}",brd,M14,Operations,/ticket-desk,,Ticketing Desk & Work Orders,Named action: Manager Sign-off,"Centralise IT, facility, equipment, printer, operational and planned maintenance requests with priority, SLA, assignment, vendor involvement, evidence and manager sign-off.",Manager Sign-off,service-backed transition required for final claim,,,clinic-scoped-unless-stated,,operational,,,,,PROTOTYPE-ONLY,NOT-STARTED,NOT-STARTED,NOT-STARTED,NOT-STARTED,ADOPTED-AS-IS,"Named BRD button must map to real action, planned service-backed action, or owner decision",P4,docs/architecture/prototype-parity/,M02 master-detail queue
brdbtn_3a2be8d510c1,public/pulse-html-prototype.html,"{""file"": ""public/pulse-html-prototype.html"", ""startOffset"": 504373, ""endOffset"": 629806, ""startLine"": 2870, ""endLine"": 2870}",brd,M14,Operations,/ticket-desk,,Ticketing Desk & Work Orders,Named action: Close,"Centralise IT, facility, equipment, printer, operational and planned maintenance requests with priority, SLA, assignment, vendor involvement, evidence and manager sign-off.",Close,service-backed transition required for final claim,,,clinic-scoped-unless-stated,,operational,,,,,PROTOTYPE-ONLY,NOT-STARTED,NOT-STARTED,NOT-STARTED,NOT-STARTED,ADOPTED-AS-IS,"Named BRD button must map to real action, planned service-backed action, or owner decision",P4,docs/architecture/prototype-parity/,M02 master-detail queue
brdbtn_f54873a62863,public/pulse-html-prototype.html,"{""file"": ""public/pulse-html-prototype.html"", ""startOffset"": 504373, ""endOffset"": 629806, ""startLine"": 2870, ""endLine"": 2870}",brd,M14,Operations,/ticket-desk,,Ticketing Desk & Work Orders,Named action: Reopen,"Centralise IT, facility, equipment, printer, operational and planned maintenance requests with priority, SLA, assignment, vendor involvement, evidence and manager sign-off.",Reopen,service-backed transition required for final claim,,,clinic-scoped-unless-stated,,operational,,,,,PROTOTYPE-ONLY,NOT-STARTED,NOT-STARTED,NOT-STARTED,NOT-STARTED,ADOPTED-AS-IS,"Named BRD button must map to real action, planned service-backed action, or owner decision",P4,docs/architecture/prototype-parity/,M02 master-detail queue
brdbtn_2ae1062b0569,public/pulse-html-prototype.html,"{""file"": ""public/pulse-html-prototype.html"", ""startOffset"": 504373, ""endOffset"": 629806, ""startLine"": 2870, ""endLine"": 2870}",brd,M14,Operations,/ticket-desk,,Ticketing Desk & Work Orders,Named action: Merge as Duplicate,"Centralise IT, facility, equipment, printer, operational and planned maintenance requests with priority, SLA, assignment, vendor involvement, evidence and manager sign-off.",Merge as Duplicate,service-backed transition required for final claim,,,clinic-scoped-unless-stated,,operational,,,,,PROTOTYPE-ONLY,NOT-STARTED,NOT-STARTED,NOT-STARTED,NOT-STARTED,ADOPTED-AS-IS,"Named BRD button must map to real action, planned service-backed action, or owner decision",P4,docs/architecture/prototype-parity/,M02 master-detail queue
brdbtn_19c755247392,public/pulse-html-prototype.html,"{""file"": ""public/pulse-html-prototype.html"", ""startOffset"": 504373, ""endOffset"": 629806, ""startLine"": 2870, ""endLine"": 2870}",brd,M14,Operations,/ticket-desk,,Ticketing Desk & Work Orders,Named action: Check In Contractor,"Centralise IT, facility, equipment, printer, operational and planned maintenance requests with priority, SLA, assignment, vendor involvement, evidence and manager sign-off.",Check In Contractor,service-backed transition required for final claim,,,clinic-scoped-unless-stated,,operational,,,,,PROTOTYPE-ONLY,NOT-STARTED,NOT-STARTED,NOT-STARTED,NOT-STARTED,ADOPTED-AS-IS,"Named BRD button must map to real action, planned service-backed action, or owner decision",P4,docs/architecture/prototype-parity/,M02 master-detail queue
brdbtn_a14c7415b9c2,public/pulse-html-prototype.html,"{""file"": ""public/pulse-html-prototype.html"", ""startOffset"": 504373, ""endOffset"": 629806, ""startLine"": 2870, ""endLine"": 2870}",brd,M14,Operations,/ticket-desk,,Ticketing Desk & Work Orders,Named action: Check Out Contractor,"Centralise IT, facility, equipment, printer, operational and planned maintenance requests with priority, SLA, assignment, vendor involvement, evidence and manager sign-off.",Check Out Contractor,service-backed transition required for final claim,,,clinic-scoped-unless-stated,,operational,,,,,PROTOTYPE-ONLY,NOT-STARTED,NOT-STARTED,NOT-STARTED,NOT-STARTED,ADOPTED-AS-IS,"Named BRD button must map to real action, planned service-backed action, or owner decision",P4,docs/architecture/prototype-parity/,M02 master-detail queue
brdflow_d7de2a9d04e2,public/pulse-html-prototype.html,"{""file"": ""public/pulse-html-prototype.html"", ""startOffset"": 504373, ""endOffset"": 629806, ""startLine"": 2870, ""endLine"": 2870}",brd,M14,Operations,/ticket-desk,,Ticketing Desk & Work Orders,Workflow: Report and resolve a standard issue,Report and resolve a standard issue,,"Staff member clicks Report Issue or scans an asset QR code. > The form pre-fills clinic/asset where available; staff selec > The ticket enters Team Queue where a manager confirms priori > Owner accepts, updates status and records work notes. > After completion, owner attaches evidence and clicks Mark Wo > Manager reviews and clicks Close or returns the ticket for f",,,clinic-scoped-unless-stated,,operational,,,,,PROTOTYPE-ONLY,NOT-STARTED,NOT-STARTED,NOT-STARTED,NOT-STARTED,ADOPTED-AS-IS,Core,P4,docs/architecture/prototype-parity/,M02 master-detail queue
brdflow_92588b71bc79,public/pulse-html-prototype.html,"{""file"": ""public/pulse-html-prototype.html"", ""startOffset"": 504373, ""endOffset"": 629806, ""startLine"": 2870, ""endLine"": 2870}",brd,M14,Operations,/ticket-desk,,Ticketing Desk & Work Orders,Workflow: Handle a P1 issue,Handle a P1 issue,,"Reporter identifies a high-impact issue and submits the tick > The page displays P1 guidance and immediately notifies defin > The assigned owner records containment and current service i > Updates remain visible in the escalation panel until service > Manager confirms resolution, root cause follow-up and whethe",,,clinic-scoped-unless-stated,,operational,,,,,PROTOTYPE-ONLY,NOT-STARTED,NOT-STARTED,NOT-STARTED,NOT-STARTED,ADOPTED-AS-IS,Core,P4,docs/architecture/prototype-parity/,M02 master-detail queue
brdflow_fa31f5858408,public/pulse-html-prototype.html,"{""file"": ""public/pulse-html-prototype.html"", ""startOffset"": 504373, ""endOffset"": 629806, ""startLine"": 2870, ""endLine"": 2870}",brd,M14,Operations,/ticket-desk,,Ticketing Desk & Work Orders,Workflow: Create a vendor work order,Create a vendor work order,,"Manager opens a ticket and clicks Create Work Order. > The work-order form captures scope, supplier, access window, > If a quote is required, the request enters finance/manager a > Approved work is scheduled and the vendor/owner records prog > Completion evidence, invoice reference and manager sign-off ",,,clinic-scoped-unless-stated,,operational,,,,,PROTOTYPE-ONLY,NOT-STARTED,NOT-STARTED,NOT-STARTED,NOT-STARTED,ADOPTED-AS-IS,Core,P4,docs/architecture/prototype-parity/,M02 master-detail queue
brdflow_f678c6fbc486,public/pulse-html-prototype.html,"{""file"": ""public/pulse-html-prototype.html"", ""startOffset"": 504373, ""endOffset"": 629806, ""startLine"": 2870, ""endLine"": 2870}",brd,M14,Operations,/ticket-desk,,Ticketing Desk & Work Orders,Workflow: Printer fault workflow,Printer fault workflow,,"User opens Printers in Inventory & Assets and clicks Raise F > Ticket receives printer location, model, serial, IP/queue an > Triage determines consumable, configuration, network or hard > If unavailable, the fallback printer is displayed and staff  > After repair, test-page evidence and service notes are added",,,clinic-scoped-unless-stated,,operational,,,,,PROTOTYPE-ONLY,NOT-STARTED,NOT-STARTED,NOT-STARTED,NOT-STARTED,ADOPTED-AS-IS,Core,P4,docs/architecture/prototype-parity/,M02 master-detail queue
brdflow_044c8edf7c0c,public/pulse-html-prototype.html,"{""file"": ""public/pulse-html-prototype.html"", ""startOffset"": 504373, ""endOffset"": 629806, ""startLine"": 2870, ""endLine"": 2870}",brd,M14,Operations,/ticket-desk,,Ticketing Desk & Work Orders,Workflow: Duplicate Ticket Detection and Ticket Merging,Duplicate Ticket Detection and Ticket Merging,,"A reporter submits a ticket and the page displays possible e > Reporter may open the existing ticket or continue if the iss > Triage user reviews related tickets and selects Merge as Dup > One ticket becomes the master operational record; duplicate  > Duplicate reporters continue receiving authorised progress a > SLA, assignment, work order and root-cause follow-up are man > Closing the master ticket updates linked duplicates while pr",,,clinic-scoped-unless-stated,,operational,,,,,PROTOTYPE-ONLY,NOT-STARTED,NOT-STARTED,NOT-STARTED,NOT-STARTED,ADOPTED-AS-IS,Expanded,P4,docs/architecture/prototype-parity/,M02 master-detail queue
brdflow_e00740832f69,public/pulse-html-prototype.html,"{""file"": ""public/pulse-html-prototype.html"", ""startOffset"": 504373, ""endOffset"": 629806, ""startLine"": 2870, ""endLine"": 2870}",brd,M14,Operations,/ticket-desk,,Ticketing Desk & Work Orders,"Workflow: Contractor Arrival, Site Access and Work Completion","Contractor Arrival, Site Access and Work Completion",,"Approved work order schedules the contractor visit and nomin > On arrival, the contractor or site contact opens Check In Co > Identity, supplier, work order and permitted areas are confi > Required safety, privacy and access conditions are acknowled > Work progress and any change in scope are recorded. > At completion, evidence, test results, parts used and outsta > Site contact checks the area/asset and completes contractor  > Manager signs off the work order or returns it for further w",,,clinic-scoped-unless-stated,,operational,,,,,PROTOTYPE-ONLY,NOT-STARTED,NOT-STARTED,NOT-STARTED,NOT-STARTED,ADOPTED-AS-IS,Expanded,P4,docs/architecture/prototype-parity/,M02 master-detail queue
brdflow_e50eb3992745,public/pulse-html-prototype.html,"{""file"": ""public/pulse-html-prototype.html"", ""startOffset"": 504373, ""endOffset"": 629806, ""startLine"": 2870, ""endLine"": 2870}",brd,M14,Operations,/ticket-desk,,Ticketing Desk & Work Orders,"Workflow: In-Product Help, Support and Feedback","In-Product Help, Support and Feedback",,"User opens Help from any page. > The panel displays guidance relevant to the user's role and  > User searches or opens the recommended instruction. > If unresolved, user clicks Report a Problem. > The support form carries current page/module/record context  > The resulting ticket appears in My Support Requests. > User receives updates and may confirm resolution or provide ",,,clinic-scoped-unless-stated,,operational,,,,,PROTOTYPE-ONLY,NOT-STARTED,NOT-STARTED,NOT-STARTED,NOT-STARTED,ADOPTED-AS-IS,Expanded,P4,docs/architecture/prototype-parity/,M02 master-detail queue
brdflow_1de8c446d0b5,public/pulse-html-prototype.html,"{""file"": ""public/pulse-html-prototype.html"", ""startOffset"": 504373, ""endOffset"": 629806, ""startLine"": 2870, ""endLine"": 2870}",brd,M14,Operations,/ticket-desk,,Ticketing Desk & Work Orders,Workflow: Customer Support Escalation and Service-Impact Communication,Customer Support Escalation and Service-Impact Communication,,"Customer raises a support request and selects the affected a > Support triages severity and assigns an owner and target. > Where investigation requires tenant data, support requests t > Customer/authorised owner approves, rejects or limits access > Support provides progress updates and workarounds. > If multiple tenants are affected, an approved service-impact > Resolution is confirmed with the customer and temporary acce > For significant events, a post-incident summary and preventi",,,clinic-scoped-unless-stated,,operational,,,,,PROTOTYPE-ONLY,NOT-STARTED,NOT-STARTED,NOT-STARTED,NOT-STARTED,ADOPTED-AS-IS,Expanded,P4,docs/architecture/prototype-parity/,M02 master-detail queue
brdrule_ecaede239053,public/pulse-html-prototype.html,,brd,M14,Operations,/ticket-desk,,,Business rule,Priority is based on impact and urgency; P1/high-risk items trigger immediate escalation.,,,,,clinic-scoped-unless-stated,,operational,,,,,PROTOTYPE-ONLY,NOT-STARTED,NOT-STARTED,NOT-STARTED,NOT-STARTED,ADOPTED-AS-IS,BRD business rule,P4,docs/architecture/prototype-parity/,
brdrule_b8eab262b49b,public/pulse-html-prototype.html,,brd,M14,Operations,/ticket-desk,,,Business rule,"A ticket may link to clinic, room, asset, printer, website, checklist, incident or supplier.",,,,,clinic-scoped-unless-stated,,operational,,,,,PROTOTYPE-ONLY,NOT-STARTED,NOT-STARTED,NOT-STARTED,NOT-STARTED,ADOPTED-AS-IS,BRD business rule,P4,docs/architecture/prototype-parity/,
brdrule_940ef7c67bd4,public/pulse-html-prototype.html,,brd,M14,Operations,/ticket-desk,,,Business rule,Closure evidence is mandatory for defined categories and manager sign-off may be required.,,,,,clinic-scoped-unless-stated,,operational,,,,,PROTOTYPE-ONLY,NOT-STARTED,NOT-STARTED,NOT-STARTED,NOT-STARTED,ADOPTED-AS-IS,BRD business rule,P4,docs/architecture/prototype-parity/,
brdrule_bf066c77f9f9,public/pulse-html-prototype.html,,brd,M14,Operations,/ticket-desk,,,Business rule,Vendor access and sensitive information are limited to the approved scope.,,,,,clinic-scoped-unless-stated,,operational,,,,,PROTOTYPE-ONLY,NOT-STARTED,NOT-STARTED,NOT-STARTED,NOT-STARTED,ADOPTED-AS-IS,BRD business rule,P4,docs/architecture/prototype-parity/,
brdrule_a977ab6fcfd8,public/pulse-html-prototype.html,,brd,M14,Operations,/ticket-desk,,,Business rule,Reopened tickets retain original closure details and reason for reopening.,,,,,clinic-scoped-unless-stated,,operational,,,,,PROTOTYPE-ONLY,NOT-STARTED,NOT-STARTED,NOT-STARTED,NOT-STARTED,ADOPTED-AS-IS,BRD business rule,P4,docs/architecture/prototype-parity/,
brdvis_8c3a5d2f8160,public/pulse-html-prototype.html,,brd,M14,Operations,/ticket-desk,,,Visual requirement,"Issue form with category, clinic, room, asset, impact, urgency, description and attachments.",,,,,clinic-scoped-unless-stated,,operational,,,,,PROTOTYPE-ONLY,NOT-STARTED,NOT-STARTED,NOT-STARTED,NOT-STARTED,ADOPTED-AS-IS,BRD visual requirement; final PNG prevails where image exists,P4,docs/architecture/prototype-parity/,M02 master-detail queue
brdvis_728ddaeddfd6,public/pulse-html-prototype.html,,brd,M14,Operations,/ticket-desk,,,Visual requirement,Priority badge and SLA countdown.,,,,,clinic-scoped-unless-stated,,operational,,,,,PROTOTYPE-ONLY,NOT-STARTED,NOT-STARTED,NOT-STARTED,NOT-STARTED,ADOPTED-AS-IS,BRD visual requirement; final PNG prevails where image exists,P4,docs/architecture/prototype-parity/,M02 master-detail queue
brdvis_ee1bf15dd6a3,public/pulse-html-prototype.html,,brd,M14,Operations,/ticket-desk,,,Visual requirement,"Ticket timeline with assignments, updates, status changes and notifications.",,,,,clinic-scoped-unless-stated,,operational,,,,,PROTOTYPE-ONLY,NOT-STARTED,NOT-STARTED,NOT-STARTED,NOT-STARTED,ADOPTED-AS-IS,BRD visual requirement; final PNG prevails where image exists,P4,docs/architecture/prototype-parity/,M02 master-detail queue
brdvis_f0b08bb62764,public/pulse-html-prototype.html,,brd,M14,Operations,/ticket-desk,,,Visual requirement,"Work-order panel for scope, supplier, cost approval, appointment and completion evidence.",,,,,clinic-scoped-unless-stated,,operational,,,,,PROTOTYPE-ONLY,NOT-STARTED,NOT-STARTED,NOT-STARTED,NOT-STARTED,ADOPTED-AS-IS,BRD visual requirement; final PNG prevails where image exists,P4,docs/architecture/prototype-parity/,M02 master-detail queue
brdvis_528eb03089b5,public/pulse-html-prototype.html,,brd,M14,Operations,/ticket-desk,,,Visual requirement,Recurring issue banner linking related tickets and asset history.,,,,,clinic-scoped-unless-stated,,operational,,,,,PROTOTYPE-ONLY,NOT-STARTED,NOT-STARTED,NOT-STARTED,NOT-STARTED,ADOPTED-AS-IS,BRD visual requirement; final PNG prevails where image exists,P4,docs/architecture/prototype-parity/,M02 master-detail queue
brdout_26184ae8e7db,public/pulse-html-prototype.html,,brd,M14,Operations,/ticket-desk,,,Output/measure,Ticket and work-order registers,,,,,clinic-scoped-unless-stated,,operational,,,,,PROTOTYPE-ONLY,NOT-STARTED,NOT-STARTED,NOT-STARTED,NOT-STARTED,ADOPTED-AS-IS,BRD output/measure,P4,docs/architecture/prototype-parity/,
brdout_50e7e5102bbb,public/pulse-html-prototype.html,,brd,M14,Operations,/ticket-desk,,,Output/measure,SLA breach and escalation report,,,,,clinic-scoped-unless-stated,,operational,,,,,PROTOTYPE-ONLY,NOT-STARTED,NOT-STARTED,NOT-STARTED,NOT-STARTED,ADOPTED-AS-IS,BRD output/measure,P4,docs/architecture/prototype-parity/,
brdout_bd47f959f55b,public/pulse-html-prototype.html,,brd,M14,Operations,/ticket-desk,,,Output/measure,Recurring issue report,,,,,clinic-scoped-unless-stated,,operational,,,,,PROTOTYPE-ONLY,NOT-STARTED,NOT-STARTED,NOT-STARTED,NOT-STARTED,ADOPTED-AS-IS,BRD output/measure,P4,docs/architecture/prototype-parity/,
brdout_fbe734986077,public/pulse-html-prototype.html,,brd,M14,Operations,/ticket-desk,,,Output/measure,Completion evidence report,,,,,clinic-scoped-unless-stated,,operational,,,,,PROTOTYPE-ONLY,NOT-STARTED,NOT-STARTED,NOT-STARTED,NOT-STARTED,ADOPTED-AS-IS,BRD output/measure,P4,docs/architecture/prototype-parity/,
brdout_88844865be9d,public/pulse-html-prototype.html,,brd,M14,Operations,/ticket-desk,,,Output/measure,Vendor response and completion report,,,,,clinic-scoped-unless-stated,,operational,,,,,PROTOTYPE-ONLY,NOT-STARTED,NOT-STARTED,NOT-STARTED,NOT-STARTED,ADOPTED-AS-IS,BRD output/measure,P4,docs/architecture/prototype-parity/,
brdout_c7ae8e3b984c,public/pulse-html-prototype.html,,brd,M14,Operations,/ticket-desk,,,Output/measure,Asset downtime report,,,,,clinic-scoped-unless-stated,,operational,,,,,PROTOTYPE-ONLY,NOT-STARTED,NOT-STARTED,NOT-STARTED,NOT-STARTED,ADOPTED-AS-IS,BRD output/measure,P4,docs/architecture/prototype-parity/,
brdout_482357b36751,public/pulse-html-prototype.html,,brd,M14,Operations,/ticket-desk,,,Output/measure,Measure: P1 response/restoration time,,,,,clinic-scoped-unless-stated,,operational,,,,,PROTOTYPE-ONLY,NOT-STARTED,NOT-STARTED,NOT-STARTED,NOT-STARTED,ADOPTED-AS-IS,BRD output/measure,P4,docs/architecture/prototype-parity/,
brdout_44933669c744,public/pulse-html-prototype.html,,brd,M14,Operations,/ticket-desk,,,Output/measure,Measure: tickets reopened after closure,,,,,clinic-scoped-unless-stated,,operational,,,,,PROTOTYPE-ONLY,NOT-STARTED,NOT-STARTED,NOT-STARTED,NOT-STARTED,ADOPTED-AS-IS,BRD output/measure,P4,docs/architecture/prototype-parity/,
brdmod_180137674738,public/pulse-html-prototype.html,"{""file"": ""public/pulse-html-prototype.html"", ""startOffset"": 504373, ""endOffset"": 629806, ""startLine"": 2870, ""endLine"": 2870}",brd,M15,Assets,/inventory-assets,,"Inventory, Suppliers, Finance & Assets","BRD module M15: Inventory, Suppliers, Finance & Assets","Manage stock levels, transfers, supplier invoice review, supplier/contract governance, non-patient finance approvals, clinic assets, biomedical equipment and printer fleet lifecycle without duplicating patient billing.",,,,"Practice Managers, Inventory Owners, Finance Users, Asset / IT / Facilities Owners, Owners",clinic-scoped-unless-stated,"Stock, supplier, purchase, supplier invoice, equipment, rooms, printers, assets",operational,,src/modules/m15-*/ + module-register,,,PROTOTYPE-ONLY,NOT-STARTED,NOT-STARTED,NOT-STARTED,NOT-STARTED,ADOPTED-AS-IS,"Landing-level; match M15 image; supplier invoices OK, patient billing excluded",P5,docs/architecture/prototype-parity/,M15 inventory/asset
brdtab_a462ed59132b,public/pulse-html-prototype.html,"{""file"": ""public/pulse-html-prototype.html"", ""startOffset"": 504373, ""endOffset"": 629806, ""startLine"": 2870, ""endLine"": 2870}",brd,M15,Assets,/inventory-assets,"/inventory-assets?section=Inventory — Item register, PAR levels, quantities and clinic ownership.","Inventory — Item register, PAR levels, quantities and clinic ownership.","Tab: Inventory — Item register, PAR levels, quantities and clinic ownership.","Manage stock levels, transfers, supplier invoice review, supplier/contract governance, non-patient finance approvals, clinic assets, biomedical equipment and printer fleet lifecycle without duplicating patient billing.","Inventory — Item register, PAR levels, quantities and clinic ownership.",,,,clinic-scoped-unless-stated,,operational,,,,,PROTOTYPE-ONLY,NOT-STARTED,NOT-STARTED,NOT-STARTED,NOT-STARTED,ADOPTED-AS-IS,BRD tab retained in canonical screen register,P5,docs/architecture/prototype-parity/,M15 inventory/asset
brdtab_96b1e26a381e,public/pulse-html-prototype.html,"{""file"": ""public/pulse-html-prototype.html"", ""startOffset"": 504373, ""endOffset"": 629806, ""startLine"": 2870, ""endLine"": 2870}",brd,M15,Assets,/inventory-assets,"/inventory-assets?section=Low Stock & Orders — Reorder queue, purchase requests and order status.","Low Stock & Orders — Reorder queue, purchase requests and order status.","Tab: Low Stock & Orders — Reorder queue, purchase requests and order status.","Manage stock levels, transfers, supplier invoice review, supplier/contract governance, non-patient finance approvals, clinic assets, biomedical equipment and printer fleet lifecycle without duplicating patient billing.","Low Stock & Orders — Reorder queue, purchase requests and order status.",,,,clinic-scoped-unless-stated,,operational,,,,,PROTOTYPE-ONLY,NOT-STARTED,NOT-STARTED,NOT-STARTED,NOT-STARTED,ADOPTED-AS-IS,BRD tab retained in canonical screen register,P5,docs/architecture/prototype-parity/,M15 inventory/asset
brdtab_7dae91affac2,public/pulse-html-prototype.html,"{""file"": ""public/pulse-html-prototype.html"", ""startOffset"": 504373, ""endOffset"": 629806, ""startLine"": 2870, ""endLine"": 2870}",brd,M15,Assets,/inventory-assets,"/inventory-assets?section=Transfers & Adjustments — Inter-clinic stock movement, wastage and corrections.","Transfers & Adjustments — Inter-clinic stock movement, wastage and corrections.","Tab: Transfers & Adjustments — Inter-clinic stock movement, wastage and corrections.","Manage stock levels, transfers, supplier invoice review, supplier/contract governance, non-patient finance approvals, clinic assets, biomedical equipment and printer fleet lifecycle without duplicating patient billing.","Transfers & Adjustments — Inter-clinic stock movement, wastage and corrections.",,,,clinic-scoped-unless-stated,,operational,,,,,PROTOTYPE-ONLY,NOT-STARTED,NOT-STARTED,NOT-STARTED,NOT-STARTED,ADOPTED-AS-IS,BRD tab retained in canonical screen register,P5,docs/architecture/prototype-parity/,M15 inventory/asset
brdtab_607f1c65d866,public/pulse-html-prototype.html,"{""file"": ""public/pulse-html-prototype.html"", ""startOffset"": 504373, ""endOffset"": 629806, ""startLine"": 2870, ""endLine"": 2870}",brd,M15,Assets,/inventory-assets,"/inventory-assets?section=Invoice OCR — Supplier invoice upload, extracted fields, review and approval.","Invoice OCR — Supplier invoice upload, extracted fields, review and approval.","Tab: Invoice OCR — Supplier invoice upload, extracted fields, review and approval.","Manage stock levels, transfers, supplier invoice review, supplier/contract governance, non-patient finance approvals, clinic assets, biomedical equipment and printer fleet lifecycle without duplicating patient billing.","Invoice OCR — Supplier invoice upload, extracted fields, review and approval.",,,,clinic-scoped-unless-stated,,operational,,,,,PROTOTYPE-ONLY,NOT-STARTED,NOT-STARTED,NOT-STARTED,NOT-STARTED,ADOPTED-AS-IS,BRD tab retained in canonical screen register,P5,docs/architecture/prototype-parity/,M15 inventory/asset
brdtab_7d0a0d2671a6,public/pulse-html-prototype.html,"{""file"": ""public/pulse-html-prototype.html"", ""startOffset"": 504373, ""endOffset"": 629806, ""startLine"": 2870, ""endLine"": 2870}",brd,M15,Assets,/inventory-assets,"/inventory-assets?section=Suppliers & Contracts — Supplier ownership, contacts, terms, reviews and performance.","Suppliers & Contracts — Supplier ownership, contacts, terms, reviews and performance.","Tab: Suppliers & Contracts — Supplier ownership, contacts, terms, reviews and performance.","Manage stock levels, transfers, supplier invoice review, supplier/contract governance, non-patient finance approvals, clinic assets, biomedical equipment and printer fleet lifecycle without duplicating patient billing.","Suppliers & Contracts — Supplier ownership, contacts, terms, reviews and performance.",,,,clinic-scoped-unless-stated,,operational,,,,,PROTOTYPE-ONLY,NOT-STARTED,NOT-STARTED,NOT-STARTED,NOT-STARTED,ADOPTED-AS-IS,BRD tab retained in canonical screen register,P5,docs/architecture/prototype-parity/,M15 inventory/asset
brdtab_87678bf0e99c,public/pulse-html-prototype.html,"{""file"": ""public/pulse-html-prototype.html"", ""startOffset"": 504373, ""endOffset"": 629806, ""startLine"": 2870, ""endLine"": 2870}",brd,M15,Assets,/inventory-assets,"/inventory-assets?section=Finance Approvals — Operational invoice thresholds, duplicates and anomalies.","Finance Approvals — Operational invoice thresholds, duplicates and anomalies.","Tab: Finance Approvals — Operational invoice thresholds, duplicates and anomalies.","Manage stock levels, transfers, supplier invoice review, supplier/contract governance, non-patient finance approvals, clinic assets, biomedical equipment and printer fleet lifecycle without duplicating patient billing.","Finance Approvals — Operational invoice thresholds, duplicates and anomalies.",,,,clinic-scoped-unless-stated,,operational,,,,,PROTOTYPE-ONLY,NOT-STARTED,NOT-STARTED,NOT-STARTED,NOT-STARTED,ADOPTED-AS-IS,BRD tab retained in canonical screen register,P5,docs/architecture/prototype-parity/,M15 inventory/asset
brdtab_96cd48248b9f,public/pulse-html-prototype.html,"{""file"": ""public/pulse-html-prototype.html"", ""startOffset"": 504373, ""endOffset"": 629806, ""startLine"": 2870, ""endLine"": 2870}",brd,M15,Assets,/inventory-assets,"/inventory-assets?section=Assets & Equipment — Asset register, ownership, warranty and status.","Assets & Equipment — Asset register, ownership, warranty and status.","Tab: Assets & Equipment — Asset register, ownership, warranty and status.","Manage stock levels, transfers, supplier invoice review, supplier/contract governance, non-patient finance approvals, clinic assets, biomedical equipment and printer fleet lifecycle without duplicating patient billing.","Assets & Equipment — Asset register, ownership, warranty and status.",,,,clinic-scoped-unless-stated,,operational,,,,,PROTOTYPE-ONLY,NOT-STARTED,NOT-STARTED,NOT-STARTED,NOT-STARTED,ADOPTED-AS-IS,BRD tab retained in canonical screen register,P5,docs/architecture/prototype-parity/,M15 inventory/asset
brdtab_892fb5557267,public/pulse-html-prototype.html,"{""file"": ""public/pulse-html-prototype.html"", ""startOffset"": 504373, ""endOffset"": 629806, ""startLine"": 2870, ""endLine"": 2870}",brd,M15,Assets,/inventory-assets,"/inventory-assets?section=Printers — Fleet details, toner, counters, network/queue and fallback.","Printers — Fleet details, toner, counters, network/queue and fallback.","Tab: Printers — Fleet details, toner, counters, network/queue and fallback.","Manage stock levels, transfers, supplier invoice review, supplier/contract governance, non-patient finance approvals, clinic assets, biomedical equipment and printer fleet lifecycle without duplicating patient billing.","Printers — Fleet details, toner, counters, network/queue and fallback.",,,,clinic-scoped-unless-stated,,operational,,,,,PROTOTYPE-ONLY,NOT-STARTED,NOT-STARTED,NOT-STARTED,NOT-STARTED,ADOPTED-AS-IS,BRD tab retained in canonical screen register,P5,docs/architecture/prototype-parity/,M15 inventory/asset
brdtab_299587aa92c4,public/pulse-html-prototype.html,"{""file"": ""public/pulse-html-prototype.html"", ""startOffset"": 504373, ""endOffset"": 629806, ""startLine"": 2870, ""endLine"": 2870}",brd,M15,Assets,/inventory-assets,"/inventory-assets?section=Service Calendar — Service, calibration, warranty and planned maintenance.","Service Calendar — Service, calibration, warranty and planned maintenance.","Tab: Service Calendar — Service, calibration, warranty and planned maintenance.","Manage stock levels, transfers, supplier invoice review, supplier/contract governance, non-patient finance approvals, clinic assets, biomedical equipment and printer fleet lifecycle without duplicating patient billing.","Service Calendar — Service, calibration, warranty and planned maintenance.",,,,clinic-scoped-unless-stated,,operational,,,,,PROTOTYPE-ONLY,NOT-STARTED,NOT-STARTED,NOT-STARTED,NOT-STARTED,ADOPTED-AS-IS,BRD tab retained in canonical screen register,P5,docs/architecture/prototype-parity/,M15 inventory/asset
brdtab_ad43611da940,public/pulse-html-prototype.html,"{""file"": ""public/pulse-html-prototype.html"", ""startOffset"": 504373, ""endOffset"": 629806, ""startLine"": 2870, ""endLine"": 2870}",brd,M15,Assets,/inventory-assets,"/inventory-assets?section=Replacement Plan — Risk, age, cost and approval for replacement/retirement.","Replacement Plan — Risk, age, cost and approval for replacement/retirement.","Tab: Replacement Plan — Risk, age, cost and approval for replacement/retirement.","Manage stock levels, transfers, supplier invoice review, supplier/contract governance, non-patient finance approvals, clinic assets, biomedical equipment and printer fleet lifecycle without duplicating patient billing.","Replacement Plan — Risk, age, cost and approval for replacement/retirement.",,,,clinic-scoped-unless-stated,,operational,,,,,PROTOTYPE-ONLY,NOT-STARTED,NOT-STARTED,NOT-STARTED,NOT-STARTED,ADOPTED-AS-IS,BRD tab retained in canonical screen register,P5,docs/architecture/prototype-parity/,M15 inventory/asset
brdtab_8ec209beddf9,public/pulse-html-prototype.html,"{""file"": ""public/pulse-html-prototype.html"", ""startOffset"": 504373, ""endOffset"": 629806, ""startLine"": 2870, ""endLine"": 2870}",brd,M15,Assets,/inventory-assets,"/inventory-assets?section=Stocktake — Full and cycle counts by clinic, room or item category with controlled variance approval.","Stocktake — Full and cycle counts by clinic, room or item category with controlled variance approval.","Tab: Stocktake — Full and cycle counts by clinic, room or item category with controlled variance approval.","Manage stock levels, transfers, supplier invoice review, supplier/contract governance, non-patient finance approvals, clinic assets, biomedical equipment and printer fleet lifecycle without duplicating patient billing.","Stocktake — Full and cycle counts by clinic, room or item category with controlled variance approval.",,,,clinic-scoped-unless-stated,,operational,,,,,PROTOTYPE-ONLY,NOT-STARTED,NOT-STARTED,NOT-STARTED,NOT-STARTED,ADOPTED-AS-IS,BRD tab retained in canonical screen register,P5,docs/architecture/prototype-parity/,M15 inventory/asset
brdtab_baae32bb175c,public/pulse-html-prototype.html,"{""file"": ""public/pulse-html-prototype.html"", ""startOffset"": 504373, ""endOffset"": 629806, ""startLine"": 2870, ""endLine"": 2870}",brd,M15,Assets,/inventory-assets,"/inventory-assets?section=Expiry & Recall — Batch/location tracking, quarantine, return, write-off and recall completion evidence.","Expiry & Recall — Batch/location tracking, quarantine, return, write-off and recall completion evidence.","Tab: Expiry & Recall — Batch/location tracking, quarantine, return, write-off and recall completion evidence.","Manage stock levels, transfers, supplier invoice review, supplier/contract governance, non-patient finance approvals, clinic assets, biomedical equipment and printer fleet lifecycle without duplicating patient billing.","Expiry & Recall — Batch/location tracking, quarantine, return, write-off and recall completion evidence.",,,,clinic-scoped-unless-stated,,operational,,,,,PROTOTYPE-ONLY,NOT-STARTED,NOT-STARTED,NOT-STARTED,NOT-STARTED,ADOPTED-AS-IS,BRD tab retained in canonical screen register,P5,docs/architecture/prototype-parity/,M15 inventory/asset
brdtab_78a82cf2d3fa,public/pulse-html-prototype.html,"{""file"": ""public/pulse-html-prototype.html"", ""startOffset"": 504373, ""endOffset"": 629806, ""startLine"": 2870, ""endLine"": 2870}",brd,M15,Assets,/inventory-assets,"/inventory-assets?section=Asset Assignment & Loans — Issue, transfer, temporary loan, return, loss and decommissioning.","Asset Assignment & Loans — Issue, transfer, temporary loan, return, loss and decommissioning.","Tab: Asset Assignment & Loans — Issue, transfer, temporary loan, return, loss and decommissioning.","Manage stock levels, transfers, supplier invoice review, supplier/contract governance, non-patient finance approvals, clinic assets, biomedical equipment and printer fleet lifecycle without duplicating patient billing.","Asset Assignment & Loans — Issue, transfer, temporary loan, return, loss and decommissioning.",,,,clinic-scoped-unless-stated,,operational,,,,,PROTOTYPE-ONLY,NOT-STARTED,NOT-STARTED,NOT-STARTED,NOT-STARTED,ADOPTED-AS-IS,BRD tab retained in canonical screen register,P5,docs/architecture/prototype-parity/,M15 inventory/asset
brdtab_c406ff763a1d,public/pulse-html-prototype.html,"{""file"": ""public/pulse-html-prototype.html"", ""startOffset"": 504373, ""endOffset"": 629806, ""startLine"": 2870, ""endLine"": 2870}",brd,M15,Assets,/inventory-assets,"/inventory-assets?section=Supplier Onboarding — Supplier due diligence, approved categories, quote comparison, activation and suspension.","Supplier Onboarding — Supplier due diligence, approved categories, quote comparison, activation and suspension.","Tab: Supplier Onboarding — Supplier due diligence, approved categories, quote comparison, activation and suspension.","Manage stock levels, transfers, supplier invoice review, supplier/contract governance, non-patient finance approvals, clinic assets, biomedical equipment and printer fleet lifecycle without duplicating patient billing.","Supplier Onboarding — Supplier due diligence, approved categories, quote comparison, activation and suspension.",,,,clinic-scoped-unless-stated,,operational,,,,,PROTOTYPE-ONLY,NOT-STARTED,NOT-STARTED,NOT-STARTED,NOT-STARTED,ADOPTED-AS-IS,BRD tab retained in canonical screen register,P5,docs/architecture/prototype-parity/,M15 inventory/asset
brdbtn_a0a28d64ef4d,public/pulse-html-prototype.html,"{""file"": ""public/pulse-html-prototype.html"", ""startOffset"": 504373, ""endOffset"": 629806, ""startLine"": 2870, ""endLine"": 2870}",brd,M15,Assets,/inventory-assets,,"Inventory, Suppliers, Finance & Assets",Named action: Add Item,"Manage stock levels, transfers, supplier invoice review, supplier/contract governance, non-patient finance approvals, clinic assets, biomedical equipment and printer fleet lifecycle without duplicating patient billing.",Add Item,service-backed transition required for final claim,,,clinic-scoped-unless-stated,,operational,,,,,PROTOTYPE-ONLY,NOT-STARTED,NOT-STARTED,NOT-STARTED,NOT-STARTED,ADOPTED-AS-IS,"Named BRD button must map to real action, planned service-backed action, or owner decision",P5,docs/architecture/prototype-parity/,M15 inventory/asset
brdbtn_e5fb5d64ad62,public/pulse-html-prototype.html,"{""file"": ""public/pulse-html-prototype.html"", ""startOffset"": 504373, ""endOffset"": 629806, ""startLine"": 2870, ""endLine"": 2870}",brd,M15,Assets,/inventory-assets,,"Inventory, Suppliers, Finance & Assets",Named action: Set PAR Level,"Manage stock levels, transfers, supplier invoice review, supplier/contract governance, non-patient finance approvals, clinic assets, biomedical equipment and printer fleet lifecycle without duplicating patient billing.",Set PAR Level,service-backed transition required for final claim,,,clinic-scoped-unless-stated,,operational,,,,,PROTOTYPE-ONLY,NOT-STARTED,NOT-STARTED,NOT-STARTED,NOT-STARTED,ADOPTED-AS-IS,"Named BRD button must map to real action, planned service-backed action, or owner decision",P5,docs/architecture/prototype-parity/,M15 inventory/asset
brdbtn_d68f198920d8,public/pulse-html-prototype.html,"{""file"": ""public/pulse-html-prototype.html"", ""startOffset"": 504373, ""endOffset"": 629806, ""startLine"": 2870, ""endLine"": 2870}",brd,M15,Assets,/inventory-assets,,"Inventory, Suppliers, Finance & Assets",Named action: Create Purchase Request,"Manage stock levels, transfers, supplier invoice review, supplier/contract governance, non-patient finance approvals, clinic assets, biomedical equipment and printer fleet lifecycle without duplicating patient billing.",Create Purchase Request,service-backed transition required for final claim,,,clinic-scoped-unless-stated,,operational,,,,,PROTOTYPE-ONLY,NOT-STARTED,NOT-STARTED,NOT-STARTED,NOT-STARTED,ADOPTED-AS-IS,"Named BRD button must map to real action, planned service-backed action, or owner decision",P5,docs/architecture/prototype-parity/,M15 inventory/asset
brdbtn_34520be8e544,public/pulse-html-prototype.html,"{""file"": ""public/pulse-html-prototype.html"", ""startOffset"": 504373, ""endOffset"": 629806, ""startLine"": 2870, ""endLine"": 2870}",brd,M15,Assets,/inventory-assets,,"Inventory, Suppliers, Finance & Assets",Named action: Approve Order,"Manage stock levels, transfers, supplier invoice review, supplier/contract governance, non-patient finance approvals, clinic assets, biomedical equipment and printer fleet lifecycle without duplicating patient billing.",Approve Order,service-backed transition required for final claim,,,clinic-scoped-unless-stated,,operational,,,,,PROTOTYPE-ONLY,NOT-STARTED,NOT-STARTED,NOT-STARTED,NOT-STARTED,ADOPTED-AS-IS,"Named BRD button must map to real action, planned service-backed action, or owner decision",P5,docs/architecture/prototype-parity/,M15 inventory/asset
brdbtn_776df91e6aad,public/pulse-html-prototype.html,"{""file"": ""public/pulse-html-prototype.html"", ""startOffset"": 504373, ""endOffset"": 629806, ""startLine"": 2870, ""endLine"": 2870}",brd,M15,Assets,/inventory-assets,,"Inventory, Suppliers, Finance & Assets",Named action: Receive Stock,"Manage stock levels, transfers, supplier invoice review, supplier/contract governance, non-patient finance approvals, clinic assets, biomedical equipment and printer fleet lifecycle without duplicating patient billing.",Receive Stock,service-backed transition required for final claim,,,clinic-scoped-unless-stated,,operational,,,,,PROTOTYPE-ONLY,NOT-STARTED,NOT-STARTED,NOT-STARTED,NOT-STARTED,ADOPTED-AS-IS,"Named BRD button must map to real action, planned service-backed action, or owner decision",P5,docs/architecture/prototype-parity/,M15 inventory/asset
brdbtn_cdc15b7da1e9,public/pulse-html-prototype.html,"{""file"": ""public/pulse-html-prototype.html"", ""startOffset"": 504373, ""endOffset"": 629806, ""startLine"": 2870, ""endLine"": 2870}",brd,M15,Assets,/inventory-assets,,"Inventory, Suppliers, Finance & Assets",Named action: Transfer Stock,"Manage stock levels, transfers, supplier invoice review, supplier/contract governance, non-patient finance approvals, clinic assets, biomedical equipment and printer fleet lifecycle without duplicating patient billing.",Transfer Stock,service-backed transition required for final claim,,,clinic-scoped-unless-stated,,operational,,,,,PROTOTYPE-ONLY,NOT-STARTED,NOT-STARTED,NOT-STARTED,NOT-STARTED,ADOPTED-AS-IS,"Named BRD button must map to real action, planned service-backed action, or owner decision",P5,docs/architecture/prototype-parity/,M15 inventory/asset
brdbtn_35a47c071ba1,public/pulse-html-prototype.html,"{""file"": ""public/pulse-html-prototype.html"", ""startOffset"": 504373, ""endOffset"": 629806, ""startLine"": 2870, ""endLine"": 2870}",brd,M15,Assets,/inventory-assets,,"Inventory, Suppliers, Finance & Assets",Named action: Adjust / Write Off,"Manage stock levels, transfers, supplier invoice review, supplier/contract governance, non-patient finance approvals, clinic assets, biomedical equipment and printer fleet lifecycle without duplicating patient billing.",Adjust / Write Off,service-backed transition required for final claim,,,clinic-scoped-unless-stated,,operational,,,,,PROTOTYPE-ONLY,NOT-STARTED,NOT-STARTED,NOT-STARTED,NOT-STARTED,ADOPTED-AS-IS,"Named BRD button must map to real action, planned service-backed action, or owner decision",P5,docs/architecture/prototype-parity/,M15 inventory/asset
brdbtn_53babaa7f791,public/pulse-html-prototype.html,"{""file"": ""public/pulse-html-prototype.html"", ""startOffset"": 504373, ""endOffset"": 629806, ""startLine"": 2870, ""endLine"": 2870}",brd,M15,Assets,/inventory-assets,,"Inventory, Suppliers, Finance & Assets",Named action: Upload Invoice,"Manage stock levels, transfers, supplier invoice review, supplier/contract governance, non-patient finance approvals, clinic assets, biomedical equipment and printer fleet lifecycle without duplicating patient billing.",Upload Invoice,service-backed transition required for final claim,,,clinic-scoped-unless-stated,,operational,,,,,PROTOTYPE-ONLY,NOT-STARTED,NOT-STARTED,NOT-STARTED,NOT-STARTED,ADOPTED-AS-IS,"Named BRD button must map to real action, planned service-backed action, or owner decision",P5,docs/architecture/prototype-parity/,M15 inventory/asset
brdbtn_891a9c2d76bc,public/pulse-html-prototype.html,"{""file"": ""public/pulse-html-prototype.html"", ""startOffset"": 504373, ""endOffset"": 629806, ""startLine"": 2870, ""endLine"": 2870}",brd,M15,Assets,/inventory-assets,,"Inventory, Suppliers, Finance & Assets",Named action: Review OCR,"Manage stock levels, transfers, supplier invoice review, supplier/contract governance, non-patient finance approvals, clinic assets, biomedical equipment and printer fleet lifecycle without duplicating patient billing.",Review OCR,service-backed transition required for final claim,,,clinic-scoped-unless-stated,,operational,,,,,PROTOTYPE-ONLY,NOT-STARTED,NOT-STARTED,NOT-STARTED,NOT-STARTED,ADOPTED-AS-IS,"Named BRD button must map to real action, planned service-backed action, or owner decision",P5,docs/architecture/prototype-parity/,M15 inventory/asset
brdbtn_e4c825784b18,public/pulse-html-prototype.html,"{""file"": ""public/pulse-html-prototype.html"", ""startOffset"": 504373, ""endOffset"": 629806, ""startLine"": 2870, ""endLine"": 2870}",brd,M15,Assets,/inventory-assets,,"Inventory, Suppliers, Finance & Assets",Named action: Approve / Reject Invoice,"Manage stock levels, transfers, supplier invoice review, supplier/contract governance, non-patient finance approvals, clinic assets, biomedical equipment and printer fleet lifecycle without duplicating patient billing.",Approve / Reject Invoice,service-backed transition required for final claim,,,clinic-scoped-unless-stated,,operational,,,,,PROTOTYPE-ONLY,NOT-STARTED,NOT-STARTED,NOT-STARTED,NOT-STARTED,ADOPTED-AS-IS,"Named BRD button must map to real action, planned service-backed action, or owner decision",P5,docs/architecture/prototype-parity/,M15 inventory/asset
brdbtn_cd2761769695,public/pulse-html-prototype.html,"{""file"": ""public/pulse-html-prototype.html"", ""startOffset"": 504373, ""endOffset"": 629806, ""startLine"": 2870, ""endLine"": 2870}",brd,M15,Assets,/inventory-assets,,"Inventory, Suppliers, Finance & Assets",Named action: Add Supplier,"Manage stock levels, transfers, supplier invoice review, supplier/contract governance, non-patient finance approvals, clinic assets, biomedical equipment and printer fleet lifecycle without duplicating patient billing.",Add Supplier,service-backed transition required for final claim,,,clinic-scoped-unless-stated,,operational,,,,,PROTOTYPE-ONLY,NOT-STARTED,NOT-STARTED,NOT-STARTED,NOT-STARTED,ADOPTED-AS-IS,"Named BRD button must map to real action, planned service-backed action, or owner decision",P5,docs/architecture/prototype-parity/,M15 inventory/asset
brdbtn_bd469ba501bd,public/pulse-html-prototype.html,"{""file"": ""public/pulse-html-prototype.html"", ""startOffset"": 504373, ""endOffset"": 629806, ""startLine"": 2870, ""endLine"": 2870}",brd,M15,Assets,/inventory-assets,,"Inventory, Suppliers, Finance & Assets",Named action: Schedule Contract Review,"Manage stock levels, transfers, supplier invoice review, supplier/contract governance, non-patient finance approvals, clinic assets, biomedical equipment and printer fleet lifecycle without duplicating patient billing.",Schedule Contract Review,service-backed transition required for final claim,,,clinic-scoped-unless-stated,,operational,,,,,PROTOTYPE-ONLY,NOT-STARTED,NOT-STARTED,NOT-STARTED,NOT-STARTED,ADOPTED-AS-IS,"Named BRD button must map to real action, planned service-backed action, or owner decision",P5,docs/architecture/prototype-parity/,M15 inventory/asset
brdbtn_cdd9474d00fc,public/pulse-html-prototype.html,"{""file"": ""public/pulse-html-prototype.html"", ""startOffset"": 504373, ""endOffset"": 629806, ""startLine"": 2870, ""endLine"": 2870}",brd,M15,Assets,/inventory-assets,,"Inventory, Suppliers, Finance & Assets",Named action: Add Asset,"Manage stock levels, transfers, supplier invoice review, supplier/contract governance, non-patient finance approvals, clinic assets, biomedical equipment and printer fleet lifecycle without duplicating patient billing.",Add Asset,service-backed transition required for final claim,,,clinic-scoped-unless-stated,,operational,,,,,PROTOTYPE-ONLY,NOT-STARTED,NOT-STARTED,NOT-STARTED,NOT-STARTED,ADOPTED-AS-IS,"Named BRD button must map to real action, planned service-backed action, or owner decision",P5,docs/architecture/prototype-parity/,M15 inventory/asset
brdbtn_59862a0505c4,public/pulse-html-prototype.html,"{""file"": ""public/pulse-html-prototype.html"", ""startOffset"": 504373, ""endOffset"": 629806, ""startLine"": 2870, ""endLine"": 2870}",brd,M15,Assets,/inventory-assets,,"Inventory, Suppliers, Finance & Assets",Named action: Generate QR,"Manage stock levels, transfers, supplier invoice review, supplier/contract governance, non-patient finance approvals, clinic assets, biomedical equipment and printer fleet lifecycle without duplicating patient billing.",Generate QR,service-backed transition required for final claim,,,clinic-scoped-unless-stated,,operational,,,,,PROTOTYPE-ONLY,NOT-STARTED,NOT-STARTED,NOT-STARTED,NOT-STARTED,ADOPTED-AS-IS,"Named BRD button must map to real action, planned service-backed action, or owner decision",P5,docs/architecture/prototype-parity/,M15 inventory/asset
brdbtn_1456272e9ec0,public/pulse-html-prototype.html,"{""file"": ""public/pulse-html-prototype.html"", ""startOffset"": 504373, ""endOffset"": 629806, ""startLine"": 2870, ""endLine"": 2870}",brd,M15,Assets,/inventory-assets,,"Inventory, Suppliers, Finance & Assets",Named action: Schedule Service,"Manage stock levels, transfers, supplier invoice review, supplier/contract governance, non-patient finance approvals, clinic assets, biomedical equipment and printer fleet lifecycle without duplicating patient billing.",Schedule Service,service-backed transition required for final claim,,,clinic-scoped-unless-stated,,operational,,,,,PROTOTYPE-ONLY,NOT-STARTED,NOT-STARTED,NOT-STARTED,NOT-STARTED,ADOPTED-AS-IS,"Named BRD button must map to real action, planned service-backed action, or owner decision",P5,docs/architecture/prototype-parity/,M15 inventory/asset
brdbtn_4594ee4e1a4b,public/pulse-html-prototype.html,"{""file"": ""public/pulse-html-prototype.html"", ""startOffset"": 504373, ""endOffset"": 629806, ""startLine"": 2870, ""endLine"": 2870}",brd,M15,Assets,/inventory-assets,,"Inventory, Suppliers, Finance & Assets",Named action: Raise Fault,"Manage stock levels, transfers, supplier invoice review, supplier/contract governance, non-patient finance approvals, clinic assets, biomedical equipment and printer fleet lifecycle without duplicating patient billing.",Raise Fault,service-backed transition required for final claim,,,clinic-scoped-unless-stated,,operational,,,,,PROTOTYPE-ONLY,NOT-STARTED,NOT-STARTED,NOT-STARTED,NOT-STARTED,ADOPTED-AS-IS,"Named BRD button must map to real action, planned service-backed action, or owner decision",P5,docs/architecture/prototype-parity/,M15 inventory/asset
brdbtn_77a5a5085820,public/pulse-html-prototype.html,"{""file"": ""public/pulse-html-prototype.html"", ""startOffset"": 504373, ""endOffset"": 629806, ""startLine"": 2870, ""endLine"": 2870}",brd,M15,Assets,/inventory-assets,,"Inventory, Suppliers, Finance & Assets",Named action: Add Printer,"Manage stock levels, transfers, supplier invoice review, supplier/contract governance, non-patient finance approvals, clinic assets, biomedical equipment and printer fleet lifecycle without duplicating patient billing.",Add Printer,service-backed transition required for final claim,,,clinic-scoped-unless-stated,,operational,,,,,PROTOTYPE-ONLY,NOT-STARTED,NOT-STARTED,NOT-STARTED,NOT-STARTED,ADOPTED-AS-IS,"Named BRD button must map to real action, planned service-backed action, or owner decision",P5,docs/architecture/prototype-parity/,M15 inventory/asset
brdbtn_a2a622baa319,public/pulse-html-prototype.html,"{""file"": ""public/pulse-html-prototype.html"", ""startOffset"": 504373, ""endOffset"": 629806, ""startLine"": 2870, ""endLine"": 2870}",brd,M15,Assets,/inventory-assets,,"Inventory, Suppliers, Finance & Assets",Named action: Update Toner / Counter,"Manage stock levels, transfers, supplier invoice review, supplier/contract governance, non-patient finance approvals, clinic assets, biomedical equipment and printer fleet lifecycle without duplicating patient billing.",Update Toner / Counter,service-backed transition required for final claim,,,clinic-scoped-unless-stated,,operational,,,,,PROTOTYPE-ONLY,NOT-STARTED,NOT-STARTED,NOT-STARTED,NOT-STARTED,ADOPTED-AS-IS,"Named BRD button must map to real action, planned service-backed action, or owner decision",P5,docs/architecture/prototype-parity/,M15 inventory/asset
brdbtn_d93e2cdfe507,public/pulse-html-prototype.html,"{""file"": ""public/pulse-html-prototype.html"", ""startOffset"": 504373, ""endOffset"": 629806, ""startLine"": 2870, ""endLine"": 2870}",brd,M15,Assets,/inventory-assets,,"Inventory, Suppliers, Finance & Assets",Named action: Set Fallback,"Manage stock levels, transfers, supplier invoice review, supplier/contract governance, non-patient finance approvals, clinic assets, biomedical equipment and printer fleet lifecycle without duplicating patient billing.",Set Fallback,service-backed transition required for final claim,,,clinic-scoped-unless-stated,,operational,,,,,PROTOTYPE-ONLY,NOT-STARTED,NOT-STARTED,NOT-STARTED,NOT-STARTED,ADOPTED-AS-IS,"Named BRD button must map to real action, planned service-backed action, or owner decision",P5,docs/architecture/prototype-parity/,M15 inventory/asset
brdbtn_59dd40e26c16,public/pulse-html-prototype.html,"{""file"": ""public/pulse-html-prototype.html"", ""startOffset"": 504373, ""endOffset"": 629806, ""startLine"": 2870, ""endLine"": 2870}",brd,M15,Assets,/inventory-assets,,"Inventory, Suppliers, Finance & Assets",Named action: Retire / Replace,"Manage stock levels, transfers, supplier invoice review, supplier/contract governance, non-patient finance approvals, clinic assets, biomedical equipment and printer fleet lifecycle without duplicating patient billing.",Retire / Replace,service-backed transition required for final claim,,,clinic-scoped-unless-stated,,operational,,,,,PROTOTYPE-ONLY,NOT-STARTED,NOT-STARTED,NOT-STARTED,NOT-STARTED,ADOPTED-AS-IS,"Named BRD button must map to real action, planned service-backed action, or owner decision",P5,docs/architecture/prototype-parity/,M15 inventory/asset
brdbtn_f6fe29f129d7,public/pulse-html-prototype.html,"{""file"": ""public/pulse-html-prototype.html"", ""startOffset"": 504373, ""endOffset"": 629806, ""startLine"": 2870, ""endLine"": 2870}",brd,M15,Assets,/inventory-assets,,"Inventory, Suppliers, Finance & Assets",Named action: Create Stocktake,"Manage stock levels, transfers, supplier invoice review, supplier/contract governance, non-patient finance approvals, clinic assets, biomedical equipment and printer fleet lifecycle without duplicating patient billing.",Create Stocktake,service-backed transition required for final claim,,,clinic-scoped-unless-stated,,operational,,,,,PROTOTYPE-ONLY,NOT-STARTED,NOT-STARTED,NOT-STARTED,NOT-STARTED,ADOPTED-AS-IS,"Named BRD button must map to real action, planned service-backed action, or owner decision",P5,docs/architecture/prototype-parity/,M15 inventory/asset
brdbtn_24021e3daf41,public/pulse-html-prototype.html,"{""file"": ""public/pulse-html-prototype.html"", ""startOffset"": 504373, ""endOffset"": 629806, ""startLine"": 2870, ""endLine"": 2870}",brd,M15,Assets,/inventory-assets,,"Inventory, Suppliers, Finance & Assets",Named action: Quarantine Batch,"Manage stock levels, transfers, supplier invoice review, supplier/contract governance, non-patient finance approvals, clinic assets, biomedical equipment and printer fleet lifecycle without duplicating patient billing.",Quarantine Batch,service-backed transition required for final claim,,,clinic-scoped-unless-stated,,operational,,,,,PROTOTYPE-ONLY,NOT-STARTED,NOT-STARTED,NOT-STARTED,NOT-STARTED,ADOPTED-AS-IS,"Named BRD button must map to real action, planned service-backed action, or owner decision",P5,docs/architecture/prototype-parity/,M15 inventory/asset
brdbtn_210a85e2d553,public/pulse-html-prototype.html,"{""file"": ""public/pulse-html-prototype.html"", ""startOffset"": 504373, ""endOffset"": 629806, ""startLine"": 2870, ""endLine"": 2870}",brd,M15,Assets,/inventory-assets,,"Inventory, Suppliers, Finance & Assets",Named action: Start Recall,"Manage stock levels, transfers, supplier invoice review, supplier/contract governance, non-patient finance approvals, clinic assets, biomedical equipment and printer fleet lifecycle without duplicating patient billing.",Start Recall,service-backed transition required for final claim,,,clinic-scoped-unless-stated,,operational,,,,,PROTOTYPE-ONLY,NOT-STARTED,NOT-STARTED,NOT-STARTED,NOT-STARTED,ADOPTED-AS-IS,"Named BRD button must map to real action, planned service-backed action, or owner decision",P5,docs/architecture/prototype-parity/,M15 inventory/asset
brdbtn_18e90dea8bb2,public/pulse-html-prototype.html,"{""file"": ""public/pulse-html-prototype.html"", ""startOffset"": 504373, ""endOffset"": 629806, ""startLine"": 2870, ""endLine"": 2870}",brd,M15,Assets,/inventory-assets,,"Inventory, Suppliers, Finance & Assets",Named action: Assign / Loan Asset,"Manage stock levels, transfers, supplier invoice review, supplier/contract governance, non-patient finance approvals, clinic assets, biomedical equipment and printer fleet lifecycle without duplicating patient billing.",Assign / Loan Asset,service-backed transition required for final claim,,,clinic-scoped-unless-stated,,operational,,,,,PROTOTYPE-ONLY,NOT-STARTED,NOT-STARTED,NOT-STARTED,NOT-STARTED,ADOPTED-AS-IS,"Named BRD button must map to real action, planned service-backed action, or owner decision",P5,docs/architecture/prototype-parity/,M15 inventory/asset
brdbtn_4cc29567f028,public/pulse-html-prototype.html,"{""file"": ""public/pulse-html-prototype.html"", ""startOffset"": 504373, ""endOffset"": 629806, ""startLine"": 2870, ""endLine"": 2870}",brd,M15,Assets,/inventory-assets,,"Inventory, Suppliers, Finance & Assets",Named action: Return Asset,"Manage stock levels, transfers, supplier invoice review, supplier/contract governance, non-patient finance approvals, clinic assets, biomedical equipment and printer fleet lifecycle without duplicating patient billing.",Return Asset,service-backed transition required for final claim,,,clinic-scoped-unless-stated,,operational,,,,,PROTOTYPE-ONLY,NOT-STARTED,NOT-STARTED,NOT-STARTED,NOT-STARTED,ADOPTED-AS-IS,"Named BRD button must map to real action, planned service-backed action, or owner decision",P5,docs/architecture/prototype-parity/,M15 inventory/asset
brdbtn_71a2805adb46,public/pulse-html-prototype.html,"{""file"": ""public/pulse-html-prototype.html"", ""startOffset"": 504373, ""endOffset"": 629806, ""startLine"": 2870, ""endLine"": 2870}",brd,M15,Assets,/inventory-assets,,"Inventory, Suppliers, Finance & Assets",Named action: Onboard Supplier,"Manage stock levels, transfers, supplier invoice review, supplier/contract governance, non-patient finance approvals, clinic assets, biomedical equipment and printer fleet lifecycle without duplicating patient billing.",Onboard Supplier,service-backed transition required for final claim,,,clinic-scoped-unless-stated,,operational,,,,,PROTOTYPE-ONLY,NOT-STARTED,NOT-STARTED,NOT-STARTED,NOT-STARTED,ADOPTED-AS-IS,"Named BRD button must map to real action, planned service-backed action, or owner decision",P5,docs/architecture/prototype-parity/,M15 inventory/asset
brdbtn_9ae8057b6ba8,public/pulse-html-prototype.html,"{""file"": ""public/pulse-html-prototype.html"", ""startOffset"": 504373, ""endOffset"": 629806, ""startLine"": 2870, ""endLine"": 2870}",brd,M15,Assets,/inventory-assets,,"Inventory, Suppliers, Finance & Assets",Named action: Suspend Supplier,"Manage stock levels, transfers, supplier invoice review, supplier/contract governance, non-patient finance approvals, clinic assets, biomedical equipment and printer fleet lifecycle without duplicating patient billing.",Suspend Supplier,service-backed transition required for final claim,,,clinic-scoped-unless-stated,,operational,,,,,PROTOTYPE-ONLY,NOT-STARTED,NOT-STARTED,NOT-STARTED,NOT-STARTED,ADOPTED-AS-IS,"Named BRD button must map to real action, planned service-backed action, or owner decision",P5,docs/architecture/prototype-parity/,M15 inventory/asset
brdflow_ad67200fed06,public/pulse-html-prototype.html,"{""file"": ""public/pulse-html-prototype.html"", ""startOffset"": 504373, ""endOffset"": 629806, ""startLine"": 2870, ""endLine"": 2870}",brd,M15,Assets,/inventory-assets,,"Inventory, Suppliers, Finance & Assets",Workflow: Low-stock reorder,Low-stock reorder,,"Inventory owner opens Low Stock & Orders and reviews items b > User selects items and clicks Create Purchase Request. > The request groups items by supplier and clinic and shows ex > Authorised manager approves or adjusts the request. > On delivery, user clicks Receive Stock, records quantities a",,,clinic-scoped-unless-stated,,operational,,,,,PROTOTYPE-ONLY,NOT-STARTED,NOT-STARTED,NOT-STARTED,NOT-STARTED,ADOPTED-AS-IS,Core,P5,docs/architecture/prototype-parity/,M15 inventory/asset
brdflow_449093b431f4,public/pulse-html-prototype.html,"{""file"": ""public/pulse-html-prototype.html"", ""startOffset"": 504373, ""endOffset"": 629806, ""startLine"": 2870, ""endLine"": 2870}",brd,M15,Assets,/inventory-assets,,"Inventory, Suppliers, Finance & Assets",Workflow: Supplier invoice OCR,Supplier invoice OCR,,"Finance/inventory user opens Invoice OCR and uploads an invo > The split view displays extracted supplier, invoice number/d > User corrects fields and links items, order and clinic. > Duplicate and price-change warnings are reviewed and resolve > User submits for approval; after approval, invoice register  > The original invoice and approved extract remain linked.",,,clinic-scoped-unless-stated,,operational,,,,,PROTOTYPE-ONLY,NOT-STARTED,NOT-STARTED,NOT-STARTED,NOT-STARTED,ADOPTED-AS-IS,Core,P5,docs/architecture/prototype-parity/,M15 inventory/asset
brdflow_9bfee90eb580,public/pulse-html-prototype.html,"{""file"": ""public/pulse-html-prototype.html"", ""startOffset"": 504373, ""endOffset"": 629806, ""startLine"": 2870, ""endLine"": 2870}",brd,M15,Assets,/inventory-assets,,"Inventory, Suppliers, Finance & Assets",Workflow: Inter-clinic stock transfer,Inter-clinic stock transfer,,"User opens Transfers & Adjustments and clicks Transfer Stock > The form captures source clinic, destination clinic, items,  > Source owner dispatches and destination owner receives. > Any discrepancy requires reason and manager review. > Both clinic balances and the movement history update after r",,,clinic-scoped-unless-stated,,operational,,,,,PROTOTYPE-ONLY,NOT-STARTED,NOT-STARTED,NOT-STARTED,NOT-STARTED,ADOPTED-AS-IS,Core,P5,docs/architecture/prototype-parity/,M15 inventory/asset
brdflow_6d76513698ad,public/pulse-html-prototype.html,"{""file"": ""public/pulse-html-prototype.html"", ""startOffset"": 504373, ""endOffset"": 629806, ""startLine"": 2870, ""endLine"": 2870}",brd,M15,Assets,/inventory-assets,,"Inventory, Suppliers, Finance & Assets",Workflow: Add and service an asset,Add and service an asset,,"Asset owner opens Assets & Equipment and clicks Add Asset. > The wizard captures category, criticality, clinic/room, owne > A QR label is generated and the asset becomes Active. > Before service due date, an action appears in Service Calend > Service completion records provider, date, outcome, evidence",,,clinic-scoped-unless-stated,,operational,,,,,PROTOTYPE-ONLY,NOT-STARTED,NOT-STARTED,NOT-STARTED,NOT-STARTED,ADOPTED-AS-IS,Core,P5,docs/architecture/prototype-parity/,M15 inventory/asset
brdflow_1f526da48af5,public/pulse-html-prototype.html,"{""file"": ""public/pulse-html-prototype.html"", ""startOffset"": 504373, ""endOffset"": 629806, ""startLine"": 2870, ""endLine"": 2870}",brd,M15,Assets,/inventory-assets,,"Inventory, Suppliers, Finance & Assets",Workflow: Add and manage a printer,Add and manage a printer,,"IT/asset user opens Printers and clicks Add Printer. > The form captures physical, asset, network, queue, driver, t > User saves and performs a readiness review; incomplete opera > Toner and service due alerts appear in the module and Action > A fault can be raised directly from the printer profile and ",,,clinic-scoped-unless-stated,,operational,,,,,PROTOTYPE-ONLY,NOT-STARTED,NOT-STARTED,NOT-STARTED,NOT-STARTED,ADOPTED-AS-IS,Core,P5,docs/architecture/prototype-parity/,M15 inventory/asset
brdflow_b0ed022daa12,public/pulse-html-prototype.html,"{""file"": ""public/pulse-html-prototype.html"", ""startOffset"": 504373, ""endOffset"": 629806, ""startLine"": 2870, ""endLine"": 2870}",brd,M15,Assets,/inventory-assets,,"Inventory, Suppliers, Finance & Assets",Workflow: Supplier contract review,Supplier contract review,,"Contract owner opens Suppliers & Contracts and selects a con > The review screen shows spend, tickets, SLA, price changes,  > Owner records Renew, Renegotiate, Replace or End recommendat > Required approval and follow-up actions are assigned. > The outcome, new dates and documents are stored in contract ",,,clinic-scoped-unless-stated,,operational,,,,,PROTOTYPE-ONLY,NOT-STARTED,NOT-STARTED,NOT-STARTED,NOT-STARTED,ADOPTED-AS-IS,Core,P5,docs/architecture/prototype-parity/,M15 inventory/asset
brdflow_37450de7ac3d,public/pulse-html-prototype.html,"{""file"": ""public/pulse-html-prototype.html"", ""startOffset"": 504373, ""endOffset"": 629806, ""startLine"": 2870, ""endLine"": 2870}",brd,M15,Assets,/inventory-assets,,"Inventory, Suppliers, Finance & Assets","Workflow: Stocktake, Expiry, Batch Recall and Product Return","Stocktake, Expiry, Batch Recall and Product Return",,"Manager creates a full or cycle stocktake and assigns count  > Staff count items and submit quantities and notes. > The platform compares counted and recorded quantities and cr > Authorised manager approves adjustments and the stock balanc > For expiry or recall, the owner selects the affected item/ba > Affected stock is quarantined and made unavailable for norma > The owner records return to supplier, transfer, write-off or > Completion evidence and unresolved quantities are reviewed b",,,clinic-scoped-unless-stated,,operational,,,,,PROTOTYPE-ONLY,NOT-STARTED,NOT-STARTED,NOT-STARTED,NOT-STARTED,ADOPTED-AS-IS,Expanded,P5,docs/architecture/prototype-parity/,M15 inventory/asset
brdflow_1e33e8be4cf8,public/pulse-html-prototype.html,"{""file"": ""public/pulse-html-prototype.html"", ""startOffset"": 504373, ""endOffset"": 629806, ""startLine"": 2870, ""endLine"": 2870}",brd,M15,Assets,/inventory-assets,,"Inventory, Suppliers, Finance & Assets","Workflow: Supplier Onboarding, Quote Comparison and Supplier Suspension","Supplier Onboarding, Quote Comparison and Supplier Suspension",,"Owner clicks Onboard Supplier and completes identity, contac > Required due-diligence items are assigned for review. > Where procurement comparison is required, quotes are entered > Approver records the selected supplier and rationale. > Approved supplier becomes selectable for permitted work and  > Expired evidence, serious performance issues or incidents tr > Authorised manager suspends, reinstates or ends the supplier",,,clinic-scoped-unless-stated,,operational,,,,,PROTOTYPE-ONLY,NOT-STARTED,NOT-STARTED,NOT-STARTED,NOT-STARTED,ADOPTED-AS-IS,Expanded,P5,docs/architecture/prototype-parity/,M15 inventory/asset
brdflow_45f8331c01d1,public/pulse-html-prototype.html,"{""file"": ""public/pulse-html-prototype.html"", ""startOffset"": 504373, ""endOffset"": 629806, ""startLine"": 2870, ""endLine"": 2870}",brd,M15,Assets,/inventory-assets,,"Inventory, Suppliers, Finance & Assets","Workflow: Asset Assignment, Loan, Loss, Return and Decommissioning","Asset Assignment, Loan, Loss, Return and Decommissioning",,"Asset owner selects an active asset and clicks Assign / Loan > Holder, clinic, issue date, expected return date and conditi > Recipient acknowledges receipt and any use conditions. > Transfers and extensions are recorded as new movement events > On return, the asset is inspected and condition/evidence are > If lost or stolen, the user records the event and links an i > For retirement, owner confirms data/access removal, disposal",,,clinic-scoped-unless-stated,,operational,,,,,PROTOTYPE-ONLY,NOT-STARTED,NOT-STARTED,NOT-STARTED,NOT-STARTED,ADOPTED-AS-IS,Expanded,P5,docs/architecture/prototype-parity/,M15 inventory/asset
brdrule_c8715ef272b3,public/pulse-html-prototype.html,,brd,M15,Assets,/inventory-assets,,,Business rule,"Stock adjustments, transfers, write-offs and invoice approvals require reason and history.",,,,,clinic-scoped-unless-stated,,operational,,,,,PROTOTYPE-ONLY,NOT-STARTED,NOT-STARTED,NOT-STARTED,NOT-STARTED,ADOPTED-AS-IS,BRD business rule,P5,docs/architecture/prototype-parity/,
brdrule_8823e17cb7e4,public/pulse-html-prototype.html,,brd,M15,Assets,/inventory-assets,,,Business rule,OCR results do not update stock or finance records until reviewed and approved.,,,,,clinic-scoped-unless-stated,,operational,,,,,PROTOTYPE-ONLY,NOT-STARTED,NOT-STARTED,NOT-STARTED,NOT-STARTED,ADOPTED-AS-IS,BRD business rule,P5,docs/architecture/prototype-parity/,
brdrule_e7bb2ccfefa4,public/pulse-html-prototype.html,,brd,M15,Assets,/inventory-assets,,,Business rule,"Duplicate invoice number, repeated total and unusual price movement are flagged for review.",,,,,clinic-scoped-unless-stated,,operational,,,,,PROTOTYPE-ONLY,NOT-STARTED,NOT-STARTED,NOT-STARTED,NOT-STARTED,ADOPTED-AS-IS,BRD business rule,P5,docs/architecture/prototype-parity/,
brdrule_22435e1e30f4,public/pulse-html-prototype.html,,brd,M15,Assets,/inventory-assets,,,Business rule,"Critical assets require owner, service/calibration rule and escalation for overdue service.",,,,,clinic-scoped-unless-stated,,operational,,,,,PROTOTYPE-ONLY,NOT-STARTED,NOT-STARTED,NOT-STARTED,NOT-STARTED,ADOPTED-AS-IS,BRD business rule,P5,docs/architecture/prototype-parity/,
brdrule_9617e59cff10,public/pulse-html-prototype.html,,brd,M15,Assets,/inventory-assets,,,Business rule,Printer records must support operational fallback and linked work-order history.,,,,,clinic-scoped-unless-stated,,operational,,,,,PROTOTYPE-ONLY,NOT-STARTED,NOT-STARTED,NOT-STARTED,NOT-STARTED,ADOPTED-AS-IS,BRD business rule,P5,docs/architecture/prototype-parity/,
brdrule_668a706bf31c,public/pulse-html-prototype.html,,brd,M15,Assets,/inventory-assets,,,Business rule,Supplier and contract reviews create actions before expiry or renewal dates.,,,,,clinic-scoped-unless-stated,,operational,,,,,PROTOTYPE-ONLY,NOT-STARTED,NOT-STARTED,NOT-STARTED,NOT-STARTED,ADOPTED-AS-IS,BRD business rule,P5,docs/architecture/prototype-parity/,
brdvis_88f50c61c408,public/pulse-html-prototype.html,,brd,M15,Assets,/inventory-assets,,,Visual requirement,"Stock cards with on-hand, PAR, reorder, clinic and criticality.",,,,,clinic-scoped-unless-stated,,operational,,,,,PROTOTYPE-ONLY,NOT-STARTED,NOT-STARTED,NOT-STARTED,NOT-STARTED,ADOPTED-AS-IS,BRD visual requirement; final PNG prevails where image exists,P5,docs/architecture/prototype-parity/,M15 inventory/asset
brdvis_7c60ccb0156a,public/pulse-html-prototype.html,,brd,M15,Assets,/inventory-assets,,,Visual requirement,OCR split view showing invoice image and editable extracted fields with confidence flags.,,,,,clinic-scoped-unless-stated,,operational,,,,,PROTOTYPE-ONLY,NOT-STARTED,NOT-STARTED,NOT-STARTED,NOT-STARTED,ADOPTED-AS-IS,BRD visual requirement; final PNG prevails where image exists,P5,docs/architecture/prototype-parity/,M15 inventory/asset
brdvis_9bb0a7819764,public/pulse-html-prototype.html,,brd,M15,Assets,/inventory-assets,,,Visual requirement,Duplicate and price-change warning panel.,,,,,clinic-scoped-unless-stated,,operational,,,,,PROTOTYPE-ONLY,NOT-STARTED,NOT-STARTED,NOT-STARTED,NOT-STARTED,ADOPTED-AS-IS,BRD visual requirement; final PNG prevails where image exists,P5,docs/architecture/prototype-parity/,M15 inventory/asset
brdvis_41dcb50a66e3,public/pulse-html-prototype.html,,brd,M15,Assets,/inventory-assets,,,Visual requirement,"Asset profile with QR, location/room, owner, warranty, service and linked tickets.",,,,,clinic-scoped-unless-stated,,operational,,,,,PROTOTYPE-ONLY,NOT-STARTED,NOT-STARTED,NOT-STARTED,NOT-STARTED,ADOPTED-AS-IS,BRD visual requirement; final PNG prevails where image exists,P5,docs/architecture/prototype-parity/,M15 inventory/asset
brdvis_bf906bd0a919,public/pulse-html-prototype.html,,brd,M15,Assets,/inventory-assets,,,Visual requirement,"Printer profile fields: clinic, room, brand/model, serial/asset ID, hostname, IP address, network segment, connection path, print queue, driver, toner levels, counters, fallback printer, supplier/support and service due date.",,,,,clinic-scoped-unless-stated,,operational,,,,,PROTOTYPE-ONLY,NOT-STARTED,NOT-STARTED,NOT-STARTED,NOT-STARTED,ADOPTED-AS-IS,BRD visual requirement; final PNG prevails where image exists,P5,docs/architecture/prototype-parity/,M15 inventory/asset
brdout_9741a8ad284d,public/pulse-html-prototype.html,,brd,M15,Assets,/inventory-assets,,,Output/measure,Inventory and low-stock reports,,,,,clinic-scoped-unless-stated,,operational,,,,,PROTOTYPE-ONLY,NOT-STARTED,NOT-STARTED,NOT-STARTED,NOT-STARTED,ADOPTED-AS-IS,BRD output/measure,P5,docs/architecture/prototype-parity/,
brdout_3415ecd59c0f,public/pulse-html-prototype.html,,brd,M15,Assets,/inventory-assets,,,Output/measure,Stock movement and adjustment register,,,,,clinic-scoped-unless-stated,,operational,,,,,PROTOTYPE-ONLY,NOT-STARTED,NOT-STARTED,NOT-STARTED,NOT-STARTED,ADOPTED-AS-IS,BRD output/measure,P5,docs/architecture/prototype-parity/,
brdout_5d0c0ba924df,public/pulse-html-prototype.html,,brd,M15,Assets,/inventory-assets,,,Output/measure,Supplier invoice and OCR extract register,,,,,clinic-scoped-unless-stated,,operational,,,,,PROTOTYPE-ONLY,NOT-STARTED,NOT-STARTED,NOT-STARTED,NOT-STARTED,ADOPTED-AS-IS,BRD output/measure,P5,docs/architecture/prototype-parity/,
brdout_1459e3f16178,public/pulse-html-prototype.html,,brd,M15,Assets,/inventory-assets,,,Output/measure,Duplicate/price anomaly report,,,,,clinic-scoped-unless-stated,,operational,,,,,PROTOTYPE-ONLY,NOT-STARTED,NOT-STARTED,NOT-STARTED,NOT-STARTED,ADOPTED-AS-IS,BRD output/measure,P5,docs/architecture/prototype-parity/,
brdout_743fd13476b8,public/pulse-html-prototype.html,,brd,M15,Assets,/inventory-assets,,,Output/measure,Supplier and contract review report,,,,,clinic-scoped-unless-stated,,operational,,,,,PROTOTYPE-ONLY,NOT-STARTED,NOT-STARTED,NOT-STARTED,NOT-STARTED,ADOPTED-AS-IS,BRD output/measure,P5,docs/architecture/prototype-parity/,
brdout_802a63680697,public/pulse-html-prototype.html,,brd,M15,Assets,/inventory-assets,,,Output/measure,Asset and printer fleet registers,,,,,clinic-scoped-unless-stated,,operational,,,,,PROTOTYPE-ONLY,NOT-STARTED,NOT-STARTED,NOT-STARTED,NOT-STARTED,ADOPTED-AS-IS,BRD output/measure,P5,docs/architecture/prototype-parity/,
brdout_9133224e1953,public/pulse-html-prototype.html,,brd,M15,Assets,/inventory-assets,,,Output/measure,Service/calibration and replacement plans,,,,,clinic-scoped-unless-stated,,operational,,,,,PROTOTYPE-ONLY,NOT-STARTED,NOT-STARTED,NOT-STARTED,NOT-STARTED,ADOPTED-AS-IS,BRD output/measure,P5,docs/architecture/prototype-parity/,
brdout_e73dbb683627,public/pulse-html-prototype.html,,brd,M15,Assets,/inventory-assets,,,Output/measure,Measure: critical stockouts,,,,,clinic-scoped-unless-stated,,operational,,,,,PROTOTYPE-ONLY,NOT-STARTED,NOT-STARTED,NOT-STARTED,NOT-STARTED,ADOPTED-AS-IS,BRD output/measure,P5,docs/architecture/prototype-parity/,
brdout_e3081bd6890b,public/pulse-html-prototype.html,,brd,M15,Assets,/inventory-assets,,,Output/measure,Measure: overdue critical asset service,,,,,clinic-scoped-unless-stated,,operational,,,,,PROTOTYPE-ONLY,NOT-STARTED,NOT-STARTED,NOT-STARTED,NOT-STARTED,ADOPTED-AS-IS,BRD output/measure,P5,docs/architecture/prototype-parity/,
brdmod_080d97fd2b30,public/pulse-html-prototype.html,"{""file"": ""public/pulse-html-prototype.html"", ""startOffset"": 504373, ""endOffset"": 629806, ""startLine"": 2870, ""endLine"": 2870}",brd,M16,Governance,/incidents-risk,,"Incidents, Complaints, Risk & Continuity","BRD module M16: Incidents, Complaints, Risk & Continuity","Capture operational and non-clinical incidents, complaints, risks, privacy/cyber events and downtime; support triage, investigation, RCA/CAPA, business continuity and evidence-based closure.",,,,"All Staff as reporters, Practice Managers, Operations / Risk, Privacy / Security Owners, Owners, Quality Leads",clinic-scoped-unless-stated,"Operational incident, complaint classification, risk, continuity, emergency coordination",operational,,src/modules/m16-*/ + module-register,,,IN-DEVELOPMENT,IN-DEVELOPMENT,NOT-STARTED,NOT-STARTED,NOT-STARTED,ADOPTED-AS-IS,Partial/seed; no patient records,P5,docs/architecture/prototype-parity/,M12 governance/audit
brdtab_d78ed6e57ca5,public/pulse-html-prototype.html,"{""file"": ""public/pulse-html-prototype.html"", ""startOffset"": 504373, ""endOffset"": 629806, ""startLine"": 2870, ""endLine"": 2870}",brd,M16,Governance,/incidents-risk,"/incidents-risk?section=Report — Guided incident, complaint or risk submission.","Report — Guided incident, complaint or risk submission.","Tab: Report — Guided incident, complaint or risk submission.","Capture operational and non-clinical incidents, complaints, risks, privacy/cyber events and downtime; support triage, investigation, RCA/CAPA, business continuity and evidence-based closure.","Report — Guided incident, complaint or risk submission.",,,,clinic-scoped-unless-stated,,operational,,,,,IN-DEVELOPMENT,IN-DEVELOPMENT,NOT-STARTED,NOT-STARTED,NOT-STARTED,ADOPTED-AS-IS,BRD tab retained in canonical screen register,P5,docs/architecture/prototype-parity/,M12 governance/audit
brdtab_c5164eedc922,public/pulse-html-prototype.html,"{""file"": ""public/pulse-html-prototype.html"", ""startOffset"": 504373, ""endOffset"": 629806, ""startLine"": 2870, ""endLine"": 2870}",brd,M16,Governance,/incidents-risk,"/incidents-risk?section=Active Incidents — Triage, severity, ownership and current status.","Active Incidents — Triage, severity, ownership and current status.","Tab: Active Incidents — Triage, severity, ownership and current status.","Capture operational and non-clinical incidents, complaints, risks, privacy/cyber events and downtime; support triage, investigation, RCA/CAPA, business continuity and evidence-based closure.","Active Incidents — Triage, severity, ownership and current status.",,,,clinic-scoped-unless-stated,,operational,,,,,IN-DEVELOPMENT,IN-DEVELOPMENT,NOT-STARTED,NOT-STARTED,NOT-STARTED,ADOPTED-AS-IS,BRD tab retained in canonical screen register,P5,docs/architecture/prototype-parity/,M12 governance/audit
brdtab_19df4bfc46e4,public/pulse-html-prototype.html,"{""file"": ""public/pulse-html-prototype.html"", ""startOffset"": 504373, ""endOffset"": 629806, ""startLine"": 2870, ""endLine"": 2870}",brd,M16,Governance,/incidents-risk,/incidents-risk?section=Complaints — Service complaint handling and response actions.,Complaints — Service complaint handling and response actions.,Tab: Complaints — Service complaint handling and response actions.,"Capture operational and non-clinical incidents, complaints, risks, privacy/cyber events and downtime; support triage, investigation, RCA/CAPA, business continuity and evidence-based closure.",Complaints — Service complaint handling and response actions.,,,,clinic-scoped-unless-stated,,operational,,,,,IN-DEVELOPMENT,IN-DEVELOPMENT,NOT-STARTED,NOT-STARTED,NOT-STARTED,ADOPTED-AS-IS,BRD tab retained in canonical screen register,P5,docs/architecture/prototype-parity/,M12 governance/audit
brdtab_cc9829831552,public/pulse-html-prototype.html,"{""file"": ""public/pulse-html-prototype.html"", ""startOffset"": 504373, ""endOffset"": 629806, ""startLine"": 2870, ""endLine"": 2870}",brd,M16,Governance,/incidents-risk,"/incidents-risk?section=Risk Register — Identified risks, controls, ratings and reviews.","Risk Register — Identified risks, controls, ratings and reviews.","Tab: Risk Register — Identified risks, controls, ratings and reviews.","Capture operational and non-clinical incidents, complaints, risks, privacy/cyber events and downtime; support triage, investigation, RCA/CAPA, business continuity and evidence-based closure.","Risk Register — Identified risks, controls, ratings and reviews.",,,,clinic-scoped-unless-stated,,operational,,,,,IN-DEVELOPMENT,IN-DEVELOPMENT,NOT-STARTED,NOT-STARTED,NOT-STARTED,ADOPTED-AS-IS,BRD tab retained in canonical screen register,P5,docs/architecture/prototype-parity/,M12 governance/audit
brdtab_41c76800d402,public/pulse-html-prototype.html,"{""file"": ""public/pulse-html-prototype.html"", ""startOffset"": 504373, ""endOffset"": 629806, ""startLine"": 2870, ""endLine"": 2870}",brd,M16,Governance,/incidents-risk,"/incidents-risk?section=Investigations — Evidence, interviews, chronology and findings.","Investigations — Evidence, interviews, chronology and findings.","Tab: Investigations — Evidence, interviews, chronology and findings.","Capture operational and non-clinical incidents, complaints, risks, privacy/cyber events and downtime; support triage, investigation, RCA/CAPA, business continuity and evidence-based closure.","Investigations — Evidence, interviews, chronology and findings.",,,,clinic-scoped-unless-stated,,operational,,,,,IN-DEVELOPMENT,IN-DEVELOPMENT,NOT-STARTED,NOT-STARTED,NOT-STARTED,ADOPTED-AS-IS,BRD tab retained in canonical screen register,P5,docs/architecture/prototype-parity/,M12 governance/audit
brdtab_92c86ddfec62,public/pulse-html-prototype.html,"{""file"": ""public/pulse-html-prototype.html"", ""startOffset"": 504373, ""endOffset"": 629806, ""startLine"": 2870, ""endLine"": 2870}",brd,M16,Governance,/incidents-risk,"/incidents-risk?section=RCA / CAPA — Root cause, corrective and preventive actions.","RCA / CAPA — Root cause, corrective and preventive actions.","Tab: RCA / CAPA — Root cause, corrective and preventive actions.","Capture operational and non-clinical incidents, complaints, risks, privacy/cyber events and downtime; support triage, investigation, RCA/CAPA, business continuity and evidence-based closure.","RCA / CAPA — Root cause, corrective and preventive actions.",,,,clinic-scoped-unless-stated,,operational,,,,,IN-DEVELOPMENT,IN-DEVELOPMENT,NOT-STARTED,NOT-STARTED,NOT-STARTED,ADOPTED-AS-IS,BRD tab retained in canonical screen register,P5,docs/architecture/prototype-parity/,M12 governance/audit
brdtab_9cf5ddcd4237,public/pulse-html-prototype.html,"{""file"": ""public/pulse-html-prototype.html"", ""startOffset"": 504373, ""endOffset"": 629806, ""startLine"": 2870, ""endLine"": 2870}",brd,M16,Governance,/incidents-risk,"/incidents-risk?section=Business Continuity — Plans, contacts, critical services and exercises.","Business Continuity — Plans, contacts, critical services and exercises.","Tab: Business Continuity — Plans, contacts, critical services and exercises.","Capture operational and non-clinical incidents, complaints, risks, privacy/cyber events and downtime; support triage, investigation, RCA/CAPA, business continuity and evidence-based closure.","Business Continuity — Plans, contacts, critical services and exercises.",,,,clinic-scoped-unless-stated,,operational,,,,,IN-DEVELOPMENT,IN-DEVELOPMENT,NOT-STARTED,NOT-STARTED,NOT-STARTED,ADOPTED-AS-IS,BRD tab retained in canonical screen register,P5,docs/architecture/prototype-parity/,M12 governance/audit
brdtab_15a54d2624de,public/pulse-html-prototype.html,"{""file"": ""public/pulse-html-prototype.html"", ""startOffset"": 504373, ""endOffset"": 629806, ""startLine"": 2870, ""endLine"": 2870}",brd,M16,Governance,/incidents-risk,"/incidents-risk?section=Downtime Events — Activation, impact, recovery and review.","Downtime Events — Activation, impact, recovery and review.","Tab: Downtime Events — Activation, impact, recovery and review.","Capture operational and non-clinical incidents, complaints, risks, privacy/cyber events and downtime; support triage, investigation, RCA/CAPA, business continuity and evidence-based closure.","Downtime Events — Activation, impact, recovery and review.",,,,clinic-scoped-unless-stated,,operational,,,,,IN-DEVELOPMENT,IN-DEVELOPMENT,NOT-STARTED,NOT-STARTED,NOT-STARTED,ADOPTED-AS-IS,BRD tab retained in canonical screen register,P5,docs/architecture/prototype-parity/,M12 governance/audit
brdtab_b65a7a828cbc,public/pulse-html-prototype.html,"{""file"": ""public/pulse-html-prototype.html"", ""startOffset"": 504373, ""endOffset"": 629806, ""startLine"": 2870, ""endLine"": 2870}",brd,M16,Governance,/incidents-risk,"/incidents-risk?section=Privacy / Cyber — Suspected breach, containment, assessment and actions.","Privacy / Cyber — Suspected breach, containment, assessment and actions.","Tab: Privacy / Cyber — Suspected breach, containment, assessment and actions.","Capture operational and non-clinical incidents, complaints, risks, privacy/cyber events and downtime; support triage, investigation, RCA/CAPA, business continuity and evidence-based closure.","Privacy / Cyber — Suspected breach, containment, assessment and actions.",,,,clinic-scoped-unless-stated,,operational,,,,,IN-DEVELOPMENT,IN-DEVELOPMENT,NOT-STARTED,NOT-STARTED,NOT-STARTED,ADOPTED-AS-IS,BRD tab retained in canonical screen register,P5,docs/architecture/prototype-parity/,M12 governance/audit
brdtab_9c97588925cf,public/pulse-html-prototype.html,"{""file"": ""public/pulse-html-prototype.html"", ""startOffset"": 504373, ""endOffset"": 629806, ""startLine"": 2870, ""endLine"": 2870}",brd,M16,Governance,/incidents-risk,"/incidents-risk?section=Lessons & Trends — Themes, recurrence and linked improvement work.","Lessons & Trends — Themes, recurrence and linked improvement work.","Tab: Lessons & Trends — Themes, recurrence and linked improvement work.","Capture operational and non-clinical incidents, complaints, risks, privacy/cyber events and downtime; support triage, investigation, RCA/CAPA, business continuity and evidence-based closure.","Lessons & Trends — Themes, recurrence and linked improvement work.",,,,clinic-scoped-unless-stated,,operational,,,,,IN-DEVELOPMENT,IN-DEVELOPMENT,NOT-STARTED,NOT-STARTED,NOT-STARTED,ADOPTED-AS-IS,BRD tab retained in canonical screen register,P5,docs/architecture/prototype-parity/,M12 governance/audit
brdtab_521f41efd5a8,public/pulse-html-prototype.html,"{""file"": ""public/pulse-html-prototype.html"", ""startOffset"": 504373, ""endOffset"": 629806, ""startLine"": 2870, ""endLine"": 2870}",brd,M16,Governance,/incidents-risk,/incidents-risk?section=Near Miss & Confidential Reporting — Near-miss capture and approved confidential/anonymous reporting pathways.,Near Miss & Confidential Reporting — Near-miss capture and approved confidential/anonymous reporting pathways.,Tab: Near Miss & Confidential Reporting — Near-miss capture and approved confidential/anonymous reporting pathways.,"Capture operational and non-clinical incidents, complaints, risks, privacy/cyber events and downtime; support triage, investigation, RCA/CAPA, business continuity and evidence-based closure.",Near Miss & Confidential Reporting — Near-miss capture and approved confidential/anonymous reporting pathways.,,,,clinic-scoped-unless-stated,,operational,,,,,IN-DEVELOPMENT,IN-DEVELOPMENT,NOT-STARTED,NOT-STARTED,NOT-STARTED,ADOPTED-AS-IS,BRD tab retained in canonical screen register,P5,docs/architecture/prototype-parity/,M12 governance/audit
brdtab_30d77243b8b0,public/pulse-html-prototype.html,"{""file"": ""public/pulse-html-prototype.html"", ""startOffset"": 504373, ""endOffset"": 629806, ""startLine"": 2870, ""endLine"": 2870}",brd,M16,Governance,/incidents-risk,"/incidents-risk?section=Continuity Exercises — Scenario-based tests for power, internet, phone, practice-system, building, weather, staffing and cyber disruption.","Continuity Exercises — Scenario-based tests for power, internet, phone, practice-system, building, weather, staffing and cyber disruption.","Tab: Continuity Exercises — Scenario-based tests for power, internet, phone, practice-system, building, weather, staffing and cyber disruption.","Capture operational and non-clinical incidents, complaints, risks, privacy/cyber events and downtime; support triage, investigation, RCA/CAPA, business continuity and evidence-based closure.","Continuity Exercises — Scenario-based tests for power, internet, phone, practice-system, building, weather, staffing and cyber disruption.",,,,clinic-scoped-unless-stated,,operational,,,,,IN-DEVELOPMENT,IN-DEVELOPMENT,NOT-STARTED,NOT-STARTED,NOT-STARTED,ADOPTED-AS-IS,BRD tab retained in canonical screen register,P5,docs/architecture/prototype-parity/,M12 governance/audit
brdbtn_6dbd33bfb962,public/pulse-html-prototype.html,"{""file"": ""public/pulse-html-prototype.html"", ""startOffset"": 504373, ""endOffset"": 629806, ""startLine"": 2870, ""endLine"": 2870}",brd,M16,Governance,/incidents-risk,,"Incidents, Complaints, Risk & Continuity",Named action: Report Incident,"Capture operational and non-clinical incidents, complaints, risks, privacy/cyber events and downtime; support triage, investigation, RCA/CAPA, business continuity and evidence-based closure.",Report Incident,service-backed transition required for final claim,,,clinic-scoped-unless-stated,,operational,,,,,PROTOTYPE-ONLY,IN-DEVELOPMENT,NOT-STARTED,NOT-STARTED,NOT-STARTED,ADOPTED-AS-IS,"Named BRD button must map to real action, planned service-backed action, or owner decision",P5,docs/architecture/prototype-parity/,M12 governance/audit
brdbtn_890216e4375d,public/pulse-html-prototype.html,"{""file"": ""public/pulse-html-prototype.html"", ""startOffset"": 504373, ""endOffset"": 629806, ""startLine"": 2870, ""endLine"": 2870}",brd,M16,Governance,/incidents-risk,,"Incidents, Complaints, Risk & Continuity",Named action: Log Complaint,"Capture operational and non-clinical incidents, complaints, risks, privacy/cyber events and downtime; support triage, investigation, RCA/CAPA, business continuity and evidence-based closure.",Log Complaint,service-backed transition required for final claim,,,clinic-scoped-unless-stated,,operational,,,,,PROTOTYPE-ONLY,IN-DEVELOPMENT,NOT-STARTED,NOT-STARTED,NOT-STARTED,ADOPTED-AS-IS,"Named BRD button must map to real action, planned service-backed action, or owner decision",P5,docs/architecture/prototype-parity/,M12 governance/audit
brdbtn_5a358220ae40,public/pulse-html-prototype.html,"{""file"": ""public/pulse-html-prototype.html"", ""startOffset"": 504373, ""endOffset"": 629806, ""startLine"": 2870, ""endLine"": 2870}",brd,M16,Governance,/incidents-risk,,"Incidents, Complaints, Risk & Continuity",Named action: Add Risk,"Capture operational and non-clinical incidents, complaints, risks, privacy/cyber events and downtime; support triage, investigation, RCA/CAPA, business continuity and evidence-based closure.",Add Risk,service-backed transition required for final claim,,,clinic-scoped-unless-stated,,operational,,,,,PROTOTYPE-ONLY,IN-DEVELOPMENT,NOT-STARTED,NOT-STARTED,NOT-STARTED,ADOPTED-AS-IS,"Named BRD button must map to real action, planned service-backed action, or owner decision",P5,docs/architecture/prototype-parity/,M12 governance/audit
brdbtn_eddf76e952a6,public/pulse-html-prototype.html,"{""file"": ""public/pulse-html-prototype.html"", ""startOffset"": 504373, ""endOffset"": 629806, ""startLine"": 2870, ""endLine"": 2870}",brd,M16,Governance,/incidents-risk,,"Incidents, Complaints, Risk & Continuity",Named action: Triage,"Capture operational and non-clinical incidents, complaints, risks, privacy/cyber events and downtime; support triage, investigation, RCA/CAPA, business continuity and evidence-based closure.",Triage,service-backed transition required for final claim,,,clinic-scoped-unless-stated,,operational,,,,,PROTOTYPE-ONLY,IN-DEVELOPMENT,NOT-STARTED,NOT-STARTED,NOT-STARTED,ADOPTED-AS-IS,"Named BRD button must map to real action, planned service-backed action, or owner decision",P5,docs/architecture/prototype-parity/,M12 governance/audit
brdbtn_38b38537d80a,public/pulse-html-prototype.html,"{""file"": ""public/pulse-html-prototype.html"", ""startOffset"": 504373, ""endOffset"": 629806, ""startLine"": 2870, ""endLine"": 2870}",brd,M16,Governance,/incidents-risk,,"Incidents, Complaints, Risk & Continuity",Named action: Set Severity,"Capture operational and non-clinical incidents, complaints, risks, privacy/cyber events and downtime; support triage, investigation, RCA/CAPA, business continuity and evidence-based closure.",Set Severity,service-backed transition required for final claim,,,clinic-scoped-unless-stated,,operational,,,,,PROTOTYPE-ONLY,IN-DEVELOPMENT,NOT-STARTED,NOT-STARTED,NOT-STARTED,ADOPTED-AS-IS,"Named BRD button must map to real action, planned service-backed action, or owner decision",P5,docs/architecture/prototype-parity/,M12 governance/audit
brdbtn_b49f59298cb0,public/pulse-html-prototype.html,"{""file"": ""public/pulse-html-prototype.html"", ""startOffset"": 504373, ""endOffset"": 629806, ""startLine"": 2870, ""endLine"": 2870}",brd,M16,Governance,/incidents-risk,,"Incidents, Complaints, Risk & Continuity",Named action: Assign Investigator,"Capture operational and non-clinical incidents, complaints, risks, privacy/cyber events and downtime; support triage, investigation, RCA/CAPA, business continuity and evidence-based closure.",Assign Investigator,service-backed transition required for final claim,,,clinic-scoped-unless-stated,,operational,,,,,PROTOTYPE-ONLY,IN-DEVELOPMENT,NOT-STARTED,NOT-STARTED,NOT-STARTED,ADOPTED-AS-IS,"Named BRD button must map to real action, planned service-backed action, or owner decision",P5,docs/architecture/prototype-parity/,M12 governance/audit
brdbtn_63255aec3203,public/pulse-html-prototype.html,"{""file"": ""public/pulse-html-prototype.html"", ""startOffset"": 504373, ""endOffset"": 629806, ""startLine"": 2870, ""endLine"": 2870}",brd,M16,Governance,/incidents-risk,,"Incidents, Complaints, Risk & Continuity",Named action: Add Evidence,"Capture operational and non-clinical incidents, complaints, risks, privacy/cyber events and downtime; support triage, investigation, RCA/CAPA, business continuity and evidence-based closure.",Add Evidence,service-backed transition required for final claim,,,clinic-scoped-unless-stated,,operational,,,,,PROTOTYPE-ONLY,IN-DEVELOPMENT,NOT-STARTED,NOT-STARTED,NOT-STARTED,ADOPTED-AS-IS,"Named BRD button must map to real action, planned service-backed action, or owner decision",P5,docs/architecture/prototype-parity/,M12 governance/audit
brdbtn_92d8764569b0,public/pulse-html-prototype.html,"{""file"": ""public/pulse-html-prototype.html"", ""startOffset"": 504373, ""endOffset"": 629806, ""startLine"": 2870, ""endLine"": 2870}",brd,M16,Governance,/incidents-risk,,"Incidents, Complaints, Risk & Continuity",Named action: Start RCA,"Capture operational and non-clinical incidents, complaints, risks, privacy/cyber events and downtime; support triage, investigation, RCA/CAPA, business continuity and evidence-based closure.",Start RCA,service-backed transition required for final claim,,,clinic-scoped-unless-stated,,operational,,,,,PROTOTYPE-ONLY,IN-DEVELOPMENT,NOT-STARTED,NOT-STARTED,NOT-STARTED,ADOPTED-AS-IS,"Named BRD button must map to real action, planned service-backed action, or owner decision",P5,docs/architecture/prototype-parity/,M12 governance/audit
brdbtn_606912d887ac,public/pulse-html-prototype.html,"{""file"": ""public/pulse-html-prototype.html"", ""startOffset"": 504373, ""endOffset"": 629806, ""startLine"": 2870, ""endLine"": 2870}",brd,M16,Governance,/incidents-risk,,"Incidents, Complaints, Risk & Continuity",Named action: Create CAPA,"Capture operational and non-clinical incidents, complaints, risks, privacy/cyber events and downtime; support triage, investigation, RCA/CAPA, business continuity and evidence-based closure.",Create CAPA,service-backed transition required for final claim,,,clinic-scoped-unless-stated,,operational,,,,,PROTOTYPE-ONLY,IN-DEVELOPMENT,NOT-STARTED,NOT-STARTED,NOT-STARTED,ADOPTED-AS-IS,"Named BRD button must map to real action, planned service-backed action, or owner decision",P5,docs/architecture/prototype-parity/,M12 governance/audit
brdbtn_79921fc46d90,public/pulse-html-prototype.html,"{""file"": ""public/pulse-html-prototype.html"", ""startOffset"": 504373, ""endOffset"": 629806, ""startLine"": 2870, ""endLine"": 2870}",brd,M16,Governance,/incidents-risk,,"Incidents, Complaints, Risk & Continuity",Named action: Escalate,"Capture operational and non-clinical incidents, complaints, risks, privacy/cyber events and downtime; support triage, investigation, RCA/CAPA, business continuity and evidence-based closure.",Escalate,service-backed transition required for final claim,,,clinic-scoped-unless-stated,,operational,,,,,PROTOTYPE-ONLY,IN-DEVELOPMENT,NOT-STARTED,NOT-STARTED,NOT-STARTED,ADOPTED-AS-IS,"Named BRD button must map to real action, planned service-backed action, or owner decision",P5,docs/architecture/prototype-parity/,M12 governance/audit
brdbtn_7b7a5d660c94,public/pulse-html-prototype.html,"{""file"": ""public/pulse-html-prototype.html"", ""startOffset"": 504373, ""endOffset"": 629806, ""startLine"": 2870, ""endLine"": 2870}",brd,M16,Governance,/incidents-risk,,"Incidents, Complaints, Risk & Continuity",Named action: Activate Downtime Plan,"Capture operational and non-clinical incidents, complaints, risks, privacy/cyber events and downtime; support triage, investigation, RCA/CAPA, business continuity and evidence-based closure.",Activate Downtime Plan,service-backed transition required for final claim,,,clinic-scoped-unless-stated,,operational,,,,,PROTOTYPE-ONLY,IN-DEVELOPMENT,NOT-STARTED,NOT-STARTED,NOT-STARTED,ADOPTED-AS-IS,"Named BRD button must map to real action, planned service-backed action, or owner decision",P5,docs/architecture/prototype-parity/,M12 governance/audit
brdbtn_0782f06b2719,public/pulse-html-prototype.html,"{""file"": ""public/pulse-html-prototype.html"", ""startOffset"": 504373, ""endOffset"": 629806, ""startLine"": 2870, ""endLine"": 2870}",brd,M16,Governance,/incidents-risk,,"Incidents, Complaints, Risk & Continuity",Named action: Log Privacy/Cyber Event,"Capture operational and non-clinical incidents, complaints, risks, privacy/cyber events and downtime; support triage, investigation, RCA/CAPA, business continuity and evidence-based closure.",Log Privacy/Cyber Event,service-backed transition required for final claim,,,clinic-scoped-unless-stated,,operational,,,,,PROTOTYPE-ONLY,IN-DEVELOPMENT,NOT-STARTED,NOT-STARTED,NOT-STARTED,ADOPTED-AS-IS,"Named BRD button must map to real action, planned service-backed action, or owner decision",P5,docs/architecture/prototype-parity/,M12 governance/audit
brdbtn_78451503e30c,public/pulse-html-prototype.html,"{""file"": ""public/pulse-html-prototype.html"", ""startOffset"": 504373, ""endOffset"": 629806, ""startLine"": 2870, ""endLine"": 2870}",brd,M16,Governance,/incidents-risk,,"Incidents, Complaints, Risk & Continuity",Named action: Notify Responsible Owner,"Capture operational and non-clinical incidents, complaints, risks, privacy/cyber events and downtime; support triage, investigation, RCA/CAPA, business continuity and evidence-based closure.",Notify Responsible Owner,service-backed transition required for final claim,,,clinic-scoped-unless-stated,,operational,,,,,PROTOTYPE-ONLY,IN-DEVELOPMENT,NOT-STARTED,NOT-STARTED,NOT-STARTED,ADOPTED-AS-IS,"Named BRD button must map to real action, planned service-backed action, or owner decision",P5,docs/architecture/prototype-parity/,M12 governance/audit
brdbtn_17aab415c2c6,public/pulse-html-prototype.html,"{""file"": ""public/pulse-html-prototype.html"", ""startOffset"": 504373, ""endOffset"": 629806, ""startLine"": 2870, ""endLine"": 2870}",brd,M16,Governance,/incidents-risk,,"Incidents, Complaints, Risk & Continuity",Named action: Submit Closure,"Capture operational and non-clinical incidents, complaints, risks, privacy/cyber events and downtime; support triage, investigation, RCA/CAPA, business continuity and evidence-based closure.",Submit Closure,service-backed transition required for final claim,,,clinic-scoped-unless-stated,,operational,,,,,PROTOTYPE-ONLY,IN-DEVELOPMENT,NOT-STARTED,NOT-STARTED,NOT-STARTED,ADOPTED-AS-IS,"Named BRD button must map to real action, planned service-backed action, or owner decision",P5,docs/architecture/prototype-parity/,M12 governance/audit
brdbtn_922a9a09860c,public/pulse-html-prototype.html,"{""file"": ""public/pulse-html-prototype.html"", ""startOffset"": 504373, ""endOffset"": 629806, ""startLine"": 2870, ""endLine"": 2870}",brd,M16,Governance,/incidents-risk,,"Incidents, Complaints, Risk & Continuity",Named action: Approve Closure,"Capture operational and non-clinical incidents, complaints, risks, privacy/cyber events and downtime; support triage, investigation, RCA/CAPA, business continuity and evidence-based closure.",Approve Closure,service-backed transition required for final claim,,,clinic-scoped-unless-stated,,operational,,,,,PROTOTYPE-ONLY,IN-DEVELOPMENT,NOT-STARTED,NOT-STARTED,NOT-STARTED,ADOPTED-AS-IS,"Named BRD button must map to real action, planned service-backed action, or owner decision",P5,docs/architecture/prototype-parity/,M12 governance/audit
brdbtn_6c55fb7a9724,public/pulse-html-prototype.html,"{""file"": ""public/pulse-html-prototype.html"", ""startOffset"": 504373, ""endOffset"": 629806, ""startLine"": 2870, ""endLine"": 2870}",brd,M16,Governance,/incidents-risk,,"Incidents, Complaints, Risk & Continuity",Named action: Reopen,"Capture operational and non-clinical incidents, complaints, risks, privacy/cyber events and downtime; support triage, investigation, RCA/CAPA, business continuity and evidence-based closure.",Reopen,service-backed transition required for final claim,,,clinic-scoped-unless-stated,,operational,,,,,PROTOTYPE-ONLY,IN-DEVELOPMENT,NOT-STARTED,NOT-STARTED,NOT-STARTED,ADOPTED-AS-IS,"Named BRD button must map to real action, planned service-backed action, or owner decision",P5,docs/architecture/prototype-parity/,M12 governance/audit
brdbtn_3d95a9777d3f,public/pulse-html-prototype.html,"{""file"": ""public/pulse-html-prototype.html"", ""startOffset"": 504373, ""endOffset"": 629806, ""startLine"": 2870, ""endLine"": 2870}",brd,M16,Governance,/incidents-risk,,"Incidents, Complaints, Risk & Continuity",Named action: Report Near Miss,"Capture operational and non-clinical incidents, complaints, risks, privacy/cyber events and downtime; support triage, investigation, RCA/CAPA, business continuity and evidence-based closure.",Report Near Miss,service-backed transition required for final claim,,,clinic-scoped-unless-stated,,operational,,,,,PROTOTYPE-ONLY,IN-DEVELOPMENT,NOT-STARTED,NOT-STARTED,NOT-STARTED,ADOPTED-AS-IS,"Named BRD button must map to real action, planned service-backed action, or owner decision",P5,docs/architecture/prototype-parity/,M12 governance/audit
brdbtn_bc35aa18d681,public/pulse-html-prototype.html,"{""file"": ""public/pulse-html-prototype.html"", ""startOffset"": 504373, ""endOffset"": 629806, ""startLine"": 2870, ""endLine"": 2870}",brd,M16,Governance,/incidents-risk,,"Incidents, Complaints, Risk & Continuity",Named action: Start Continuity Exercise,"Capture operational and non-clinical incidents, complaints, risks, privacy/cyber events and downtime; support triage, investigation, RCA/CAPA, business continuity and evidence-based closure.",Start Continuity Exercise,service-backed transition required for final claim,,,clinic-scoped-unless-stated,,operational,,,,,PROTOTYPE-ONLY,IN-DEVELOPMENT,NOT-STARTED,NOT-STARTED,NOT-STARTED,ADOPTED-AS-IS,"Named BRD button must map to real action, planned service-backed action, or owner decision",P5,docs/architecture/prototype-parity/,M12 governance/audit
brdbtn_3c9f6e446c25,public/pulse-html-prototype.html,"{""file"": ""public/pulse-html-prototype.html"", ""startOffset"": 504373, ""endOffset"": 629806, ""startLine"": 2870, ""endLine"": 2870}",brd,M16,Governance,/incidents-risk,,"Incidents, Complaints, Risk & Continuity",Named action: Record Complaint Review / Escalation,"Capture operational and non-clinical incidents, complaints, risks, privacy/cyber events and downtime; support triage, investigation, RCA/CAPA, business continuity and evidence-based closure.",Record Complaint Review / Escalation,service-backed transition required for final claim,,,clinic-scoped-unless-stated,,operational,,,,,PROTOTYPE-ONLY,IN-DEVELOPMENT,NOT-STARTED,NOT-STARTED,NOT-STARTED,ADOPTED-AS-IS,"Named BRD button must map to real action, planned service-backed action, or owner decision",P5,docs/architecture/prototype-parity/,M12 governance/audit
brdflow_ebcece5cd6bd,public/pulse-html-prototype.html,"{""file"": ""public/pulse-html-prototype.html"", ""startOffset"": 504373, ""endOffset"": 629806, ""startLine"": 2870, ""endLine"": 2870}",brd,M16,Governance,/incidents-risk,,"Incidents, Complaints, Risk & Continuity",Workflow: Report and investigate an incident,Report and investigate an incident,,"Reporter clicks Report Incident and selects category, clinic > Urgent guidance appears; reporter records immediate action a > Triage owner reviews severity, confidentiality and required  > Investigator builds chronology, adds evidence and records co > RCA/CAPA actions are created and assigned. > When actions and evidence meet closure criteria, investigato",,,clinic-scoped-unless-stated,,operational,,,,,IN-DEVELOPMENT,IN-DEVELOPMENT,NOT-STARTED,NOT-STARTED,NOT-STARTED,ADOPTED-AS-IS,Core,P5,docs/architecture/prototype-parity/,M12 governance/audit
brdflow_e73710ab35d8,public/pulse-html-prototype.html,"{""file"": ""public/pulse-html-prototype.html"", ""startOffset"": 504373, ""endOffset"": 629806, ""startLine"": 2870, ""endLine"": 2870}",brd,M16,Governance,/incidents-risk,,"Incidents, Complaints, Risk & Continuity",Workflow: Manage a complaint,Manage a complaint,,"Manager logs or receives a complaint through the controlled  > The complaint record captures service theme, preferred conta > Owner investigates, records communication and creates servic > If risk or serious event is identified, the record links to  > Manager approves response and closure; themes feed Service Q",,,clinic-scoped-unless-stated,,operational,,,,,IN-DEVELOPMENT,IN-DEVELOPMENT,NOT-STARTED,NOT-STARTED,NOT-STARTED,ADOPTED-AS-IS,Core,P5,docs/architecture/prototype-parity/,M12 governance/audit
brdflow_dc39f2c11a67,public/pulse-html-prototype.html,"{""file"": ""public/pulse-html-prototype.html"", ""startOffset"": 504373, ""endOffset"": 629806, ""startLine"": 2870, ""endLine"": 2870}",brd,M16,Governance,/incidents-risk,,"Incidents, Complaints, Risk & Continuity",Workflow: Activate downtime plan,Activate downtime plan,,"Authorised user opens Business Continuity and clicks Activat > The event form captures affected clinic/service, start time, > The event board displays critical contacts, approved workaro > Teams update status until recovery is confirmed. > Owner records recovery time, outstanding actions and post-ev",,,clinic-scoped-unless-stated,,operational,,,,,IN-DEVELOPMENT,IN-DEVELOPMENT,NOT-STARTED,NOT-STARTED,NOT-STARTED,ADOPTED-AS-IS,Core,P5,docs/architecture/prototype-parity/,M12 governance/audit
brdflow_bedd8ff23f93,public/pulse-html-prototype.html,"{""file"": ""public/pulse-html-prototype.html"", ""startOffset"": 504373, ""endOffset"": 629806, ""startLine"": 2870, ""endLine"": 2870}",brd,M16,Governance,/incidents-risk,,"Incidents, Complaints, Risk & Continuity",Workflow: Privacy/cyber response,Privacy/cyber response,,"User logs a suspected privacy/cyber event with minimal neces > The restricted workflow prompts immediate containment and re > Owner assesses scope, affected systems/records, evidence and > Corrective actions, access reviews, communication and traini > Closure requires documented assessment, actions and review a",,,clinic-scoped-unless-stated,,operational,,,,,IN-DEVELOPMENT,IN-DEVELOPMENT,NOT-STARTED,NOT-STARTED,NOT-STARTED,ADOPTED-AS-IS,Core,P5,docs/architecture/prototype-parity/,M12 governance/audit
brdflow_1ad5243efdcc,public/pulse-html-prototype.html,"{""file"": ""public/pulse-html-prototype.html"", ""startOffset"": 504373, ""endOffset"": 629806, ""startLine"": 2870, ""endLine"": 2870}",brd,M16,Governance,/incidents-risk,,"Incidents, Complaints, Risk & Continuity",Workflow: Anonymous or Near-Miss Reporting and Complaint Review,Anonymous or Near-Miss Reporting and Complaint Review,,"Reporter selects Report Near Miss or confidential reporting  > The report enters restricted triage with identity visibility > Triage owner assesses severity, immediate controls and wheth > Near misses may create prevention actions without being trea > For complaints, the owner records acknowledgement, investiga > If the complainant remains dissatisfied, an authorised revie > External regulator, insurer, legal or other referral decisio > Final outcome and lessons feed trends without exposing unnec",,,clinic-scoped-unless-stated,,operational,,,,,IN-DEVELOPMENT,IN-DEVELOPMENT,NOT-STARTED,NOT-STARTED,NOT-STARTED,ADOPTED-AS-IS,Expanded,P5,docs/architecture/prototype-parity/,M12 governance/audit
brdflow_c4dd569596fd,public/pulse-html-prototype.html,"{""file"": ""public/pulse-html-prototype.html"", ""startOffset"": 504373, ""endOffset"": 629806, ""startLine"": 2870, ""endLine"": 2870}",brd,M16,Governance,/incidents-risk,,"Incidents, Complaints, Risk & Continuity",Workflow: Scenario-Based Business Continuity and Exercise,Scenario-Based Business Continuity and Exercise,,"Authorised user selects a scenario and chooses Live Event or > The plan records affected clinic/services, start time, decis > Roles, contacts and approved workaround checklists are assig > Internal/external operational communications are issued as r > Teams update service status, risks and workaround progress. > When service is restored, the owner confirms recovery and id > Backlog reconciliation and outstanding actions are completed > A post-event or exercise review records lessons, plan change",,,clinic-scoped-unless-stated,,operational,,,,,IN-DEVELOPMENT,IN-DEVELOPMENT,NOT-STARTED,NOT-STARTED,NOT-STARTED,ADOPTED-AS-IS,Expanded,P5,docs/architecture/prototype-parity/,M12 governance/audit
brdrule_40ac197ffa3f,public/pulse-html-prototype.html,,brd,M16,Governance,/incidents-risk,,,Business rule,High-risk events trigger immediate escalation according to approved business rules.,,,,,clinic-scoped-unless-stated,,operational,,,,,IN-DEVELOPMENT,IN-DEVELOPMENT,NOT-STARTED,NOT-STARTED,NOT-STARTED,ADOPTED-AS-IS,BRD business rule,P5,docs/architecture/prototype-parity/,
brdrule_803434a02b6b,public/pulse-html-prototype.html,,brd,M16,Governance,/incidents-risk,,,Business rule,Sensitive reports are restricted by role and clinic.,,,,,clinic-scoped-unless-stated,,operational,,,,,IN-DEVELOPMENT,IN-DEVELOPMENT,NOT-STARTED,NOT-STARTED,NOT-STARTED,ADOPTED-AS-IS,BRD business rule,P5,docs/architecture/prototype-parity/,
brdrule_4f6e2998088e,public/pulse-html-prototype.html,,brd,M16,Governance,/incidents-risk,,,Business rule,"Closure requires outcome, evidence, action status and approval where defined.",,,,,clinic-scoped-unless-stated,,operational,,,,,IN-DEVELOPMENT,IN-DEVELOPMENT,NOT-STARTED,NOT-STARTED,NOT-STARTED,ADOPTED-AS-IS,BRD business rule,P5,docs/architecture/prototype-parity/,
brdrule_647f5cc3a9ce,public/pulse-html-prototype.html,,brd,M16,Governance,/incidents-risk,,,Business rule,"Corrective/preventive actions link to Tasks, Training, Policies, Checklists, Tickets or Change Management.",,,,,clinic-scoped-unless-stated,,operational,,,,,IN-DEVELOPMENT,IN-DEVELOPMENT,NOT-STARTED,NOT-STARTED,NOT-STARTED,ADOPTED-AS-IS,BRD business rule,P5,docs/architecture/prototype-parity/,
brdrule_37804e2f7b3f,public/pulse-html-prototype.html,,brd,M16,Governance,/incidents-risk,,,Business rule,"Privacy/cyber events require controlled access, containment record and responsible-owner review.",,,,,clinic-scoped-unless-stated,,operational,,,,,IN-DEVELOPMENT,IN-DEVELOPMENT,NOT-STARTED,NOT-STARTED,NOT-STARTED,ADOPTED-AS-IS,BRD business rule,P5,docs/architecture/prototype-parity/,
brdrule_f938e9729543,public/pulse-html-prototype.html,,brd,M16,Governance,/incidents-risk,,,Business rule,Reopening requires reason and retains the original closure decision.,,,,,clinic-scoped-unless-stated,,operational,,,,,IN-DEVELOPMENT,IN-DEVELOPMENT,NOT-STARTED,NOT-STARTED,NOT-STARTED,ADOPTED-AS-IS,BRD business rule,P5,docs/architecture/prototype-parity/,
brdvis_4afdb3137418,public/pulse-html-prototype.html,,brd,M16,Governance,/incidents-risk,,,Visual requirement,Confidential report wizard with clear urgency guidance.,,,,,clinic-scoped-unless-stated,,operational,,,,,IN-DEVELOPMENT,IN-DEVELOPMENT,NOT-STARTED,NOT-STARTED,NOT-STARTED,ADOPTED-AS-IS,BRD visual requirement; final PNG prevails where image exists,P5,docs/architecture/prototype-parity/,M12 governance/audit
brdvis_f060ff756950,public/pulse-html-prototype.html,,brd,M16,Governance,/incidents-risk,,,Visual requirement,Severity and escalation banner with responsible owner and due dates.,,,,,clinic-scoped-unless-stated,,operational,,,,,IN-DEVELOPMENT,IN-DEVELOPMENT,NOT-STARTED,NOT-STARTED,NOT-STARTED,ADOPTED-AS-IS,BRD visual requirement; final PNG prevails where image exists,P5,docs/architecture/prototype-parity/,M12 governance/audit
brdvis_6a8bb01e9cae,public/pulse-html-prototype.html,,brd,M16,Governance,/incidents-risk,,,Visual requirement,Investigation timeline and evidence list.,,,,,clinic-scoped-unless-stated,,operational,,,,,IN-DEVELOPMENT,IN-DEVELOPMENT,NOT-STARTED,NOT-STARTED,NOT-STARTED,ADOPTED-AS-IS,BRD visual requirement; final PNG prevails where image exists,P5,docs/architecture/prototype-parity/,M12 governance/audit
brdvis_58c4b688ac62,public/pulse-html-prototype.html,,brd,M16,Governance,/incidents-risk,,,Visual requirement,RCA cause tree / contributing factor form and CAPA tracker.,,,,,clinic-scoped-unless-stated,,operational,,,,,IN-DEVELOPMENT,IN-DEVELOPMENT,NOT-STARTED,NOT-STARTED,NOT-STARTED,ADOPTED-AS-IS,BRD visual requirement; final PNG prevails where image exists,P5,docs/architecture/prototype-parity/,M12 governance/audit
brdvis_7e6e4a3ee28d,public/pulse-html-prototype.html,,brd,M16,Governance,/incidents-risk,,,Visual requirement,"Business continuity event board showing affected services, workaround, communications and recovery status.",,,,,clinic-scoped-unless-stated,,operational,,,,,IN-DEVELOPMENT,IN-DEVELOPMENT,NOT-STARTED,NOT-STARTED,NOT-STARTED,ADOPTED-AS-IS,BRD visual requirement; final PNG prevails where image exists,P5,docs/architecture/prototype-parity/,M12 governance/audit
brdout_26ee4422117b,public/pulse-html-prototype.html,,brd,M16,Governance,/incidents-risk,,,Output/measure,Incident and complaint registers,,,,,clinic-scoped-unless-stated,,operational,,,,,IN-DEVELOPMENT,IN-DEVELOPMENT,NOT-STARTED,NOT-STARTED,NOT-STARTED,ADOPTED-AS-IS,BRD output/measure,P5,docs/architecture/prototype-parity/,
brdout_404bc35d8411,public/pulse-html-prototype.html,,brd,M16,Governance,/incidents-risk,,,Output/measure,Risk register and control review,,,,,clinic-scoped-unless-stated,,operational,,,,,IN-DEVELOPMENT,IN-DEVELOPMENT,NOT-STARTED,NOT-STARTED,NOT-STARTED,ADOPTED-AS-IS,BRD output/measure,P5,docs/architecture/prototype-parity/,
brdout_39891f133c81,public/pulse-html-prototype.html,,brd,M16,Governance,/incidents-risk,,,Output/measure,Investigation and RCA report,,,,,clinic-scoped-unless-stated,,operational,,,,,IN-DEVELOPMENT,IN-DEVELOPMENT,NOT-STARTED,NOT-STARTED,NOT-STARTED,ADOPTED-AS-IS,BRD output/measure,P5,docs/architecture/prototype-parity/,
brdout_f2eb0757c940,public/pulse-html-prototype.html,,brd,M16,Governance,/incidents-risk,,,Output/measure,CAPA action report,,,,,clinic-scoped-unless-stated,,operational,,,,,IN-DEVELOPMENT,IN-DEVELOPMENT,NOT-STARTED,NOT-STARTED,NOT-STARTED,ADOPTED-AS-IS,BRD output/measure,P5,docs/architecture/prototype-parity/,
brdout_b4cbb196aa83,public/pulse-html-prototype.html,,brd,M16,Governance,/incidents-risk,,,Output/measure,Business continuity event and exercise report,,,,,clinic-scoped-unless-stated,,operational,,,,,IN-DEVELOPMENT,IN-DEVELOPMENT,NOT-STARTED,NOT-STARTED,NOT-STARTED,ADOPTED-AS-IS,BRD output/measure,P5,docs/architecture/prototype-parity/,
brdout_2ea994354b38,public/pulse-html-prototype.html,,brd,M16,Governance,/incidents-risk,,,Output/measure,Privacy/cyber response register,,,,,clinic-scoped-unless-stated,,operational,,,,,IN-DEVELOPMENT,IN-DEVELOPMENT,NOT-STARTED,NOT-STARTED,NOT-STARTED,ADOPTED-AS-IS,BRD output/measure,P5,docs/architecture/prototype-parity/,
brdout_3844b8aabe72,public/pulse-html-prototype.html,,brd,M16,Governance,/incidents-risk,,,Output/measure,Trend and recurrence report,,,,,clinic-scoped-unless-stated,,operational,,,,,IN-DEVELOPMENT,IN-DEVELOPMENT,NOT-STARTED,NOT-STARTED,NOT-STARTED,ADOPTED-AS-IS,BRD output/measure,P5,docs/architecture/prototype-parity/,
brdout_51f539a030d7,public/pulse-html-prototype.html,,brd,M16,Governance,/incidents-risk,,,Output/measure,Measure: high-risk events triaged within target,,,,,clinic-scoped-unless-stated,,operational,,,,,IN-DEVELOPMENT,IN-DEVELOPMENT,NOT-STARTED,NOT-STARTED,NOT-STARTED,ADOPTED-AS-IS,BRD output/measure,P5,docs/architecture/prototype-parity/,
brdout_ccf942bf2f74,public/pulse-html-prototype.html,,brd,M16,Governance,/incidents-risk,,,Output/measure,Measure: overdue CAPA actions,,,,,clinic-scoped-unless-stated,,operational,,,,,IN-DEVELOPMENT,IN-DEVELOPMENT,NOT-STARTED,NOT-STARTED,NOT-STARTED,ADOPTED-AS-IS,BRD output/measure,P5,docs/architecture/prototype-parity/,
brdmod_ec1c00f011f0,public/pulse-html-prototype.html,"{""file"": ""public/pulse-html-prototype.html"", ""startOffset"": 504373, ""endOffset"": 629806, ""startLine"": 2870, ""endLine"": 2870}",brd,M17,Communications,/communications,,Email & SMS Communications,BRD module M17: Email & SMS Communications,"Plan, approve, send and monitor operational and marketing email/SMS communications using approved templates, audience controls, consent/suppression rules and delivery reporting.",,,,"Authorised Marketing / Communications, Practice Managers, Owners / Approvers, Administration",clinic-scoped-unless-stated,Governed outbound communications and delivery status,operational,,src/modules/m17-*/ + module-register,,,PROTOTYPE-ONLY,NOT-STARTED,NOT-STARTED,NOT-STARTED,NOT-STARTED,ADOPTED-AS-IS,Landing-level communications,P7,docs/architecture/prototype-parity/,M02 queue + delivery status
brdtab_631017e7f0eb,public/pulse-html-prototype.html,"{""file"": ""public/pulse-html-prototype.html"", ""startOffset"": 504373, ""endOffset"": 629806, ""startLine"": 2870, ""endLine"": 2870}",brd,M17,Communications,/communications,"/communications?section=Email Campaigns — Draft, approval, scheduled, sent and completed email campaigns.","Email Campaigns — Draft, approval, scheduled, sent and completed email campaigns.","Tab: Email Campaigns — Draft, approval, scheduled, sent and completed email campaigns.","Plan, approve, send and monitor operational and marketing email/SMS communications using approved templates, audience controls, consent/suppression rules and delivery reporting.","Email Campaigns — Draft, approval, scheduled, sent and completed email campaigns.",,,,clinic-scoped-unless-stated,,operational,,,,,PROTOTYPE-ONLY,NOT-STARTED,NOT-STARTED,NOT-STARTED,NOT-STARTED,ADOPTED-AS-IS,BRD tab retained in canonical screen register,P7,docs/architecture/prototype-parity/,M02 queue + delivery status
brdtab_33384d24ce8c,public/pulse-html-prototype.html,"{""file"": ""public/pulse-html-prototype.html"", ""startOffset"": 504373, ""endOffset"": 629806, ""startLine"": 2870, ""endLine"": 2870}",brd,M17,Communications,/communications,/communications?section=SMS Campaigns — Operational and approved marketing SMS.,SMS Campaigns — Operational and approved marketing SMS.,Tab: SMS Campaigns — Operational and approved marketing SMS.,"Plan, approve, send and monitor operational and marketing email/SMS communications using approved templates, audience controls, consent/suppression rules and delivery reporting.",SMS Campaigns — Operational and approved marketing SMS.,,,,clinic-scoped-unless-stated,,operational,,,,,PROTOTYPE-ONLY,NOT-STARTED,NOT-STARTED,NOT-STARTED,NOT-STARTED,ADOPTED-AS-IS,BRD tab retained in canonical screen register,P7,docs/architecture/prototype-parity/,M02 queue + delivery status
brdtab_345562123bac,public/pulse-html-prototype.html,"{""file"": ""public/pulse-html-prototype.html"", ""startOffset"": 504373, ""endOffset"": 629806, ""startLine"": 2870, ""endLine"": 2870}",brd,M17,Communications,/communications,"/communications?section=Templates — Approved content, branding and mandatory wording.","Templates — Approved content, branding and mandatory wording.","Tab: Templates — Approved content, branding and mandatory wording.","Plan, approve, send and monitor operational and marketing email/SMS communications using approved templates, audience controls, consent/suppression rules and delivery reporting.","Templates — Approved content, branding and mandatory wording.",,,,clinic-scoped-unless-stated,,operational,,,,,PROTOTYPE-ONLY,NOT-STARTED,NOT-STARTED,NOT-STARTED,NOT-STARTED,ADOPTED-AS-IS,BRD tab retained in canonical screen register,P7,docs/architecture/prototype-parity/,M02 queue + delivery status
brdtab_5f09bfeed640,public/pulse-html-prototype.html,"{""file"": ""public/pulse-html-prototype.html"", ""startOffset"": 504373, ""endOffset"": 629806, ""startLine"": 2870, ""endLine"": 2870}",brd,M17,Communications,/communications,"/communications?section=Audience — Approved lists, filters, exclusions and source reference.","Audience — Approved lists, filters, exclusions and source reference.","Tab: Audience — Approved lists, filters, exclusions and source reference.","Plan, approve, send and monitor operational and marketing email/SMS communications using approved templates, audience controls, consent/suppression rules and delivery reporting.","Audience — Approved lists, filters, exclusions and source reference.",,,,clinic-scoped-unless-stated,,operational,,,,,PROTOTYPE-ONLY,NOT-STARTED,NOT-STARTED,NOT-STARTED,NOT-STARTED,ADOPTED-AS-IS,BRD tab retained in canonical screen register,P7,docs/architecture/prototype-parity/,M02 queue + delivery status
brdtab_572f60aa8bf1,public/pulse-html-prototype.html,"{""file"": ""public/pulse-html-prototype.html"", ""startOffset"": 504373, ""endOffset"": 629806, ""startLine"": 2870, ""endLine"": 2870}",brd,M17,Communications,/communications,/communications?section=Approvals — Campaign decision queue and version review.,Approvals — Campaign decision queue and version review.,Tab: Approvals — Campaign decision queue and version review.,"Plan, approve, send and monitor operational and marketing email/SMS communications using approved templates, audience controls, consent/suppression rules and delivery reporting.",Approvals — Campaign decision queue and version review.,,,,clinic-scoped-unless-stated,,operational,,,,,PROTOTYPE-ONLY,NOT-STARTED,NOT-STARTED,NOT-STARTED,NOT-STARTED,ADOPTED-AS-IS,BRD tab retained in canonical screen register,P7,docs/architecture/prototype-parity/,M02 queue + delivery status
brdtab_a5fa057a9008,public/pulse-html-prototype.html,"{""file"": ""public/pulse-html-prototype.html"", ""startOffset"": 504373, ""endOffset"": 629806, ""startLine"": 2870, ""endLine"": 2870}",brd,M17,Communications,/communications,"/communications?section=Delivery — Sent, delivered, failed, bounced and retry status.","Delivery — Sent, delivered, failed, bounced and retry status.","Tab: Delivery — Sent, delivered, failed, bounced and retry status.","Plan, approve, send and monitor operational and marketing email/SMS communications using approved templates, audience controls, consent/suppression rules and delivery reporting.","Delivery — Sent, delivered, failed, bounced and retry status.",,,,clinic-scoped-unless-stated,,operational,,,,,PROTOTYPE-ONLY,NOT-STARTED,NOT-STARTED,NOT-STARTED,NOT-STARTED,ADOPTED-AS-IS,BRD tab retained in canonical screen register,P7,docs/architecture/prototype-parity/,M02 queue + delivery status
brdtab_449e05bf2319,public/pulse-html-prototype.html,"{""file"": ""public/pulse-html-prototype.html"", ""startOffset"": 504373, ""endOffset"": 629806, ""startLine"": 2870, ""endLine"": 2870}",brd,M17,Communications,/communications,/communications?section=Conversations — Permitted two-way messages where enabled.,Conversations — Permitted two-way messages where enabled.,Tab: Conversations — Permitted two-way messages where enabled.,"Plan, approve, send and monitor operational and marketing email/SMS communications using approved templates, audience controls, consent/suppression rules and delivery reporting.",Conversations — Permitted two-way messages where enabled.,,,,clinic-scoped-unless-stated,,operational,,,,,PROTOTYPE-ONLY,NOT-STARTED,NOT-STARTED,NOT-STARTED,NOT-STARTED,ADOPTED-AS-IS,BRD tab retained in canonical screen register,P7,docs/architecture/prototype-parity/,M02 queue + delivery status
brdtab_5de835c28b09,public/pulse-html-prototype.html,"{""file"": ""public/pulse-html-prototype.html"", ""startOffset"": 504373, ""endOffset"": 629806, ""startLine"": 2870, ""endLine"": 2870}",brd,M17,Communications,/communications,"/communications?section=Consent & Suppression — Opt-out, do-not-contact and excluded recipients.","Consent & Suppression — Opt-out, do-not-contact and excluded recipients.","Tab: Consent & Suppression — Opt-out, do-not-contact and excluded recipients.","Plan, approve, send and monitor operational and marketing email/SMS communications using approved templates, audience controls, consent/suppression rules and delivery reporting.","Consent & Suppression — Opt-out, do-not-contact and excluded recipients.",,,,clinic-scoped-unless-stated,,operational,,,,,PROTOTYPE-ONLY,NOT-STARTED,NOT-STARTED,NOT-STARTED,NOT-STARTED,ADOPTED-AS-IS,BRD tab retained in canonical screen register,P7,docs/architecture/prototype-parity/,M02 queue + delivery status
brdtab_26b51e3b3c82,public/pulse-html-prototype.html,"{""file"": ""public/pulse-html-prototype.html"", ""startOffset"": 504373, ""endOffset"": 629806, ""startLine"": 2870, ""endLine"": 2870}",brd,M17,Communications,/communications,"/communications?section=Reports — Campaign performance, delivery and compliance.","Reports — Campaign performance, delivery and compliance.","Tab: Reports — Campaign performance, delivery and compliance.","Plan, approve, send and monitor operational and marketing email/SMS communications using approved templates, audience controls, consent/suppression rules and delivery reporting.","Reports — Campaign performance, delivery and compliance.",,,,clinic-scoped-unless-stated,,operational,,,,,PROTOTYPE-ONLY,NOT-STARTED,NOT-STARTED,NOT-STARTED,NOT-STARTED,ADOPTED-AS-IS,BRD tab retained in canonical screen register,P7,docs/architecture/prototype-parity/,M02 queue + delivery status
brdtab_eda3a46749a4,public/pulse-html-prototype.html,"{""file"": ""public/pulse-html-prototype.html"", ""startOffset"": 504373, ""endOffset"": 629806, ""startLine"": 2870, ""endLine"": 2870}",brd,M17,Communications,/communications,"/communications?section=Emergency Communications — Approved urgent templates, rapid approval, linked updates, all-clear and failure escalation.","Emergency Communications — Approved urgent templates, rapid approval, linked updates, all-clear and failure escalation.","Tab: Emergency Communications — Approved urgent templates, rapid approval, linked updates, all-clear and failure escalation.","Plan, approve, send and monitor operational and marketing email/SMS communications using approved templates, audience controls, consent/suppression rules and delivery reporting.","Emergency Communications — Approved urgent templates, rapid approval, linked updates, all-clear and failure escalation.",,,,clinic-scoped-unless-stated,,operational,,,,,PROTOTYPE-ONLY,NOT-STARTED,NOT-STARTED,NOT-STARTED,NOT-STARTED,ADOPTED-AS-IS,BRD tab retained in canonical screen register,P7,docs/architecture/prototype-parity/,M02 queue + delivery status
brdbtn_524f4e3b25e8,public/pulse-html-prototype.html,"{""file"": ""public/pulse-html-prototype.html"", ""startOffset"": 504373, ""endOffset"": 629806, ""startLine"": 2870, ""endLine"": 2870}",brd,M17,Communications,/communications,,Email & SMS Communications,Named action: Create Email Campaign,"Plan, approve, send and monitor operational and marketing email/SMS communications using approved templates, audience controls, consent/suppression rules and delivery reporting.",Create Email Campaign,service-backed transition required for final claim,,,clinic-scoped-unless-stated,,operational,,,,,PROTOTYPE-ONLY,NOT-STARTED,NOT-STARTED,NOT-STARTED,NOT-STARTED,ADOPTED-AS-IS,"Named BRD button must map to real action, planned service-backed action, or owner decision",P7,docs/architecture/prototype-parity/,M02 queue + delivery status
brdbtn_80792c62cfbc,public/pulse-html-prototype.html,"{""file"": ""public/pulse-html-prototype.html"", ""startOffset"": 504373, ""endOffset"": 629806, ""startLine"": 2870, ""endLine"": 2870}",brd,M17,Communications,/communications,,Email & SMS Communications,Named action: Create SMS Campaign,"Plan, approve, send and monitor operational and marketing email/SMS communications using approved templates, audience controls, consent/suppression rules and delivery reporting.",Create SMS Campaign,service-backed transition required for final claim,,,clinic-scoped-unless-stated,,operational,,,,,PROTOTYPE-ONLY,NOT-STARTED,NOT-STARTED,NOT-STARTED,NOT-STARTED,ADOPTED-AS-IS,"Named BRD button must map to real action, planned service-backed action, or owner decision",P7,docs/architecture/prototype-parity/,M02 queue + delivery status
brdbtn_24830181eef9,public/pulse-html-prototype.html,"{""file"": ""public/pulse-html-prototype.html"", ""startOffset"": 504373, ""endOffset"": 629806, ""startLine"": 2870, ""endLine"": 2870}",brd,M17,Communications,/communications,,Email & SMS Communications,Named action: Choose Template,"Plan, approve, send and monitor operational and marketing email/SMS communications using approved templates, audience controls, consent/suppression rules and delivery reporting.",Choose Template,service-backed transition required for final claim,,,clinic-scoped-unless-stated,,operational,,,,,PROTOTYPE-ONLY,NOT-STARTED,NOT-STARTED,NOT-STARTED,NOT-STARTED,ADOPTED-AS-IS,"Named BRD button must map to real action, planned service-backed action, or owner decision",P7,docs/architecture/prototype-parity/,M02 queue + delivery status
brdbtn_3561b788e58d,public/pulse-html-prototype.html,"{""file"": ""public/pulse-html-prototype.html"", ""startOffset"": 504373, ""endOffset"": 629806, ""startLine"": 2870, ""endLine"": 2870}",brd,M17,Communications,/communications,,Email & SMS Communications,Named action: Select Audience,"Plan, approve, send and monitor operational and marketing email/SMS communications using approved templates, audience controls, consent/suppression rules and delivery reporting.",Select Audience,service-backed transition required for final claim,,,clinic-scoped-unless-stated,,operational,,,,,PROTOTYPE-ONLY,NOT-STARTED,NOT-STARTED,NOT-STARTED,NOT-STARTED,ADOPTED-AS-IS,"Named BRD button must map to real action, planned service-backed action, or owner decision",P7,docs/architecture/prototype-parity/,M02 queue + delivery status
brdbtn_0f4d19ac8ec4,public/pulse-html-prototype.html,"{""file"": ""public/pulse-html-prototype.html"", ""startOffset"": 504373, ""endOffset"": 629806, ""startLine"": 2870, ""endLine"": 2870}",brd,M17,Communications,/communications,,Email & SMS Communications,Named action: Add Exclusions,"Plan, approve, send and monitor operational and marketing email/SMS communications using approved templates, audience controls, consent/suppression rules and delivery reporting.",Add Exclusions,service-backed transition required for final claim,,,clinic-scoped-unless-stated,,operational,,,,,PROTOTYPE-ONLY,NOT-STARTED,NOT-STARTED,NOT-STARTED,NOT-STARTED,ADOPTED-AS-IS,"Named BRD button must map to real action, planned service-backed action, or owner decision",P7,docs/architecture/prototype-parity/,M02 queue + delivery status
brdbtn_660ab6f58f46,public/pulse-html-prototype.html,"{""file"": ""public/pulse-html-prototype.html"", ""startOffset"": 504373, ""endOffset"": 629806, ""startLine"": 2870, ""endLine"": 2870}",brd,M17,Communications,/communications,,Email & SMS Communications,Named action: Preview,"Plan, approve, send and monitor operational and marketing email/SMS communications using approved templates, audience controls, consent/suppression rules and delivery reporting.",Preview,service-backed transition required for final claim,,,clinic-scoped-unless-stated,,operational,,,,,PROTOTYPE-ONLY,NOT-STARTED,NOT-STARTED,NOT-STARTED,NOT-STARTED,ADOPTED-AS-IS,"Named BRD button must map to real action, planned service-backed action, or owner decision",P7,docs/architecture/prototype-parity/,M02 queue + delivery status
brdbtn_d2c93ac7ac90,public/pulse-html-prototype.html,"{""file"": ""public/pulse-html-prototype.html"", ""startOffset"": 504373, ""endOffset"": 629806, ""startLine"": 2870, ""endLine"": 2870}",brd,M17,Communications,/communications,,Email & SMS Communications,Named action: Send Test,"Plan, approve, send and monitor operational and marketing email/SMS communications using approved templates, audience controls, consent/suppression rules and delivery reporting.",Send Test,service-backed transition required for final claim,,,clinic-scoped-unless-stated,,operational,,,,,PROTOTYPE-ONLY,NOT-STARTED,NOT-STARTED,NOT-STARTED,NOT-STARTED,ADOPTED-AS-IS,"Named BRD button must map to real action, planned service-backed action, or owner decision",P7,docs/architecture/prototype-parity/,M02 queue + delivery status
brdbtn_48fbf353bbf6,public/pulse-html-prototype.html,"{""file"": ""public/pulse-html-prototype.html"", ""startOffset"": 504373, ""endOffset"": 629806, ""startLine"": 2870, ""endLine"": 2870}",brd,M17,Communications,/communications,,Email & SMS Communications,Named action: Submit for Approval,"Plan, approve, send and monitor operational and marketing email/SMS communications using approved templates, audience controls, consent/suppression rules and delivery reporting.",Submit for Approval,service-backed transition required for final claim,,,clinic-scoped-unless-stated,,operational,,,,,PROTOTYPE-ONLY,NOT-STARTED,NOT-STARTED,NOT-STARTED,NOT-STARTED,ADOPTED-AS-IS,"Named BRD button must map to real action, planned service-backed action, or owner decision",P7,docs/architecture/prototype-parity/,M02 queue + delivery status
brdbtn_32858b23b414,public/pulse-html-prototype.html,"{""file"": ""public/pulse-html-prototype.html"", ""startOffset"": 504373, ""endOffset"": 629806, ""startLine"": 2870, ""endLine"": 2870}",brd,M17,Communications,/communications,,Email & SMS Communications,Named action: Schedule,"Plan, approve, send and monitor operational and marketing email/SMS communications using approved templates, audience controls, consent/suppression rules and delivery reporting.",Schedule,service-backed transition required for final claim,,,clinic-scoped-unless-stated,,operational,,,,,PROTOTYPE-ONLY,NOT-STARTED,NOT-STARTED,NOT-STARTED,NOT-STARTED,ADOPTED-AS-IS,"Named BRD button must map to real action, planned service-backed action, or owner decision",P7,docs/architecture/prototype-parity/,M02 queue + delivery status
brdbtn_19f05f80010b,public/pulse-html-prototype.html,"{""file"": ""public/pulse-html-prototype.html"", ""startOffset"": 504373, ""endOffset"": 629806, ""startLine"": 2870, ""endLine"": 2870}",brd,M17,Communications,/communications,,Email & SMS Communications,Named action: Send Now,"Plan, approve, send and monitor operational and marketing email/SMS communications using approved templates, audience controls, consent/suppression rules and delivery reporting.",Send Now,service-backed transition required for final claim,,,clinic-scoped-unless-stated,,operational,,,,,PROTOTYPE-ONLY,NOT-STARTED,NOT-STARTED,NOT-STARTED,NOT-STARTED,ADOPTED-AS-IS,"Named BRD button must map to real action, planned service-backed action, or owner decision",P7,docs/architecture/prototype-parity/,M02 queue + delivery status
brdbtn_b9c77d9f3c5f,public/pulse-html-prototype.html,"{""file"": ""public/pulse-html-prototype.html"", ""startOffset"": 504373, ""endOffset"": 629806, ""startLine"": 2870, ""endLine"": 2870}",brd,M17,Communications,/communications,,Email & SMS Communications,Named action: Pause / Cancel,"Plan, approve, send and monitor operational and marketing email/SMS communications using approved templates, audience controls, consent/suppression rules and delivery reporting.",Pause / Cancel,service-backed transition required for final claim,,,clinic-scoped-unless-stated,,operational,,,,,PROTOTYPE-ONLY,NOT-STARTED,NOT-STARTED,NOT-STARTED,NOT-STARTED,ADOPTED-AS-IS,"Named BRD button must map to real action, planned service-backed action, or owner decision",P7,docs/architecture/prototype-parity/,M02 queue + delivery status
brdbtn_60216d734b12,public/pulse-html-prototype.html,"{""file"": ""public/pulse-html-prototype.html"", ""startOffset"": 504373, ""endOffset"": 629806, ""startLine"": 2870, ""endLine"": 2870}",brd,M17,Communications,/communications,,Email & SMS Communications,Named action: Retry Failed,"Plan, approve, send and monitor operational and marketing email/SMS communications using approved templates, audience controls, consent/suppression rules and delivery reporting.",Retry Failed,service-backed transition required for final claim,,,clinic-scoped-unless-stated,,operational,,,,,PROTOTYPE-ONLY,NOT-STARTED,NOT-STARTED,NOT-STARTED,NOT-STARTED,ADOPTED-AS-IS,"Named BRD button must map to real action, planned service-backed action, or owner decision",P7,docs/architecture/prototype-parity/,M02 queue + delivery status
brdbtn_12b503fbd968,public/pulse-html-prototype.html,"{""file"": ""public/pulse-html-prototype.html"", ""startOffset"": 504373, ""endOffset"": 629806, ""startLine"": 2870, ""endLine"": 2870}",brd,M17,Communications,/communications,,Email & SMS Communications,Named action: Record Response,"Plan, approve, send and monitor operational and marketing email/SMS communications using approved templates, audience controls, consent/suppression rules and delivery reporting.",Record Response,service-backed transition required for final claim,,,clinic-scoped-unless-stated,,operational,,,,,PROTOTYPE-ONLY,NOT-STARTED,NOT-STARTED,NOT-STARTED,NOT-STARTED,ADOPTED-AS-IS,"Named BRD button must map to real action, planned service-backed action, or owner decision",P7,docs/architecture/prototype-parity/,M02 queue + delivery status
brdbtn_e6cdfd13b0c6,public/pulse-html-prototype.html,"{""file"": ""public/pulse-html-prototype.html"", ""startOffset"": 504373, ""endOffset"": 629806, ""startLine"": 2870, ""endLine"": 2870}",brd,M17,Communications,/communications,,Email & SMS Communications,Named action: Export Results,"Plan, approve, send and monitor operational and marketing email/SMS communications using approved templates, audience controls, consent/suppression rules and delivery reporting.",Export Results,service-backed transition required for final claim,,,clinic-scoped-unless-stated,,operational,,,,,PROTOTYPE-ONLY,NOT-STARTED,NOT-STARTED,NOT-STARTED,NOT-STARTED,ADOPTED-AS-IS,"Named BRD button must map to real action, planned service-backed action, or owner decision",P7,docs/architecture/prototype-parity/,M02 queue + delivery status
brdbtn_b65bd77d598e,public/pulse-html-prototype.html,"{""file"": ""public/pulse-html-prototype.html"", ""startOffset"": 504373, ""endOffset"": 629806, ""startLine"": 2870, ""endLine"": 2870}",brd,M17,Communications,/communications,,Email & SMS Communications,Named action: Cancel Scheduled Campaign,"Plan, approve, send and monitor operational and marketing email/SMS communications using approved templates, audience controls, consent/suppression rules and delivery reporting.",Cancel Scheduled Campaign,service-backed transition required for final claim,,,clinic-scoped-unless-stated,,operational,,,,,PROTOTYPE-ONLY,NOT-STARTED,NOT-STARTED,NOT-STARTED,NOT-STARTED,ADOPTED-AS-IS,"Named BRD button must map to real action, planned service-backed action, or owner decision",P7,docs/architecture/prototype-parity/,M02 queue + delivery status
brdbtn_dee4f489d2cc,public/pulse-html-prototype.html,"{""file"": ""public/pulse-html-prototype.html"", ""startOffset"": 504373, ""endOffset"": 629806, ""startLine"": 2870, ""endLine"": 2870}",brd,M17,Communications,/communications,,Email & SMS Communications,Named action: Pause Send,"Plan, approve, send and monitor operational and marketing email/SMS communications using approved templates, audience controls, consent/suppression rules and delivery reporting.",Pause Send,service-backed transition required for final claim,,,clinic-scoped-unless-stated,,operational,,,,,PROTOTYPE-ONLY,NOT-STARTED,NOT-STARTED,NOT-STARTED,NOT-STARTED,ADOPTED-AS-IS,"Named BRD button must map to real action, planned service-backed action, or owner decision",P7,docs/architecture/prototype-parity/,M02 queue + delivery status
brdbtn_b0e7d74759c6,public/pulse-html-prototype.html,"{""file"": ""public/pulse-html-prototype.html"", ""startOffset"": 504373, ""endOffset"": 629806, ""startLine"": 2870, ""endLine"": 2870}",brd,M17,Communications,/communications,,Email & SMS Communications,Named action: Send Emergency Update,"Plan, approve, send and monitor operational and marketing email/SMS communications using approved templates, audience controls, consent/suppression rules and delivery reporting.",Send Emergency Update,service-backed transition required for final claim,,,clinic-scoped-unless-stated,,operational,,,,,PROTOTYPE-ONLY,NOT-STARTED,NOT-STARTED,NOT-STARTED,NOT-STARTED,ADOPTED-AS-IS,"Named BRD button must map to real action, planned service-backed action, or owner decision",P7,docs/architecture/prototype-parity/,M02 queue + delivery status
brdbtn_b6c31946475e,public/pulse-html-prototype.html,"{""file"": ""public/pulse-html-prototype.html"", ""startOffset"": 504373, ""endOffset"": 629806, ""startLine"": 2870, ""endLine"": 2870}",brd,M17,Communications,/communications,,Email & SMS Communications,Named action: Send All Clear,"Plan, approve, send and monitor operational and marketing email/SMS communications using approved templates, audience controls, consent/suppression rules and delivery reporting.",Send All Clear,service-backed transition required for final claim,,,clinic-scoped-unless-stated,,operational,,,,,PROTOTYPE-ONLY,NOT-STARTED,NOT-STARTED,NOT-STARTED,NOT-STARTED,ADOPTED-AS-IS,"Named BRD button must map to real action, planned service-backed action, or owner decision",P7,docs/architecture/prototype-parity/,M02 queue + delivery status
brdflow_02df55c9824b,public/pulse-html-prototype.html,"{""file"": ""public/pulse-html-prototype.html"", ""startOffset"": 504373, ""endOffset"": 629806, ""startLine"": 2870, ""endLine"": 2870}",brd,M17,Communications,/communications,,Email & SMS Communications,Workflow: Create and send a campaign,Create and send a campaign,,"User clicks Create Email Campaign or Create SMS Campaign. > The stepper captures purpose, clinic/brand, approved audienc > User selects a template, edits permitted content and preview > User sends a test and resolves validation warnings. > User submits for approval; approver reviews exact content, a > After approval, the campaign is scheduled or sent and delive",,,clinic-scoped-unless-stated,,operational,,,,,PROTOTYPE-ONLY,NOT-STARTED,NOT-STARTED,NOT-STARTED,NOT-STARTED,ADOPTED-AS-IS,Core,P7,docs/architecture/prototype-parity/,M02 queue + delivery status
brdflow_4432571b97c9,public/pulse-html-prototype.html,"{""file"": ""public/pulse-html-prototype.html"", ""startOffset"": 504373, ""endOffset"": 629806, ""startLine"": 2870, ""endLine"": 2870}",brd,M17,Communications,/communications,,Email & SMS Communications,Workflow: Handle failed deliveries,Handle failed deliveries,,"User opens Delivery and filters to Failed. > The page groups failures by invalid address/number, temporar > User selects eligible temporary failures and clicks Retry Fa > Permanent failures are marked for source-data correction and > The campaign report shows original and retry outcomes withou",,,clinic-scoped-unless-stated,,operational,,,,,PROTOTYPE-ONLY,NOT-STARTED,NOT-STARTED,NOT-STARTED,NOT-STARTED,ADOPTED-AS-IS,Core,P7,docs/architecture/prototype-parity/,M02 queue + delivery status
brdflow_bd49c0a871e2,public/pulse-html-prototype.html,"{""file"": ""public/pulse-html-prototype.html"", ""startOffset"": 504373, ""endOffset"": 629806, ""startLine"": 2870, ""endLine"": 2870}",brd,M17,Communications,/communications,,Email & SMS Communications,Workflow: Update suppression,Update suppression,,Authorised user opens Consent & Suppression and searches the > User records the approved preference or opt-out source and e > The interface confirms which channels are suppressed. > Future campaign audience previews automatically exclude the  > Any authorised reversal requires reason and evidence.,,,clinic-scoped-unless-stated,,operational,,,,,PROTOTYPE-ONLY,NOT-STARTED,NOT-STARTED,NOT-STARTED,NOT-STARTED,ADOPTED-AS-IS,Core,P7,docs/architecture/prototype-parity/,M02 queue + delivery status
brdflow_99d32e41de04,public/pulse-html-prototype.html,"{""file"": ""public/pulse-html-prototype.html"", ""startOffset"": 504373, ""endOffset"": 629806, ""startLine"": 2870, ""endLine"": 2870}",brd,M17,Communications,/communications,,Email & SMS Communications,Workflow: Emergency Communication and Campaign Cancellation,Emergency Communication and Campaign Cancellation,,"Authorised user selects an approved emergency template and l > Audience, clinic scope, exclusions and communication channel > Urgent approval is completed according to severity rules. > Message is sent and delivery failures are prioritised for re > Further updates and the all-clear remain linked to the origi > For a scheduled normal campaign, user may cancel before send > If content or audience changes after approval, the approval  > If a send can be paused, successful recipients are not sent ",,,clinic-scoped-unless-stated,,operational,,,,,PROTOTYPE-ONLY,NOT-STARTED,NOT-STARTED,NOT-STARTED,NOT-STARTED,ADOPTED-AS-IS,Expanded,P7,docs/architecture/prototype-parity/,M02 queue + delivery status
brdrule_bf1cea416c1b,public/pulse-html-prototype.html,,brd,M17,Communications,/communications,,,Business rule,Only approved templates and authorised users can send campaigns.,,,,,clinic-scoped-unless-stated,,operational,,,,,PROTOTYPE-ONLY,NOT-STARTED,NOT-STARTED,NOT-STARTED,NOT-STARTED,ADOPTED-AS-IS,BRD business rule,P7,docs/architecture/prototype-parity/,
brdrule_6c19d4d1ad06,public/pulse-html-prototype.html,,brd,M17,Communications,/communications,,,Business rule,"Audience counts must exclude suppressed, invalid and duplicate recipients before approval.",,,,,clinic-scoped-unless-stated,,operational,,,,,PROTOTYPE-ONLY,NOT-STARTED,NOT-STARTED,NOT-STARTED,NOT-STARTED,ADOPTED-AS-IS,BRD business rule,P7,docs/architecture/prototype-parity/,
brdrule_d9a98b4e3999,public/pulse-html-prototype.html,,brd,M17,Communications,/communications,,,Business rule,Campaign approval is tied to the exact content and audience version.,,,,,clinic-scoped-unless-stated,,operational,,,,,PROTOTYPE-ONLY,NOT-STARTED,NOT-STARTED,NOT-STARTED,NOT-STARTED,ADOPTED-AS-IS,BRD business rule,P7,docs/architecture/prototype-parity/,
brdrule_95986813d512,public/pulse-html-prototype.html,,brd,M17,Communications,/communications,,,Business rule,Opt-out and communication preferences are respected in all future sends.,,,,,clinic-scoped-unless-stated,,operational,,,,,PROTOTYPE-ONLY,NOT-STARTED,NOT-STARTED,NOT-STARTED,NOT-STARTED,ADOPTED-AS-IS,BRD business rule,P7,docs/architecture/prototype-parity/,
brdrule_fdcfa97b2413,public/pulse-html-prototype.html,,brd,M17,Communications,/communications,,,Business rule,Sensitive clinical or payment information must not be sent through general campaigns.,,,,,clinic-scoped-unless-stated,,operational,,,,,PROTOTYPE-ONLY,NOT-STARTED,NOT-STARTED,NOT-STARTED,NOT-STARTED,ADOPTED-AS-IS,BRD business rule,P7,docs/architecture/prototype-parity/,
brdrule_96200df7452b,public/pulse-html-prototype.html,,brd,M17,Communications,/communications,,,Business rule,Failed delivery creates a review/retry action without duplicating successful sends.,,,,,clinic-scoped-unless-stated,,operational,,,,,PROTOTYPE-ONLY,NOT-STARTED,NOT-STARTED,NOT-STARTED,NOT-STARTED,ADOPTED-AS-IS,BRD business rule,P7,docs/architecture/prototype-parity/,
brdvis_715d282b6a57,public/pulse-html-prototype.html,,brd,M17,Communications,/communications,,,Visual requirement,Campaign builder stepper: Purpose → Audience → Content → Review → Approval → Schedule.,,,,,clinic-scoped-unless-stated,,operational,,,,,PROTOTYPE-ONLY,NOT-STARTED,NOT-STARTED,NOT-STARTED,NOT-STARTED,ADOPTED-AS-IS,BRD visual requirement; final PNG prevails where image exists,P7,docs/architecture/prototype-parity/,M02 queue + delivery status
brdvis_04bd78526b23,public/pulse-html-prototype.html,,brd,M17,Communications,/communications,,,Visual requirement,Desktop/mobile email preview and SMS character/segment indicator.,,,,,clinic-scoped-unless-stated,,operational,,,,,PROTOTYPE-ONLY,NOT-STARTED,NOT-STARTED,NOT-STARTED,NOT-STARTED,ADOPTED-AS-IS,BRD visual requirement; final PNG prevails where image exists,P7,docs/architecture/prototype-parity/,M02 queue + delivery status
brdvis_933205414507,public/pulse-html-prototype.html,,brd,M17,Communications,/communications,,,Visual requirement,"Audience summary showing source, included, excluded, duplicates and consent suppression.",,,,,clinic-scoped-unless-stated,,operational,,,,,PROTOTYPE-ONLY,NOT-STARTED,NOT-STARTED,NOT-STARTED,NOT-STARTED,ADOPTED-AS-IS,BRD visual requirement; final PNG prevails where image exists,P7,docs/architecture/prototype-parity/,M02 queue + delivery status
brdvis_a44f34b31866,public/pulse-html-prototype.html,,brd,M17,Communications,/communications,,,Visual requirement,Approval comparison showing changes since prior version.,,,,,clinic-scoped-unless-stated,,operational,,,,,PROTOTYPE-ONLY,NOT-STARTED,NOT-STARTED,NOT-STARTED,NOT-STARTED,ADOPTED-AS-IS,BRD visual requirement; final PNG prevails where image exists,P7,docs/architecture/prototype-parity/,M02 queue + delivery status
brdvis_90b7a5b211f8,public/pulse-html-prototype.html,,brd,M17,Communications,/communications,,,Visual requirement,Delivery dashboard with failure reason and retry action.,,,,,clinic-scoped-unless-stated,,operational,,,,,PROTOTYPE-ONLY,NOT-STARTED,NOT-STARTED,NOT-STARTED,NOT-STARTED,ADOPTED-AS-IS,BRD visual requirement; final PNG prevails where image exists,P7,docs/architecture/prototype-parity/,M02 queue + delivery status
brdout_269d0e7e8684,public/pulse-html-prototype.html,,brd,M17,Communications,/communications,,,Output/measure,Email and SMS campaign register,,,,,clinic-scoped-unless-stated,,operational,,,,,PROTOTYPE-ONLY,NOT-STARTED,NOT-STARTED,NOT-STARTED,NOT-STARTED,ADOPTED-AS-IS,BRD output/measure,P7,docs/architecture/prototype-parity/,
brdout_d018af3eccef,public/pulse-html-prototype.html,,brd,M17,Communications,/communications,,,Output/measure,Approval history,,,,,clinic-scoped-unless-stated,,operational,,,,,PROTOTYPE-ONLY,NOT-STARTED,NOT-STARTED,NOT-STARTED,NOT-STARTED,ADOPTED-AS-IS,BRD output/measure,P7,docs/architecture/prototype-parity/,
brdout_7ee8f612672a,public/pulse-html-prototype.html,,brd,M17,Communications,/communications,,,Output/measure,Audience inclusion/exclusion summary,,,,,clinic-scoped-unless-stated,,operational,,,,,PROTOTYPE-ONLY,NOT-STARTED,NOT-STARTED,NOT-STARTED,NOT-STARTED,ADOPTED-AS-IS,BRD output/measure,P7,docs/architecture/prototype-parity/,
brdout_c739465e6f31,public/pulse-html-prototype.html,,brd,M17,Communications,/communications,,,Output/measure,Delivery and failure report,,,,,clinic-scoped-unless-stated,,operational,,,,,PROTOTYPE-ONLY,NOT-STARTED,NOT-STARTED,NOT-STARTED,NOT-STARTED,ADOPTED-AS-IS,BRD output/measure,P7,docs/architecture/prototype-parity/,
brdout_c339340d7930,public/pulse-html-prototype.html,,brd,M17,Communications,/communications,,,Output/measure,Suppression/consent report,,,,,clinic-scoped-unless-stated,,operational,,,,,PROTOTYPE-ONLY,NOT-STARTED,NOT-STARTED,NOT-STARTED,NOT-STARTED,ADOPTED-AS-IS,BRD output/measure,P7,docs/architecture/prototype-parity/,
brdout_c3412803cf32,public/pulse-html-prototype.html,,brd,M17,Communications,/communications,,,Output/measure,Template usage report,,,,,clinic-scoped-unless-stated,,operational,,,,,PROTOTYPE-ONLY,NOT-STARTED,NOT-STARTED,NOT-STARTED,NOT-STARTED,ADOPTED-AS-IS,BRD output/measure,P7,docs/architecture/prototype-parity/,
brdout_8a3aba94b94c,public/pulse-html-prototype.html,,brd,M17,Communications,/communications,,,Output/measure,Measure: campaigns sent with approval,,,,,clinic-scoped-unless-stated,,operational,,,,,PROTOTYPE-ONLY,NOT-STARTED,NOT-STARTED,NOT-STARTED,NOT-STARTED,ADOPTED-AS-IS,BRD output/measure,P7,docs/architecture/prototype-parity/,
brdout_cc1a3f4c1c61,public/pulse-html-prototype.html,,brd,M17,Communications,/communications,,,Output/measure,Measure: unresolved permanent delivery errors,,,,,clinic-scoped-unless-stated,,operational,,,,,PROTOTYPE-ONLY,NOT-STARTED,NOT-STARTED,NOT-STARTED,NOT-STARTED,ADOPTED-AS-IS,BRD output/measure,P7,docs/architecture/prototype-parity/,
brdmod_65c6245d4efa,public/pulse-html-prototype.html,"{""file"": ""public/pulse-html-prototype.html"", ""startOffset"": 504373, ""endOffset"": 629806, ""startLine"": 2870, ""endLine"": 2870}",brd,M18,Digital,/digital-ops,,Digital Operations & Security,BRD module M18: Digital Operations & Security,"Monitor clinic websites and digital services, control remote-support access, govern password/secret ownership and rotation, manage security-camera access requests and review device/connector health.",,,,"IT / Security, Owners, Operations Managers, Approved Support Users, Auditors",clinic-scoped-unless-stated,"Digital monitoring, privileged access, secrets, security operations",operational,,src/modules/m18-*/ + module-register,,,PROTOTYPE-ONLY,NOT-STARTED,NOT-STARTED,NOT-STARTED,NOT-STARTED,ADOPTED-AS-IS,Landing-level digital ops/security,P7,docs/architecture/prototype-parity/,M06 live-operations
brdtab_f80e0d304756,public/pulse-html-prototype.html,"{""file"": ""public/pulse-html-prototype.html"", ""startOffset"": 504373, ""endOffset"": 629806, ""startLine"": 2870, ""endLine"": 2870}",brd,M18,Digital,/digital-ops,"/digital-ops?section=Website Monitoring — Availability, response time, outages and recovery.","Website Monitoring — Availability, response time, outages and recovery.","Tab: Website Monitoring — Availability, response time, outages and recovery.","Monitor clinic websites and digital services, control remote-support access, govern password/secret ownership and rotation, manage security-camera access requests and review device/connector health.","Website Monitoring — Availability, response time, outages and recovery.",,,,clinic-scoped-unless-stated,,operational,,,,,PROTOTYPE-ONLY,NOT-STARTED,NOT-STARTED,NOT-STARTED,NOT-STARTED,ADOPTED-AS-IS,BRD tab retained in canonical screen register,P7,docs/architecture/prototype-parity/,M06 live-operations
brdtab_d1ebfbf005fe,public/pulse-html-prototype.html,"{""file"": ""public/pulse-html-prototype.html"", ""startOffset"": 504373, ""endOffset"": 629806, ""startLine"": 2870, ""endLine"": 2870}",brd,M18,Digital,/digital-ops,"/digital-ops?section=SSL / Domain — Expiry, ownership and renewal actions.","SSL / Domain — Expiry, ownership and renewal actions.","Tab: SSL / Domain — Expiry, ownership and renewal actions.","Monitor clinic websites and digital services, control remote-support access, govern password/secret ownership and rotation, manage security-camera access requests and review device/connector health.","SSL / Domain — Expiry, ownership and renewal actions.",,,,clinic-scoped-unless-stated,,operational,,,,,PROTOTYPE-ONLY,NOT-STARTED,NOT-STARTED,NOT-STARTED,NOT-STARTED,ADOPTED-AS-IS,BRD tab retained in canonical screen register,P7,docs/architecture/prototype-parity/,M06 live-operations
brdtab_87f9750482f1,public/pulse-html-prototype.html,"{""file"": ""public/pulse-html-prototype.html"", ""startOffset"": 504373, ""endOffset"": 629806, ""startLine"": 2870, ""endLine"": 2870}",brd,M18,Digital,/digital-ops,"/digital-ops?section=Remote Access — Approved endpoints, requests, sessions and emergency access.","Remote Access — Approved endpoints, requests, sessions and emergency access.","Tab: Remote Access — Approved endpoints, requests, sessions and emergency access.","Monitor clinic websites and digital services, control remote-support access, govern password/secret ownership and rotation, manage security-camera access requests and review device/connector health.","Remote Access — Approved endpoints, requests, sessions and emergency access.",,,,clinic-scoped-unless-stated,,operational,,,,,PROTOTYPE-ONLY,NOT-STARTED,NOT-STARTED,NOT-STARTED,NOT-STARTED,ADOPTED-AS-IS,BRD tab retained in canonical screen register,P7,docs/architecture/prototype-parity/,M06 live-operations
brdtab_e81efb7f99e8,public/pulse-html-prototype.html,"{""file"": ""public/pulse-html-prototype.html"", ""startOffset"": 504373, ""endOffset"": 629806, ""startLine"": 2870, ""endLine"": 2870}",brd,M18,Digital,/digital-ops,"/digital-ops?section=Password / Secrets — Credential ownership, access requests, rotation and review.","Password / Secrets — Credential ownership, access requests, rotation and review.","Tab: Password / Secrets — Credential ownership, access requests, rotation and review.","Monitor clinic websites and digital services, control remote-support access, govern password/secret ownership and rotation, manage security-camera access requests and review device/connector health.","Password / Secrets — Credential ownership, access requests, rotation and review.",,,,clinic-scoped-unless-stated,,operational,,,,,PROTOTYPE-ONLY,NOT-STARTED,NOT-STARTED,NOT-STARTED,NOT-STARTED,ADOPTED-AS-IS,BRD tab retained in canonical screen register,P7,docs/architecture/prototype-parity/,M06 live-operations
brdtab_fa12cf845012,public/pulse-html-prototype.html,"{""file"": ""public/pulse-html-prototype.html"", ""startOffset"": 504373, ""endOffset"": 629806, ""startLine"": 2870, ""endLine"": 2870}",brd,M18,Digital,/digital-ops,"/digital-ops?section=Security Cameras — Camera inventory, health, viewing and footage requests.","Security Cameras — Camera inventory, health, viewing and footage requests.","Tab: Security Cameras — Camera inventory, health, viewing and footage requests.","Monitor clinic websites and digital services, control remote-support access, govern password/secret ownership and rotation, manage security-camera access requests and review device/connector health.","Security Cameras — Camera inventory, health, viewing and footage requests.",,,,clinic-scoped-unless-stated,,operational,,,,,PROTOTYPE-ONLY,NOT-STARTED,NOT-STARTED,NOT-STARTED,NOT-STARTED,ADOPTED-AS-IS,BRD tab retained in canonical screen register,P7,docs/architecture/prototype-parity/,M06 live-operations
brdtab_a4403d841845,public/pulse-html-prototype.html,"{""file"": ""public/pulse-html-prototype.html"", ""startOffset"": 504373, ""endOffset"": 629806, ""startLine"": 2870, ""endLine"": 2870}",brd,M18,Digital,/digital-ops,/digital-ops?section=Device / Connector Health — Operational status and assigned owner.,Device / Connector Health — Operational status and assigned owner.,Tab: Device / Connector Health — Operational status and assigned owner.,"Monitor clinic websites and digital services, control remote-support access, govern password/secret ownership and rotation, manage security-camera access requests and review device/connector health.",Device / Connector Health — Operational status and assigned owner.,,,,clinic-scoped-unless-stated,,operational,,,,,PROTOTYPE-ONLY,NOT-STARTED,NOT-STARTED,NOT-STARTED,NOT-STARTED,ADOPTED-AS-IS,BRD tab retained in canonical screen register,P7,docs/architecture/prototype-parity/,M06 live-operations
brdtab_4cd5a41d55ab,public/pulse-html-prototype.html,"{""file"": ""public/pulse-html-prototype.html"", ""startOffset"": 504373, ""endOffset"": 629806, ""startLine"": 2870, ""endLine"": 2870}",brd,M18,Digital,/digital-ops,/digital-ops?section=Access Reviews — Periodic review of sensitive digital access.,Access Reviews — Periodic review of sensitive digital access.,Tab: Access Reviews — Periodic review of sensitive digital access.,"Monitor clinic websites and digital services, control remote-support access, govern password/secret ownership and rotation, manage security-camera access requests and review device/connector health.",Access Reviews — Periodic review of sensitive digital access.,,,,clinic-scoped-unless-stated,,operational,,,,,PROTOTYPE-ONLY,NOT-STARTED,NOT-STARTED,NOT-STARTED,NOT-STARTED,ADOPTED-AS-IS,BRD tab retained in canonical screen register,P7,docs/architecture/prototype-parity/,M06 live-operations
brdtab_7ad1cdf1d259,public/pulse-html-prototype.html,"{""file"": ""public/pulse-html-prototype.html"", ""startOffset"": 504373, ""endOffset"": 629806, ""startLine"": 2870, ""endLine"": 2870}",brd,M18,Digital,/digital-ops,"/digital-ops?section=Reports — Outage, access, rotation and health history.","Reports — Outage, access, rotation and health history.","Tab: Reports — Outage, access, rotation and health history.","Monitor clinic websites and digital services, control remote-support access, govern password/secret ownership and rotation, manage security-camera access requests and review device/connector health.","Reports — Outage, access, rotation and health history.",,,,clinic-scoped-unless-stated,,operational,,,,,PROTOTYPE-ONLY,NOT-STARTED,NOT-STARTED,NOT-STARTED,NOT-STARTED,ADOPTED-AS-IS,BRD tab retained in canonical screen register,P7,docs/architecture/prototype-parity/,M06 live-operations
brdbtn_4a1ba18b4435,public/pulse-html-prototype.html,"{""file"": ""public/pulse-html-prototype.html"", ""startOffset"": 504373, ""endOffset"": 629806, ""startLine"": 2870, ""endLine"": 2870}",brd,M18,Digital,/digital-ops,,Digital Operations & Security,Named action: Add Website,"Monitor clinic websites and digital services, control remote-support access, govern password/secret ownership and rotation, manage security-camera access requests and review device/connector health.",Add Website,service-backed transition required for final claim,,,clinic-scoped-unless-stated,,operational,,,,,PROTOTYPE-ONLY,NOT-STARTED,NOT-STARTED,NOT-STARTED,NOT-STARTED,ADOPTED-AS-IS,"Named BRD button must map to real action, planned service-backed action, or owner decision",P7,docs/architecture/prototype-parity/,M06 live-operations
brdbtn_ad10bc5c1055,public/pulse-html-prototype.html,"{""file"": ""public/pulse-html-prototype.html"", ""startOffset"": 504373, ""endOffset"": 629806, ""startLine"": 2870, ""endLine"": 2870}",brd,M18,Digital,/digital-ops,,Digital Operations & Security,Named action: Run Check,"Monitor clinic websites and digital services, control remote-support access, govern password/secret ownership and rotation, manage security-camera access requests and review device/connector health.",Run Check,service-backed transition required for final claim,,,clinic-scoped-unless-stated,,operational,,,,,PROTOTYPE-ONLY,NOT-STARTED,NOT-STARTED,NOT-STARTED,NOT-STARTED,ADOPTED-AS-IS,"Named BRD button must map to real action, planned service-backed action, or owner decision",P7,docs/architecture/prototype-parity/,M06 live-operations
brdbtn_efef1d1f94e3,public/pulse-html-prototype.html,"{""file"": ""public/pulse-html-prototype.html"", ""startOffset"": 504373, ""endOffset"": 629806, ""startLine"": 2870, ""endLine"": 2870}",brd,M18,Digital,/digital-ops,,Digital Operations & Security,Named action: Acknowledge Outage,"Monitor clinic websites and digital services, control remote-support access, govern password/secret ownership and rotation, manage security-camera access requests and review device/connector health.",Acknowledge Outage,service-backed transition required for final claim,,,clinic-scoped-unless-stated,,operational,,,,,PROTOTYPE-ONLY,NOT-STARTED,NOT-STARTED,NOT-STARTED,NOT-STARTED,ADOPTED-AS-IS,"Named BRD button must map to real action, planned service-backed action, or owner decision",P7,docs/architecture/prototype-parity/,M06 live-operations
brdbtn_6a0d65872fc6,public/pulse-html-prototype.html,"{""file"": ""public/pulse-html-prototype.html"", ""startOffset"": 504373, ""endOffset"": 629806, ""startLine"": 2870, ""endLine"": 2870}",brd,M18,Digital,/digital-ops,,Digital Operations & Security,Named action: Create Incident / Ticket,"Monitor clinic websites and digital services, control remote-support access, govern password/secret ownership and rotation, manage security-camera access requests and review device/connector health.",Create Incident / Ticket,service-backed transition required for final claim,,,clinic-scoped-unless-stated,,operational,,,,,PROTOTYPE-ONLY,NOT-STARTED,NOT-STARTED,NOT-STARTED,NOT-STARTED,ADOPTED-AS-IS,"Named BRD button must map to real action, planned service-backed action, or owner decision",P7,docs/architecture/prototype-parity/,M06 live-operations
brdbtn_da62a26c5f73,public/pulse-html-prototype.html,"{""file"": ""public/pulse-html-prototype.html"", ""startOffset"": 504373, ""endOffset"": 629806, ""startLine"": 2870, ""endLine"": 2870}",brd,M18,Digital,/digital-ops,,Digital Operations & Security,Named action: Request Remote Access,"Monitor clinic websites and digital services, control remote-support access, govern password/secret ownership and rotation, manage security-camera access requests and review device/connector health.",Request Remote Access,service-backed transition required for final claim,,,clinic-scoped-unless-stated,,operational,,,,,PROTOTYPE-ONLY,NOT-STARTED,NOT-STARTED,NOT-STARTED,NOT-STARTED,ADOPTED-AS-IS,"Named BRD button must map to real action, planned service-backed action, or owner decision",P7,docs/architecture/prototype-parity/,M06 live-operations
brdbtn_bb67b7d58c1c,public/pulse-html-prototype.html,"{""file"": ""public/pulse-html-prototype.html"", ""startOffset"": 504373, ""endOffset"": 629806, ""startLine"": 2870, ""endLine"": 2870}",brd,M18,Digital,/digital-ops,,Digital Operations & Security,Named action: Approve / Reject Access,"Monitor clinic websites and digital services, control remote-support access, govern password/secret ownership and rotation, manage security-camera access requests and review device/connector health.",Approve / Reject Access,service-backed transition required for final claim,,,clinic-scoped-unless-stated,,operational,,,,,PROTOTYPE-ONLY,NOT-STARTED,NOT-STARTED,NOT-STARTED,NOT-STARTED,ADOPTED-AS-IS,"Named BRD button must map to real action, planned service-backed action, or owner decision",P7,docs/architecture/prototype-parity/,M06 live-operations
brdbtn_157778a6f6b8,public/pulse-html-prototype.html,"{""file"": ""public/pulse-html-prototype.html"", ""startOffset"": 504373, ""endOffset"": 629806, ""startLine"": 2870, ""endLine"": 2870}",brd,M18,Digital,/digital-ops,,Digital Operations & Security,Named action: Launch Approved Session,"Monitor clinic websites and digital services, control remote-support access, govern password/secret ownership and rotation, manage security-camera access requests and review device/connector health.",Launch Approved Session,service-backed transition required for final claim,,,clinic-scoped-unless-stated,,operational,,,,,PROTOTYPE-ONLY,NOT-STARTED,NOT-STARTED,NOT-STARTED,NOT-STARTED,ADOPTED-AS-IS,"Named BRD button must map to real action, planned service-backed action, or owner decision",P7,docs/architecture/prototype-parity/,M06 live-operations
brdbtn_3bee57875cd1,public/pulse-html-prototype.html,"{""file"": ""public/pulse-html-prototype.html"", ""startOffset"": 504373, ""endOffset"": 629806, ""startLine"": 2870, ""endLine"": 2870}",brd,M18,Digital,/digital-ops,,Digital Operations & Security,Named action: End Session,"Monitor clinic websites and digital services, control remote-support access, govern password/secret ownership and rotation, manage security-camera access requests and review device/connector health.",End Session,service-backed transition required for final claim,,,clinic-scoped-unless-stated,,operational,,,,,PROTOTYPE-ONLY,NOT-STARTED,NOT-STARTED,NOT-STARTED,NOT-STARTED,ADOPTED-AS-IS,"Named BRD button must map to real action, planned service-backed action, or owner decision",P7,docs/architecture/prototype-parity/,M06 live-operations
brdbtn_6f84c66300f8,public/pulse-html-prototype.html,"{""file"": ""public/pulse-html-prototype.html"", ""startOffset"": 504373, ""endOffset"": 629806, ""startLine"": 2870, ""endLine"": 2870}",brd,M18,Digital,/digital-ops,,Digital Operations & Security,Named action: Request Secret Access,"Monitor clinic websites and digital services, control remote-support access, govern password/secret ownership and rotation, manage security-camera access requests and review device/connector health.",Request Secret Access,service-backed transition required for final claim,,,clinic-scoped-unless-stated,,operational,,,,,PROTOTYPE-ONLY,NOT-STARTED,NOT-STARTED,NOT-STARTED,NOT-STARTED,ADOPTED-AS-IS,"Named BRD button must map to real action, planned service-backed action, or owner decision",P7,docs/architecture/prototype-parity/,M06 live-operations
brdbtn_ed242a44cbe5,public/pulse-html-prototype.html,"{""file"": ""public/pulse-html-prototype.html"", ""startOffset"": 504373, ""endOffset"": 629806, ""startLine"": 2870, ""endLine"": 2870}",brd,M18,Digital,/digital-ops,,Digital Operations & Security,Named action: Reveal / Copy with Reason,"Monitor clinic websites and digital services, control remote-support access, govern password/secret ownership and rotation, manage security-camera access requests and review device/connector health.",Reveal / Copy with Reason,service-backed transition required for final claim,,,clinic-scoped-unless-stated,,operational,,,,,PROTOTYPE-ONLY,NOT-STARTED,NOT-STARTED,NOT-STARTED,NOT-STARTED,ADOPTED-AS-IS,"Named BRD button must map to real action, planned service-backed action, or owner decision",P7,docs/architecture/prototype-parity/,M06 live-operations
brdbtn_a0073e1098ba,public/pulse-html-prototype.html,"{""file"": ""public/pulse-html-prototype.html"", ""startOffset"": 504373, ""endOffset"": 629806, ""startLine"": 2870, ""endLine"": 2870}",brd,M18,Digital,/digital-ops,,Digital Operations & Security,Named action: Rotate Credential,"Monitor clinic websites and digital services, control remote-support access, govern password/secret ownership and rotation, manage security-camera access requests and review device/connector health.",Rotate Credential,service-backed transition required for final claim,,,clinic-scoped-unless-stated,,operational,,,,,PROTOTYPE-ONLY,NOT-STARTED,NOT-STARTED,NOT-STARTED,NOT-STARTED,ADOPTED-AS-IS,"Named BRD button must map to real action, planned service-backed action, or owner decision",P7,docs/architecture/prototype-parity/,M06 live-operations
brdbtn_46adb81d4570,public/pulse-html-prototype.html,"{""file"": ""public/pulse-html-prototype.html"", ""startOffset"": 504373, ""endOffset"": 629806, ""startLine"": 2870, ""endLine"": 2870}",brd,M18,Digital,/digital-ops,,Digital Operations & Security,Named action: Request Footage,"Monitor clinic websites and digital services, control remote-support access, govern password/secret ownership and rotation, manage security-camera access requests and review device/connector health.",Request Footage,service-backed transition required for final claim,,,clinic-scoped-unless-stated,,operational,,,,,PROTOTYPE-ONLY,NOT-STARTED,NOT-STARTED,NOT-STARTED,NOT-STARTED,ADOPTED-AS-IS,"Named BRD button must map to real action, planned service-backed action, or owner decision",P7,docs/architecture/prototype-parity/,M06 live-operations
brdbtn_36416e8ffd7b,public/pulse-html-prototype.html,"{""file"": ""public/pulse-html-prototype.html"", ""startOffset"": 504373, ""endOffset"": 629806, ""startLine"": 2870, ""endLine"": 2870}",brd,M18,Digital,/digital-ops,,Digital Operations & Security,Named action: Approve Export,"Monitor clinic websites and digital services, control remote-support access, govern password/secret ownership and rotation, manage security-camera access requests and review device/connector health.",Approve Export,service-backed transition required for final claim,,,clinic-scoped-unless-stated,,operational,,,,,PROTOTYPE-ONLY,NOT-STARTED,NOT-STARTED,NOT-STARTED,NOT-STARTED,ADOPTED-AS-IS,"Named BRD button must map to real action, planned service-backed action, or owner decision",P7,docs/architecture/prototype-parity/,M06 live-operations
brdbtn_36907da098e9,public/pulse-html-prototype.html,"{""file"": ""public/pulse-html-prototype.html"", ""startOffset"": 504373, ""endOffset"": 629806, ""startLine"": 2870, ""endLine"": 2870}",brd,M18,Digital,/digital-ops,,Digital Operations & Security,Named action: Mark Camera Offline / Restored,"Monitor clinic websites and digital services, control remote-support access, govern password/secret ownership and rotation, manage security-camera access requests and review device/connector health.",Mark Camera Offline / Restored,service-backed transition required for final claim,,,clinic-scoped-unless-stated,,operational,,,,,PROTOTYPE-ONLY,NOT-STARTED,NOT-STARTED,NOT-STARTED,NOT-STARTED,ADOPTED-AS-IS,"Named BRD button must map to real action, planned service-backed action, or owner decision",P7,docs/architecture/prototype-parity/,M06 live-operations
brdbtn_62a844073ef4,public/pulse-html-prototype.html,"{""file"": ""public/pulse-html-prototype.html"", ""startOffset"": 504373, ""endOffset"": 629806, ""startLine"": 2870, ""endLine"": 2870}",brd,M18,Digital,/digital-ops,,Digital Operations & Security,Named action: Complete Access Review,"Monitor clinic websites and digital services, control remote-support access, govern password/secret ownership and rotation, manage security-camera access requests and review device/connector health.",Complete Access Review,service-backed transition required for final claim,,,clinic-scoped-unless-stated,,operational,,,,,PROTOTYPE-ONLY,NOT-STARTED,NOT-STARTED,NOT-STARTED,NOT-STARTED,ADOPTED-AS-IS,"Named BRD button must map to real action, planned service-backed action, or owner decision",P7,docs/architecture/prototype-parity/,M06 live-operations
brdflow_d963badfbf87,public/pulse-html-prototype.html,"{""file"": ""public/pulse-html-prototype.html"", ""startOffset"": 504373, ""endOffset"": 629806, ""startLine"": 2870, ""endLine"": 2870}",brd,M18,Digital,/digital-ops,,Digital Operations & Security,Workflow: Website outage response,Website outage response,,"Monitoring identifies repeated failures and creates an outag > IT user opens Website Monitoring and reviews status, respons > User acknowledges the alert and creates a ticket/incident if > Updates and recovery time are recorded. > After recovery, the outage closes and monthly uptime reporti",,,clinic-scoped-unless-stated,,operational,,,,,PROTOTYPE-ONLY,NOT-STARTED,NOT-STARTED,NOT-STARTED,NOT-STARTED,ADOPTED-AS-IS,Core,P7,docs/architecture/prototype-parity/,M06 live-operations
brdflow_00cbe64dfb21,public/pulse-html-prototype.html,"{""file"": ""public/pulse-html-prototype.html"", ""startOffset"": 504373, ""endOffset"": 629806, ""startLine"": 2870, ""endLine"": 2870}",brd,M18,Digital,/digital-ops,,Digital Operations & Security,Workflow: Remote access request,Remote access request,,"Support user opens Remote Access and selects an endpoint. > User clicks Request Access and enters purpose, expected dura > Approver reviews sensitivity and scope and approves, rejects > User launches the approved session; start/end and reason are > The session closes and any emergency or unusual access enter",,,clinic-scoped-unless-stated,,operational,,,,,PROTOTYPE-ONLY,NOT-STARTED,NOT-STARTED,NOT-STARTED,NOT-STARTED,ADOPTED-AS-IS,Core,P7,docs/architecture/prototype-parity/,M06 live-operations
brdflow_48c739466871,public/pulse-html-prototype.html,"{""file"": ""public/pulse-html-prototype.html"", ""startOffset"": 504373, ""endOffset"": 629806, ""startLine"": 2870, ""endLine"": 2870}",brd,M18,Digital,/digital-ops,,Digital Operations & Security,Workflow: High-risk secret access,High-risk secret access,,"User opens Password / Secrets and requests access to a restr > The request shows owner, sensitivity, reason and linked tick > Approver grants time-limited reveal/copy permission or rejec > User performs the allowed action; the event is logged. > If rotation is required after use, a rotation task is create",,,clinic-scoped-unless-stated,,operational,,,,,PROTOTYPE-ONLY,NOT-STARTED,NOT-STARTED,NOT-STARTED,NOT-STARTED,ADOPTED-AS-IS,Core,P7,docs/architecture/prototype-parity/,M06 live-operations
brdflow_b8746f9daf4b,public/pulse-html-prototype.html,"{""file"": ""public/pulse-html-prototype.html"", ""startOffset"": 504373, ""endOffset"": 629806, ""startLine"": 2870, ""endLine"": 2870}",brd,M18,Digital,/digital-ops,,Digital Operations & Security,Workflow: Camera footage request,Camera footage request,,"Authorised user opens Security Cameras and clicks Request Fo > The form captures camera/zone, date/time range, purpose and  > Approver reviews privacy, scope and authority. > Approved viewing/export is performed through the controlled  > The request closes with outcome, evidence reference and rete",,,clinic-scoped-unless-stated,,operational,,,,,PROTOTYPE-ONLY,NOT-STARTED,NOT-STARTED,NOT-STARTED,NOT-STARTED,ADOPTED-AS-IS,Core,P7,docs/architecture/prototype-parity/,M06 live-operations
brdrule_6fed39a10e38,public/pulse-html-prototype.html,,brd,M18,Digital,/digital-ops,,,Business rule,A single transient website failure should follow the configured threshold before major outage escalation.,,,,,clinic-scoped-unless-stated,,operational,,,,,PROTOTYPE-ONLY,NOT-STARTED,NOT-STARTED,NOT-STARTED,NOT-STARTED,ADOPTED-AS-IS,BRD business rule,P7,docs/architecture/prototype-parity/,
brdrule_05bc124ffbd0,public/pulse-html-prototype.html,,brd,M18,Digital,/digital-ops,,,Business rule,"Sensitive remote access requires approved purpose and is logged by user, time, asset and clinic.",,,,,clinic-scoped-unless-stated,,operational,,,,,PROTOTYPE-ONLY,NOT-STARTED,NOT-STARTED,NOT-STARTED,NOT-STARTED,ADOPTED-AS-IS,BRD business rule,P7,docs/architecture/prototype-parity/,
brdrule_43540f401b61,public/pulse-html-prototype.html,,brd,M18,Digital,/digital-ops,,,Business rule,Emergency/break-glass access triggers immediate notification and after-the-fact review.,,,,,clinic-scoped-unless-stated,,operational,,,,,PROTOTYPE-ONLY,NOT-STARTED,NOT-STARTED,NOT-STARTED,NOT-STARTED,ADOPTED-AS-IS,BRD business rule,P7,docs/architecture/prototype-parity/,
brdrule_ff18f3cd959e,public/pulse-html-prototype.html,,brd,M18,Digital,/digital-ops,,,Business rule,Credential reveal/copy/export requires reason and is auditable; high-risk credentials may require approval.,,,,,clinic-scoped-unless-stated,,operational,,,,,PROTOTYPE-ONLY,NOT-STARTED,NOT-STARTED,NOT-STARTED,NOT-STARTED,ADOPTED-AS-IS,BRD business rule,P7,docs/architecture/prototype-parity/,
brdrule_bc465777387f,public/pulse-html-prototype.html,,brd,M18,Digital,/digital-ops,,,Business rule,"Camera access is limited by role, clinic, zone and approved purpose; export requires approval and reason.",,,,,clinic-scoped-unless-stated,,operational,,,,,PROTOTYPE-ONLY,NOT-STARTED,NOT-STARTED,NOT-STARTED,NOT-STARTED,ADOPTED-AS-IS,BRD business rule,P7,docs/architecture/prototype-parity/,
brdrule_7666603725e5,public/pulse-html-prototype.html,,brd,M18,Digital,/digital-ops,,,Business rule,"Camera zones, signage, audio status and retention rules require business/privacy approval before use.",,,,,clinic-scoped-unless-stated,,operational,,,,,PROTOTYPE-ONLY,NOT-STARTED,NOT-STARTED,NOT-STARTED,NOT-STARTED,ADOPTED-AS-IS,BRD business rule,P7,docs/architecture/prototype-parity/,
brdvis_534b7f2f1ae7,public/pulse-html-prototype.html,,brd,M18,Digital,/digital-ops,,,Visual requirement,"Website health cards with current state, response time, recent outages and SSL days remaining.",,,,,clinic-scoped-unless-stated,,operational,,,,,PROTOTYPE-ONLY,NOT-STARTED,NOT-STARTED,NOT-STARTED,NOT-STARTED,ADOPTED-AS-IS,BRD visual requirement; final PNG prevails where image exists,P7,docs/architecture/prototype-parity/,M06 live-operations
brdvis_bd520a28148b,public/pulse-html-prototype.html,,brd,M18,Digital,/digital-ops,,,Visual requirement,"Remote endpoint register with clinic, asset, tool, sensitivity and owner.",,,,,clinic-scoped-unless-stated,,operational,,,,,PROTOTYPE-ONLY,NOT-STARTED,NOT-STARTED,NOT-STARTED,NOT-STARTED,ADOPTED-AS-IS,BRD visual requirement; final PNG prevails where image exists,P7,docs/architecture/prototype-parity/,M06 live-operations
brdvis_264a2be71923,public/pulse-html-prototype.html,,brd,M18,Digital,/digital-ops,,,Visual requirement,"Access request drawer showing purpose, duration and approver.",,,,,clinic-scoped-unless-stated,,operational,,,,,PROTOTYPE-ONLY,NOT-STARTED,NOT-STARTED,NOT-STARTED,NOT-STARTED,ADOPTED-AS-IS,BRD visual requirement; final PNG prevails where image exists,P7,docs/architecture/prototype-parity/,M06 live-operations
brdvis_d93e2d73d9fd,public/pulse-html-prototype.html,,brd,M18,Digital,/digital-ops,,,Visual requirement,"Credential governance card with owner, rotation due and last review; plain-text display is avoided where governance-only.",,,,,clinic-scoped-unless-stated,,operational,,,,,PROTOTYPE-ONLY,NOT-STARTED,NOT-STARTED,NOT-STARTED,NOT-STARTED,ADOPTED-AS-IS,BRD visual requirement; final PNG prevails where image exists,P7,docs/architecture/prototype-parity/,M06 live-operations
brdvis_32949bc765cb,public/pulse-html-prototype.html,,brd,M18,Digital,/digital-ops,,,Visual requirement,"Camera map/list with zone, purpose, privacy classification, health and request history.",,,,,clinic-scoped-unless-stated,,operational,,,,,PROTOTYPE-ONLY,NOT-STARTED,NOT-STARTED,NOT-STARTED,NOT-STARTED,ADOPTED-AS-IS,BRD visual requirement; final PNG prevails where image exists,P7,docs/architecture/prototype-parity/,M06 live-operations
brdout_2a6f2bed34fa,public/pulse-html-prototype.html,,brd,M18,Digital,/digital-ops,,,Output/measure,Website uptime/outage report,,,,,clinic-scoped-unless-stated,,operational,,,,,PROTOTYPE-ONLY,NOT-STARTED,NOT-STARTED,NOT-STARTED,NOT-STARTED,ADOPTED-AS-IS,BRD output/measure,P7,docs/architecture/prototype-parity/,
brdout_8382352f1b84,public/pulse-html-prototype.html,,brd,M18,Digital,/digital-ops,,,Output/measure,SSL/domain expiry report,,,,,clinic-scoped-unless-stated,,operational,,,,,PROTOTYPE-ONLY,NOT-STARTED,NOT-STARTED,NOT-STARTED,NOT-STARTED,ADOPTED-AS-IS,BRD output/measure,P7,docs/architecture/prototype-parity/,
brdout_9b3d9e669920,public/pulse-html-prototype.html,,brd,M18,Digital,/digital-ops,,,Output/measure,Remote access register and emergency review,,,,,clinic-scoped-unless-stated,,operational,,,,,PROTOTYPE-ONLY,NOT-STARTED,NOT-STARTED,NOT-STARTED,NOT-STARTED,ADOPTED-AS-IS,BRD output/measure,P7,docs/architecture/prototype-parity/,
brdout_c62de33eacb7,public/pulse-html-prototype.html,,brd,M18,Digital,/digital-ops,,,Output/measure,Credential rotation and access audit,,,,,clinic-scoped-unless-stated,,operational,,,,,PROTOTYPE-ONLY,NOT-STARTED,NOT-STARTED,NOT-STARTED,NOT-STARTED,ADOPTED-AS-IS,BRD output/measure,P7,docs/architecture/prototype-parity/,
brdout_947cd8d41df5,public/pulse-html-prototype.html,,brd,M18,Digital,/digital-ops,,,Output/measure,"Camera inventory, health and footage request report",,,,,clinic-scoped-unless-stated,,operational,,,,,PROTOTYPE-ONLY,NOT-STARTED,NOT-STARTED,NOT-STARTED,NOT-STARTED,ADOPTED-AS-IS,BRD output/measure,P7,docs/architecture/prototype-parity/,
brdout_2228f1416182,public/pulse-html-prototype.html,,brd,M18,Digital,/digital-ops,,,Output/measure,Sensitive access review report,,,,,clinic-scoped-unless-stated,,operational,,,,,PROTOTYPE-ONLY,NOT-STARTED,NOT-STARTED,NOT-STARTED,NOT-STARTED,ADOPTED-AS-IS,BRD output/measure,P7,docs/architecture/prototype-parity/,
brdout_74b436d1c98f,public/pulse-html-prototype.html,,brd,M18,Digital,/digital-ops,,,Output/measure,Measure: unresolved critical outages,,,,,clinic-scoped-unless-stated,,operational,,,,,PROTOTYPE-ONLY,NOT-STARTED,NOT-STARTED,NOT-STARTED,NOT-STARTED,ADOPTED-AS-IS,BRD output/measure,P7,docs/architecture/prototype-parity/,
brdout_b323f483862d,public/pulse-html-prototype.html,,brd,M18,Digital,/digital-ops,,,Output/measure,Measure: overdue credential rotations/access reviews,,,,,clinic-scoped-unless-stated,,operational,,,,,PROTOTYPE-ONLY,NOT-STARTED,NOT-STARTED,NOT-STARTED,NOT-STARTED,ADOPTED-AS-IS,BRD output/measure,P7,docs/architecture/prototype-parity/,
brdmod_fd91df02dc51,public/pulse-html-prototype.html,"{""file"": ""public/pulse-html-prototype.html"", ""startOffset"": 504373, ""endOffset"": 629806, ""startLine"": 2870, ""endLine"": 2870}",brd,M19,Analytics,/analytics,,"Clinic Analytics, Data Quality & Change","BRD module M19: Clinic Analytics, Data Quality & Change","Provide aggregate clinic flow and capacity insight, deeper benchmarking, master-data hygiene, change impact management and release/readiness control without creating patient-level operational workflows.",,,,"Owners, Operations Managers, Practice Managers, Data Owners, Change / Training / Compliance Owners",clinic-scoped-unless-stated,"Metric definitions, data-quality cases, change governance",operational,,src/modules/m19-*/ + module-register,,,PROTOTYPE-ONLY,NOT-STARTED,NOT-STARTED,NOT-STARTED,NOT-STARTED,ADOPTED-AS-IS,Landing-level analytics,P7,docs/architecture/prototype-parity/,M01 dashboard + data-quality cases
brdtab_640fdd8cb329,public/pulse-html-prototype.html,"{""file"": ""public/pulse-html-prototype.html"", ""startOffset"": 504373, ""endOffset"": 629806, ""startLine"": 2870, ""endLine"": 2870}",brd,M19,Analytics,/analytics,"/analytics?section=Capacity & Flow — Aggregate provider availability, demand, waiting and utilisation trends.","Capacity & Flow — Aggregate provider availability, demand, waiting and utilisation trends.","Tab: Capacity & Flow — Aggregate provider availability, demand, waiting and utilisation trends.","Provide aggregate clinic flow and capacity insight, deeper benchmarking, master-data hygiene, change impact management and release/readiness control without creating patient-level operational workflows.","Capacity & Flow — Aggregate provider availability, demand, waiting and utilisation trends.",,,,clinic-scoped-unless-stated,,operational,,,,,PROTOTYPE-ONLY,NOT-STARTED,NOT-STARTED,NOT-STARTED,NOT-STARTED,ADOPTED-AS-IS,BRD tab retained in canonical screen register,P7,docs/architecture/prototype-parity/,M01 dashboard + data-quality cases
brdtab_7ddf58e86d6d,public/pulse-html-prototype.html,"{""file"": ""public/pulse-html-prototype.html"", ""startOffset"": 504373, ""endOffset"": 629806, ""startLine"": 2870, ""endLine"": 2870}",brd,M19,Analytics,/analytics,"/analytics?section=Operational Trends — Roster, attendance, tasks, tickets, stock and quality trends.","Operational Trends — Roster, attendance, tasks, tickets, stock and quality trends.","Tab: Operational Trends — Roster, attendance, tasks, tickets, stock and quality trends.","Provide aggregate clinic flow and capacity insight, deeper benchmarking, master-data hygiene, change impact management and release/readiness control without creating patient-level operational workflows.","Operational Trends — Roster, attendance, tasks, tickets, stock and quality trends.",,,,clinic-scoped-unless-stated,,operational,,,,,PROTOTYPE-ONLY,NOT-STARTED,NOT-STARTED,NOT-STARTED,NOT-STARTED,ADOPTED-AS-IS,BRD tab retained in canonical screen register,P7,docs/architecture/prototype-parity/,M01 dashboard + data-quality cases
brdtab_79af6ef33401,public/pulse-html-prototype.html,"{""file"": ""public/pulse-html-prototype.html"", ""startOffset"": 504373, ""endOffset"": 629806, ""startLine"": 2870, ""endLine"": 2870}",brd,M19,Analytics,/analytics,/analytics?section=Benchmark Detail — Comparable clinic metrics and contributing factors.,Benchmark Detail — Comparable clinic metrics and contributing factors.,Tab: Benchmark Detail — Comparable clinic metrics and contributing factors.,"Provide aggregate clinic flow and capacity insight, deeper benchmarking, master-data hygiene, change impact management and release/readiness control without creating patient-level operational workflows.",Benchmark Detail — Comparable clinic metrics and contributing factors.,,,,clinic-scoped-unless-stated,,operational,,,,,PROTOTYPE-ONLY,NOT-STARTED,NOT-STARTED,NOT-STARTED,NOT-STARTED,ADOPTED-AS-IS,BRD tab retained in canonical screen register,P7,docs/architecture/prototype-parity/,M01 dashboard + data-quality cases
brdtab_8d867f05e4c2,public/pulse-html-prototype.html,"{""file"": ""public/pulse-html-prototype.html"", ""startOffset"": 504373, ""endOffset"": 629806, ""startLine"": 2870, ""endLine"": 2870}",brd,M19,Analytics,/analytics,"/analytics?section=Data Quality — Missing, duplicate, expired, inconsistent and stale records.","Data Quality — Missing, duplicate, expired, inconsistent and stale records.","Tab: Data Quality — Missing, duplicate, expired, inconsistent and stale records.","Provide aggregate clinic flow and capacity insight, deeper benchmarking, master-data hygiene, change impact management and release/readiness control without creating patient-level operational workflows.","Data Quality — Missing, duplicate, expired, inconsistent and stale records.",,,,clinic-scoped-unless-stated,,operational,,,,,PROTOTYPE-ONLY,NOT-STARTED,NOT-STARTED,NOT-STARTED,NOT-STARTED,ADOPTED-AS-IS,BRD tab retained in canonical screen register,P7,docs/architecture/prototype-parity/,M01 dashboard + data-quality cases
brdtab_7b84368406c1,public/pulse-html-prototype.html,"{""file"": ""public/pulse-html-prototype.html"", ""startOffset"": 504373, ""endOffset"": 629806, ""startLine"": 2870, ""endLine"": 2870}",brd,M19,Analytics,/analytics,"/analytics?section=Change Register — Proposed, assessed, approved, implemented and reviewed changes.","Change Register — Proposed, assessed, approved, implemented and reviewed changes.","Tab: Change Register — Proposed, assessed, approved, implemented and reviewed changes.","Provide aggregate clinic flow and capacity insight, deeper benchmarking, master-data hygiene, change impact management and release/readiness control without creating patient-level operational workflows.","Change Register — Proposed, assessed, approved, implemented and reviewed changes.",,,,clinic-scoped-unless-stated,,operational,,,,,PROTOTYPE-ONLY,NOT-STARTED,NOT-STARTED,NOT-STARTED,NOT-STARTED,ADOPTED-AS-IS,BRD tab retained in canonical screen register,P7,docs/architecture/prototype-parity/,M01 dashboard + data-quality cases
brdtab_3bc9473fd7d0,public/pulse-html-prototype.html,"{""file"": ""public/pulse-html-prototype.html"", ""startOffset"": 504373, ""endOffset"": 629806, ""startLine"": 2870, ""endLine"": 2870}",brd,M19,Analytics,/analytics,"/analytics?section=Impact Assessment — People, process, compliance, communication, finance and training impacts.","Impact Assessment — People, process, compliance, communication, finance and training impacts.","Tab: Impact Assessment — People, process, compliance, communication, finance and training impacts.","Provide aggregate clinic flow and capacity insight, deeper benchmarking, master-data hygiene, change impact management and release/readiness control without creating patient-level operational workflows.","Impact Assessment — People, process, compliance, communication, finance and training impacts.",,,,clinic-scoped-unless-stated,,operational,,,,,PROTOTYPE-ONLY,NOT-STARTED,NOT-STARTED,NOT-STARTED,NOT-STARTED,ADOPTED-AS-IS,BRD tab retained in canonical screen register,P7,docs/architecture/prototype-parity/,M01 dashboard + data-quality cases
brdtab_9ec2c19702a0,public/pulse-html-prototype.html,"{""file"": ""public/pulse-html-prototype.html"", ""startOffset"": 504373, ""endOffset"": 629806, ""startLine"": 2870, ""endLine"": 2870}",brd,M19,Analytics,/analytics,/analytics?section=Readiness — Actions required before an effective date or business release.,Readiness — Actions required before an effective date or business release.,Tab: Readiness — Actions required before an effective date or business release.,"Provide aggregate clinic flow and capacity insight, deeper benchmarking, master-data hygiene, change impact management and release/readiness control without creating patient-level operational workflows.",Readiness — Actions required before an effective date or business release.,,,,clinic-scoped-unless-stated,,operational,,,,,PROTOTYPE-ONLY,NOT-STARTED,NOT-STARTED,NOT-STARTED,NOT-STARTED,ADOPTED-AS-IS,BRD tab retained in canonical screen register,P7,docs/architecture/prototype-parity/,M01 dashboard + data-quality cases
brdtab_94930bd56feb,public/pulse-html-prototype.html,"{""file"": ""public/pulse-html-prototype.html"", ""startOffset"": 504373, ""endOffset"": 629806, ""startLine"": 2870, ""endLine"": 2870}",brd,M19,Analytics,/analytics,/analytics?section=Improvement Backlog — Prioritised improvement ideas and benefits.,Improvement Backlog — Prioritised improvement ideas and benefits.,Tab: Improvement Backlog — Prioritised improvement ideas and benefits.,"Provide aggregate clinic flow and capacity insight, deeper benchmarking, master-data hygiene, change impact management and release/readiness control without creating patient-level operational workflows.",Improvement Backlog — Prioritised improvement ideas and benefits.,,,,clinic-scoped-unless-stated,,operational,,,,,PROTOTYPE-ONLY,NOT-STARTED,NOT-STARTED,NOT-STARTED,NOT-STARTED,ADOPTED-AS-IS,BRD tab retained in canonical screen register,P7,docs/architecture/prototype-parity/,M01 dashboard + data-quality cases
brdtab_2206c3b4bc23,public/pulse-html-prototype.html,"{""file"": ""public/pulse-html-prototype.html"", ""startOffset"": 504373, ""endOffset"": 629806, ""startLine"": 2870, ""endLine"": 2870}",brd,M19,Analytics,/analytics,"/analytics?section=Rollback & Benefits Review — Pause, rollback, correct-forward and expected-versus-actual benefit assessment.","Rollback & Benefits Review — Pause, rollback, correct-forward and expected-versus-actual benefit assessment.","Tab: Rollback & Benefits Review — Pause, rollback, correct-forward and expected-versus-actual benefit assessment.","Provide aggregate clinic flow and capacity insight, deeper benchmarking, master-data hygiene, change impact management and release/readiness control without creating patient-level operational workflows.","Rollback & Benefits Review — Pause, rollback, correct-forward and expected-versus-actual benefit assessment.",,,,clinic-scoped-unless-stated,,operational,,,,,PROTOTYPE-ONLY,NOT-STARTED,NOT-STARTED,NOT-STARTED,NOT-STARTED,ADOPTED-AS-IS,BRD tab retained in canonical screen register,P7,docs/architecture/prototype-parity/,M01 dashboard + data-quality cases
brdbtn_b2eb9ef8d1c9,public/pulse-html-prototype.html,"{""file"": ""public/pulse-html-prototype.html"", ""startOffset"": 504373, ""endOffset"": 629806, ""startLine"": 2870, ""endLine"": 2870}",brd,M19,Analytics,/analytics,,"Clinic Analytics, Data Quality & Change",Named action: Refresh Analytics,"Provide aggregate clinic flow and capacity insight, deeper benchmarking, master-data hygiene, change impact management and release/readiness control without creating patient-level operational workflows.",Refresh Analytics,service-backed transition required for final claim,,,clinic-scoped-unless-stated,,operational,,,,,PROTOTYPE-ONLY,NOT-STARTED,NOT-STARTED,NOT-STARTED,NOT-STARTED,ADOPTED-AS-IS,"Named BRD button must map to real action, planned service-backed action, or owner decision",P7,docs/architecture/prototype-parity/,M01 dashboard + data-quality cases
brdbtn_0de4f54a3388,public/pulse-html-prototype.html,"{""file"": ""public/pulse-html-prototype.html"", ""startOffset"": 504373, ""endOffset"": 629806, ""startLine"": 2870, ""endLine"": 2870}",brd,M19,Analytics,/analytics,,"Clinic Analytics, Data Quality & Change",Named action: Filter / Compare,"Provide aggregate clinic flow and capacity insight, deeper benchmarking, master-data hygiene, change impact management and release/readiness control without creating patient-level operational workflows.",Filter / Compare,service-backed transition required for final claim,,,clinic-scoped-unless-stated,,operational,,,,,PROTOTYPE-ONLY,NOT-STARTED,NOT-STARTED,NOT-STARTED,NOT-STARTED,ADOPTED-AS-IS,"Named BRD button must map to real action, planned service-backed action, or owner decision",P7,docs/architecture/prototype-parity/,M01 dashboard + data-quality cases
brdbtn_a69591e58915,public/pulse-html-prototype.html,"{""file"": ""public/pulse-html-prototype.html"", ""startOffset"": 504373, ""endOffset"": 629806, ""startLine"": 2870, ""endLine"": 2870}",brd,M19,Analytics,/analytics,,"Clinic Analytics, Data Quality & Change",Named action: Open Contributing Record,"Provide aggregate clinic flow and capacity insight, deeper benchmarking, master-data hygiene, change impact management and release/readiness control without creating patient-level operational workflows.",Open Contributing Record,service-backed transition required for final claim,,,clinic-scoped-unless-stated,,operational,,,,,PROTOTYPE-ONLY,NOT-STARTED,NOT-STARTED,NOT-STARTED,NOT-STARTED,ADOPTED-AS-IS,"Named BRD button must map to real action, planned service-backed action, or owner decision",P7,docs/architecture/prototype-parity/,M01 dashboard + data-quality cases
brdbtn_1aa7717454cf,public/pulse-html-prototype.html,"{""file"": ""public/pulse-html-prototype.html"", ""startOffset"": 504373, ""endOffset"": 629806, ""startLine"": 2870, ""endLine"": 2870}",brd,M19,Analytics,/analytics,,"Clinic Analytics, Data Quality & Change",Named action: Create Action,"Provide aggregate clinic flow and capacity insight, deeper benchmarking, master-data hygiene, change impact management and release/readiness control without creating patient-level operational workflows.",Create Action,service-backed transition required for final claim,,,clinic-scoped-unless-stated,,operational,,,,,PROTOTYPE-ONLY,NOT-STARTED,NOT-STARTED,NOT-STARTED,NOT-STARTED,ADOPTED-AS-IS,"Named BRD button must map to real action, planned service-backed action, or owner decision",P7,docs/architecture/prototype-parity/,M01 dashboard + data-quality cases
brdbtn_f63b6362e31f,public/pulse-html-prototype.html,"{""file"": ""public/pulse-html-prototype.html"", ""startOffset"": 504373, ""endOffset"": 629806, ""startLine"": 2870, ""endLine"": 2870}",brd,M19,Analytics,/analytics,,"Clinic Analytics, Data Quality & Change",Named action: Run Data Quality Check,"Provide aggregate clinic flow and capacity insight, deeper benchmarking, master-data hygiene, change impact management and release/readiness control without creating patient-level operational workflows.",Run Data Quality Check,service-backed transition required for final claim,,,clinic-scoped-unless-stated,,operational,,,,,PROTOTYPE-ONLY,NOT-STARTED,NOT-STARTED,NOT-STARTED,NOT-STARTED,ADOPTED-AS-IS,"Named BRD button must map to real action, planned service-backed action, or owner decision",P7,docs/architecture/prototype-parity/,M01 dashboard + data-quality cases
brdbtn_f51811b39426,public/pulse-html-prototype.html,"{""file"": ""public/pulse-html-prototype.html"", ""startOffset"": 504373, ""endOffset"": 629806, ""startLine"": 2870, ""endLine"": 2870}",brd,M19,Analytics,/analytics,,"Clinic Analytics, Data Quality & Change",Named action: Assign Correction,"Provide aggregate clinic flow and capacity insight, deeper benchmarking, master-data hygiene, change impact management and release/readiness control without creating patient-level operational workflows.",Assign Correction,service-backed transition required for final claim,,,clinic-scoped-unless-stated,,operational,,,,,PROTOTYPE-ONLY,NOT-STARTED,NOT-STARTED,NOT-STARTED,NOT-STARTED,ADOPTED-AS-IS,"Named BRD button must map to real action, planned service-backed action, or owner decision",P7,docs/architecture/prototype-parity/,M01 dashboard + data-quality cases
brdbtn_f9298b06218c,public/pulse-html-prototype.html,"{""file"": ""public/pulse-html-prototype.html"", ""startOffset"": 504373, ""endOffset"": 629806, ""startLine"": 2870, ""endLine"": 2870}",brd,M19,Analytics,/analytics,,"Clinic Analytics, Data Quality & Change",Named action: Merge / Resolve Duplicate,"Provide aggregate clinic flow and capacity insight, deeper benchmarking, master-data hygiene, change impact management and release/readiness control without creating patient-level operational workflows.",Merge / Resolve Duplicate,service-backed transition required for final claim,,,clinic-scoped-unless-stated,,operational,,,,,PROTOTYPE-ONLY,NOT-STARTED,NOT-STARTED,NOT-STARTED,NOT-STARTED,ADOPTED-AS-IS,"Named BRD button must map to real action, planned service-backed action, or owner decision",P7,docs/architecture/prototype-parity/,M01 dashboard + data-quality cases
brdbtn_a29d04b52dc8,public/pulse-html-prototype.html,"{""file"": ""public/pulse-html-prototype.html"", ""startOffset"": 504373, ""endOffset"": 629806, ""startLine"": 2870, ""endLine"": 2870}",brd,M19,Analytics,/analytics,,"Clinic Analytics, Data Quality & Change",Named action: Raise Change,"Provide aggregate clinic flow and capacity insight, deeper benchmarking, master-data hygiene, change impact management and release/readiness control without creating patient-level operational workflows.",Raise Change,service-backed transition required for final claim,,,clinic-scoped-unless-stated,,operational,,,,,PROTOTYPE-ONLY,NOT-STARTED,NOT-STARTED,NOT-STARTED,NOT-STARTED,ADOPTED-AS-IS,"Named BRD button must map to real action, planned service-backed action, or owner decision",P7,docs/architecture/prototype-parity/,M01 dashboard + data-quality cases
brdbtn_f22264a7cc59,public/pulse-html-prototype.html,"{""file"": ""public/pulse-html-prototype.html"", ""startOffset"": 504373, ""endOffset"": 629806, ""startLine"": 2870, ""endLine"": 2870}",brd,M19,Analytics,/analytics,,"Clinic Analytics, Data Quality & Change",Named action: Assess Impact,"Provide aggregate clinic flow and capacity insight, deeper benchmarking, master-data hygiene, change impact management and release/readiness control without creating patient-level operational workflows.",Assess Impact,service-backed transition required for final claim,,,clinic-scoped-unless-stated,,operational,,,,,PROTOTYPE-ONLY,NOT-STARTED,NOT-STARTED,NOT-STARTED,NOT-STARTED,ADOPTED-AS-IS,"Named BRD button must map to real action, planned service-backed action, or owner decision",P7,docs/architecture/prototype-parity/,M01 dashboard + data-quality cases
brdbtn_279c6b8dea79,public/pulse-html-prototype.html,"{""file"": ""public/pulse-html-prototype.html"", ""startOffset"": 504373, ""endOffset"": 629806, ""startLine"": 2870, ""endLine"": 2870}",brd,M19,Analytics,/analytics,,"Clinic Analytics, Data Quality & Change",Named action: Submit Change Approval,"Provide aggregate clinic flow and capacity insight, deeper benchmarking, master-data hygiene, change impact management and release/readiness control without creating patient-level operational workflows.",Submit Change Approval,service-backed transition required for final claim,,,clinic-scoped-unless-stated,,operational,,,,,PROTOTYPE-ONLY,NOT-STARTED,NOT-STARTED,NOT-STARTED,NOT-STARTED,ADOPTED-AS-IS,"Named BRD button must map to real action, planned service-backed action, or owner decision",P7,docs/architecture/prototype-parity/,M01 dashboard + data-quality cases
brdbtn_3ba80f815bf1,public/pulse-html-prototype.html,"{""file"": ""public/pulse-html-prototype.html"", ""startOffset"": 504373, ""endOffset"": 629806, ""startLine"": 2870, ""endLine"": 2870}",brd,M19,Analytics,/analytics,,"Clinic Analytics, Data Quality & Change",Named action: Publish Effective Date,"Provide aggregate clinic flow and capacity insight, deeper benchmarking, master-data hygiene, change impact management and release/readiness control without creating patient-level operational workflows.",Publish Effective Date,service-backed transition required for final claim,,,clinic-scoped-unless-stated,,operational,,,,,PROTOTYPE-ONLY,NOT-STARTED,NOT-STARTED,NOT-STARTED,NOT-STARTED,ADOPTED-AS-IS,"Named BRD button must map to real action, planned service-backed action, or owner decision",P7,docs/architecture/prototype-parity/,M01 dashboard + data-quality cases
brdbtn_47b96cef1175,public/pulse-html-prototype.html,"{""file"": ""public/pulse-html-prototype.html"", ""startOffset"": 504373, ""endOffset"": 629806, ""startLine"": 2870, ""endLine"": 2870}",brd,M19,Analytics,/analytics,,"Clinic Analytics, Data Quality & Change",Named action: Confirm Readiness,"Provide aggregate clinic flow and capacity insight, deeper benchmarking, master-data hygiene, change impact management and release/readiness control without creating patient-level operational workflows.",Confirm Readiness,service-backed transition required for final claim,,,clinic-scoped-unless-stated,,operational,,,,,PROTOTYPE-ONLY,NOT-STARTED,NOT-STARTED,NOT-STARTED,NOT-STARTED,ADOPTED-AS-IS,"Named BRD button must map to real action, planned service-backed action, or owner decision",P7,docs/architecture/prototype-parity/,M01 dashboard + data-quality cases
brdbtn_6ccd59705693,public/pulse-html-prototype.html,"{""file"": ""public/pulse-html-prototype.html"", ""startOffset"": 504373, ""endOffset"": 629806, ""startLine"": 2870, ""endLine"": 2870}",brd,M19,Analytics,/analytics,,"Clinic Analytics, Data Quality & Change",Named action: Start Post-Change Review,"Provide aggregate clinic flow and capacity insight, deeper benchmarking, master-data hygiene, change impact management and release/readiness control without creating patient-level operational workflows.",Start Post-Change Review,service-backed transition required for final claim,,,clinic-scoped-unless-stated,,operational,,,,,PROTOTYPE-ONLY,NOT-STARTED,NOT-STARTED,NOT-STARTED,NOT-STARTED,ADOPTED-AS-IS,"Named BRD button must map to real action, planned service-backed action, or owner decision",P7,docs/architecture/prototype-parity/,M01 dashboard + data-quality cases
brdbtn_c07b6603ef31,public/pulse-html-prototype.html,"{""file"": ""public/pulse-html-prototype.html"", ""startOffset"": 504373, ""endOffset"": 629806, ""startLine"": 2870, ""endLine"": 2870}",brd,M19,Analytics,/analytics,,"Clinic Analytics, Data Quality & Change",Named action: Add Improvement,"Provide aggregate clinic flow and capacity insight, deeper benchmarking, master-data hygiene, change impact management and release/readiness control without creating patient-level operational workflows.",Add Improvement,service-backed transition required for final claim,,,clinic-scoped-unless-stated,,operational,,,,,PROTOTYPE-ONLY,NOT-STARTED,NOT-STARTED,NOT-STARTED,NOT-STARTED,ADOPTED-AS-IS,"Named BRD button must map to real action, planned service-backed action, or owner decision",P7,docs/architecture/prototype-parity/,M01 dashboard + data-quality cases
brdbtn_50ca3d07941a,public/pulse-html-prototype.html,"{""file"": ""public/pulse-html-prototype.html"", ""startOffset"": 504373, ""endOffset"": 629806, ""startLine"": 2870, ""endLine"": 2870}",brd,M19,Analytics,/analytics,,"Clinic Analytics, Data Quality & Change",Named action: Pause Change,"Provide aggregate clinic flow and capacity insight, deeper benchmarking, master-data hygiene, change impact management and release/readiness control without creating patient-level operational workflows.",Pause Change,service-backed transition required for final claim,,,clinic-scoped-unless-stated,,operational,,,,,PROTOTYPE-ONLY,NOT-STARTED,NOT-STARTED,NOT-STARTED,NOT-STARTED,ADOPTED-AS-IS,"Named BRD button must map to real action, planned service-backed action, or owner decision",P7,docs/architecture/prototype-parity/,M01 dashboard + data-quality cases
brdbtn_58a509ffd7d1,public/pulse-html-prototype.html,"{""file"": ""public/pulse-html-prototype.html"", ""startOffset"": 504373, ""endOffset"": 629806, ""startLine"": 2870, ""endLine"": 2870}",brd,M19,Analytics,/analytics,,"Clinic Analytics, Data Quality & Change",Named action: Rollback Change,"Provide aggregate clinic flow and capacity insight, deeper benchmarking, master-data hygiene, change impact management and release/readiness control without creating patient-level operational workflows.",Rollback Change,service-backed transition required for final claim,,,clinic-scoped-unless-stated,,operational,,,,,PROTOTYPE-ONLY,NOT-STARTED,NOT-STARTED,NOT-STARTED,NOT-STARTED,ADOPTED-AS-IS,"Named BRD button must map to real action, planned service-backed action, or owner decision",P7,docs/architecture/prototype-parity/,M01 dashboard + data-quality cases
brdbtn_716059719a80,public/pulse-html-prototype.html,"{""file"": ""public/pulse-html-prototype.html"", ""startOffset"": 504373, ""endOffset"": 629806, ""startLine"": 2870, ""endLine"": 2870}",brd,M19,Analytics,/analytics,,"Clinic Analytics, Data Quality & Change",Named action: Correct Forward,"Provide aggregate clinic flow and capacity insight, deeper benchmarking, master-data hygiene, change impact management and release/readiness control without creating patient-level operational workflows.",Correct Forward,service-backed transition required for final claim,,,clinic-scoped-unless-stated,,operational,,,,,PROTOTYPE-ONLY,NOT-STARTED,NOT-STARTED,NOT-STARTED,NOT-STARTED,ADOPTED-AS-IS,"Named BRD button must map to real action, planned service-backed action, or owner decision",P7,docs/architecture/prototype-parity/,M01 dashboard + data-quality cases
brdbtn_143a1e56ce2a,public/pulse-html-prototype.html,"{""file"": ""public/pulse-html-prototype.html"", ""startOffset"": 504373, ""endOffset"": 629806, ""startLine"": 2870, ""endLine"": 2870}",brd,M19,Analytics,/analytics,,"Clinic Analytics, Data Quality & Change",Named action: Complete Benefits Review,"Provide aggregate clinic flow and capacity insight, deeper benchmarking, master-data hygiene, change impact management and release/readiness control without creating patient-level operational workflows.",Complete Benefits Review,service-backed transition required for final claim,,,clinic-scoped-unless-stated,,operational,,,,,PROTOTYPE-ONLY,NOT-STARTED,NOT-STARTED,NOT-STARTED,NOT-STARTED,ADOPTED-AS-IS,"Named BRD button must map to real action, planned service-backed action, or owner decision",P7,docs/architecture/prototype-parity/,M01 dashboard + data-quality cases
brdflow_c0ee29056b17,public/pulse-html-prototype.html,"{""file"": ""public/pulse-html-prototype.html"", ""startOffset"": 504373, ""endOffset"": 629806, ""startLine"": 2870, ""endLine"": 2870}",brd,M19,Analytics,/analytics,,"Clinic Analytics, Data Quality & Change",Workflow: Review clinic capacity,Review clinic capacity,,"Manager opens Capacity & Flow and selects clinic and period. > Aggregate charts show demand, provider availability, waiting > Manager selects an outlier and opens contributing summary, n > Manager clicks Create Action to address roster, opening hour > The action is assigned and tracked through Action Inbox and ",,,clinic-scoped-unless-stated,,operational,,,,,PROTOTYPE-ONLY,NOT-STARTED,NOT-STARTED,NOT-STARTED,NOT-STARTED,ADOPTED-AS-IS,Core,P7,docs/architecture/prototype-parity/,M01 dashboard + data-quality cases
brdflow_1a670ddfc404,public/pulse-html-prototype.html,"{""file"": ""public/pulse-html-prototype.html"", ""startOffset"": 504373, ""endOffset"": 629806, ""startLine"": 2870, ""endLine"": 2870}",brd,M19,Analytics,/analytics,,"Clinic Analytics, Data Quality & Change",Workflow: Correct data-quality issue,Correct data-quality issue,,"Data owner opens Data Quality and filters to Critical. > The page shows missing/duplicate/stale record, affected work > Owner opens the source record and corrects or submits a merg > Reviewer confirms the correction where sensitive or high-imp > The next quality check clears the exception and updates the ",,,clinic-scoped-unless-stated,,operational,,,,,PROTOTYPE-ONLY,NOT-STARTED,NOT-STARTED,NOT-STARTED,NOT-STARTED,ADOPTED-AS-IS,Core,P7,docs/architecture/prototype-parity/,M01 dashboard + data-quality cases
brdflow_2d60acaef68d,public/pulse-html-prototype.html,"{""file"": ""public/pulse-html-prototype.html"", ""startOffset"": 504373, ""endOffset"": 629806, ""startLine"": 2870, ""endLine"": 2870}",brd,M19,Analytics,/analytics,,"Clinic Analytics, Data Quality & Change",Workflow: Manage a business change,Manage a business change,,"Owner clicks Raise Change and records reason, desired outcom > Impact Assessment prompts review of staff, policies, trainin > Required actions and approvers are assigned. > When readiness items are complete, approver confirms Go Live > After implementation, owner starts Post-Change Review and re",,,clinic-scoped-unless-stated,,operational,,,,,PROTOTYPE-ONLY,NOT-STARTED,NOT-STARTED,NOT-STARTED,NOT-STARTED,ADOPTED-AS-IS,Core,P7,docs/architecture/prototype-parity/,M01 dashboard + data-quality cases
brdflow_4353732957b4,public/pulse-html-prototype.html,"{""file"": ""public/pulse-html-prototype.html"", ""startOffset"": 504373, ""endOffset"": 629806, ""startLine"": 2870, ""endLine"": 2870}",brd,M19,Analytics,/analytics,,"Clinic Analytics, Data Quality & Change","Workflow: Failed Change, Rollback and Benefit-Realisation Review","Failed Change, Rollback and Benefit-Realisation Review",,"After implementation, the change owner records actual perfor > If the change is unsafe or unsuccessful, the owner selects P > The impact panel identifies affected clinics, users, policie > Required approval is obtained and affected users are notifie > Rollback/correction actions are executed and linked incident > The owner confirms stabilisation and records any permanent r > At the scheduled benefits review, expected and actual outcom > Further improvement actions are created or the change is for",,,clinic-scoped-unless-stated,,operational,,,,,PROTOTYPE-ONLY,NOT-STARTED,NOT-STARTED,NOT-STARTED,NOT-STARTED,ADOPTED-AS-IS,Expanded,P7,docs/architecture/prototype-parity/,M01 dashboard + data-quality cases
brdrule_8ec7f7b32847,public/pulse-html-prototype.html,,brd,M19,Analytics,/analytics,,,Business rule,"Analytics must clearly label data period, definition, exclusions and refresh status.",,,,,clinic-scoped-unless-stated,,operational,,,,,PROTOTYPE-ONLY,NOT-STARTED,NOT-STARTED,NOT-STARTED,NOT-STARTED,ADOPTED-AS-IS,BRD business rule,P7,docs/architecture/prototype-parity/,
brdrule_da5163656244,public/pulse-html-prototype.html,,brd,M19,Analytics,/analytics,,,Business rule,Data quality exceptions require an owner; critical incomplete data can block roster/pay/compliance workflows.,,,,,clinic-scoped-unless-stated,,operational,,,,,PROTOTYPE-ONLY,NOT-STARTED,NOT-STARTED,NOT-STARTED,NOT-STARTED,ADOPTED-AS-IS,BRD business rule,P7,docs/architecture/prototype-parity/,
brdrule_7e9e80c00093,public/pulse-html-prototype.html,,brd,M19,Analytics,/analytics,,,Business rule,Duplicates are resolved without deleting required history.,,,,,clinic-scoped-unless-stated,,operational,,,,,PROTOTYPE-ONLY,NOT-STARTED,NOT-STARTED,NOT-STARTED,NOT-STARTED,ADOPTED-AS-IS,BRD business rule,P7,docs/architecture/prototype-parity/,
brdrule_20bad535cb0e,public/pulse-html-prototype.html,,brd,M19,Analytics,/analytics,,,Business rule,"Meaningful business changes require reason, owner, impact, effective date, communication/training decision and post-change review.",,,,,clinic-scoped-unless-stated,,operational,,,,,PROTOTYPE-ONLY,NOT-STARTED,NOT-STARTED,NOT-STARTED,NOT-STARTED,ADOPTED-AS-IS,BRD business rule,P7,docs/architecture/prototype-parity/,
brdrule_2bdec8cf285c,public/pulse-html-prototype.html,,brd,M19,Analytics,/analytics,,,Business rule,"Policy, pay rule, template and critical workflow changes are versioned and effective-dated.",,,,,clinic-scoped-unless-stated,,operational,,,,,PROTOTYPE-ONLY,NOT-STARTED,NOT-STARTED,NOT-STARTED,NOT-STARTED,ADOPTED-AS-IS,BRD business rule,P7,docs/architecture/prototype-parity/,
brdvis_7475ab855c30,public/pulse-html-prototype.html,,brd,M19,Analytics,/analytics,,,Visual requirement,"Aggregate capacity charts by clinic, day and provider group with no patient identifiers.",,,,,clinic-scoped-unless-stated,,operational,,,,,PROTOTYPE-ONLY,NOT-STARTED,NOT-STARTED,NOT-STARTED,NOT-STARTED,ADOPTED-AS-IS,BRD visual requirement; final PNG prevails where image exists,P7,docs/architecture/prototype-parity/,M01 dashboard + data-quality cases
brdvis_fda8dbf070c4,public/pulse-html-prototype.html,,brd,M19,Analytics,/analytics,,,Visual requirement,"Benchmark cards with definition, threshold and drill-down.",,,,,clinic-scoped-unless-stated,,operational,,,,,PROTOTYPE-ONLY,NOT-STARTED,NOT-STARTED,NOT-STARTED,NOT-STARTED,ADOPTED-AS-IS,BRD visual requirement; final PNG prevails where image exists,P7,docs/architecture/prototype-parity/,M01 dashboard + data-quality cases
brdvis_7ed01308d970,public/pulse-html-prototype.html,,brd,M19,Analytics,/analytics,,,Visual requirement,Data quality dashboard with completeness score and owner.,,,,,clinic-scoped-unless-stated,,operational,,,,,PROTOTYPE-ONLY,NOT-STARTED,NOT-STARTED,NOT-STARTED,NOT-STARTED,ADOPTED-AS-IS,BRD visual requirement; final PNG prevails where image exists,P7,docs/architecture/prototype-parity/,M01 dashboard + data-quality cases
brdvis_d633ddc509d9,public/pulse-html-prototype.html,,brd,M19,Analytics,/analytics,,,Visual requirement,"Change impact checklist and dependency map linking policies, training, checklists and communications.",,,,,clinic-scoped-unless-stated,,operational,,,,,PROTOTYPE-ONLY,NOT-STARTED,NOT-STARTED,NOT-STARTED,NOT-STARTED,ADOPTED-AS-IS,BRD visual requirement; final PNG prevails where image exists,P7,docs/architecture/prototype-parity/,M01 dashboard + data-quality cases
brdvis_6577e7920b47,public/pulse-html-prototype.html,,brd,M19,Analytics,/analytics,,,Visual requirement,"Readiness status showing Not Started, At Risk, Ready and Implemented.",,,,,clinic-scoped-unless-stated,,operational,,,,,PROTOTYPE-ONLY,NOT-STARTED,NOT-STARTED,NOT-STARTED,NOT-STARTED,ADOPTED-AS-IS,BRD visual requirement; final PNG prevails where image exists,P7,docs/architecture/prototype-parity/,M01 dashboard + data-quality cases
brdout_3508f153e6e8,public/pulse-html-prototype.html,,brd,M19,Analytics,/analytics,,,Output/measure,Aggregate clinic capacity and flow report,,,,,clinic-scoped-unless-stated,,operational,,,,,PROTOTYPE-ONLY,NOT-STARTED,NOT-STARTED,NOT-STARTED,NOT-STARTED,ADOPTED-AS-IS,BRD output/measure,P7,docs/architecture/prototype-parity/,
brdout_8ebe01d41731,public/pulse-html-prototype.html,,brd,M19,Analytics,/analytics,,,Output/measure,Operational trend and benchmark detail,,,,,clinic-scoped-unless-stated,,operational,,,,,PROTOTYPE-ONLY,NOT-STARTED,NOT-STARTED,NOT-STARTED,NOT-STARTED,ADOPTED-AS-IS,BRD output/measure,P7,docs/architecture/prototype-parity/,
brdout_67bba58c83ed,public/pulse-html-prototype.html,,brd,M19,Analytics,/analytics,,,Output/measure,Data quality dashboard and exception register,,,,,clinic-scoped-unless-stated,,operational,,,,,PROTOTYPE-ONLY,NOT-STARTED,NOT-STARTED,NOT-STARTED,NOT-STARTED,ADOPTED-AS-IS,BRD output/measure,P7,docs/architecture/prototype-parity/,
brdout_2f22bdcd180d,public/pulse-html-prototype.html,,brd,M19,Analytics,/analytics,,,Output/measure,Change register and impact assessment,,,,,clinic-scoped-unless-stated,,operational,,,,,PROTOTYPE-ONLY,NOT-STARTED,NOT-STARTED,NOT-STARTED,NOT-STARTED,ADOPTED-AS-IS,BRD output/measure,P7,docs/architecture/prototype-parity/,
brdout_bfa8692d61eb,public/pulse-html-prototype.html,,brd,M19,Analytics,/analytics,,,Output/measure,Readiness and post-change review report,,,,,clinic-scoped-unless-stated,,operational,,,,,PROTOTYPE-ONLY,NOT-STARTED,NOT-STARTED,NOT-STARTED,NOT-STARTED,ADOPTED-AS-IS,BRD output/measure,P7,docs/architecture/prototype-parity/,
brdout_7327b60c5618,public/pulse-html-prototype.html,,brd,M19,Analytics,/analytics,,,Output/measure,Improvement backlog,,,,,clinic-scoped-unless-stated,,operational,,,,,PROTOTYPE-ONLY,NOT-STARTED,NOT-STARTED,NOT-STARTED,NOT-STARTED,ADOPTED-AS-IS,BRD output/measure,P7,docs/architecture/prototype-parity/,
brdout_1a8894e5a754,public/pulse-html-prototype.html,,brd,M19,Analytics,/analytics,,,Output/measure,Measure: critical data-quality exceptions,,,,,clinic-scoped-unless-stated,,operational,,,,,PROTOTYPE-ONLY,NOT-STARTED,NOT-STARTED,NOT-STARTED,NOT-STARTED,ADOPTED-AS-IS,BRD output/measure,P7,docs/architecture/prototype-parity/,
brdout_7774b436c904,public/pulse-html-prototype.html,,brd,M19,Analytics,/analytics,,,Output/measure,Measure: changes implemented with readiness complete,,,,,clinic-scoped-unless-stated,,operational,,,,,PROTOTYPE-ONLY,NOT-STARTED,NOT-STARTED,NOT-STARTED,NOT-STARTED,ADOPTED-AS-IS,BRD output/measure,P7,docs/architecture/prototype-parity/,
brdmod_306b9d7f717c,public/pulse-html-prototype.html,"{""file"": ""public/pulse-html-prototype.html"", ""startOffset"": 504373, ""endOffset"": 629806, ""startLine"": 2870, ""endLine"": 2870}",brd,M20,Commercial,/saas,,Commercial SaaS & Future Workspaces,BRD module M20: Commercial SaaS & Future Workspaces,"Prepare a future commercial version for onboarding external clinic groups, controlling subscribed modules, support access, branding, usage, renewals, offboarding and optional department workspaces.",,,,"Owner / Commercial Manager, SaaS Administrator, Customer Success / Support, Finance / Billing, Tenant Administrator",clinic-scoped-unless-stated,Tenant-facing commercial plans/workspaces,operational,,src/modules/m20-*/ + module-register,,,PROTOTYPE-ONLY,NOT-STARTED,NOT-STARTED,NOT-STARTED,NOT-STARTED,ADOPTED-AS-IS,Commercial SaaS only; not clinic patient billing,P8,docs/architecture/prototype-parity/,M04/M02 commercial workspaces
brdtab_f7efa2f81d9e,public/pulse-html-prototype.html,"{""file"": ""public/pulse-html-prototype.html"", ""startOffset"": 504373, ""endOffset"": 629806, ""startLine"": 2870, ""endLine"": 2870}",brd,M20,Commercial,/saas,"/saas?section=Tenants — Customer clinic groups, status, contacts and contract dates.","Tenants — Customer clinic groups, status, contacts and contract dates.","Tab: Tenants — Customer clinic groups, status, contacts and contract dates.","Prepare a future commercial version for onboarding external clinic groups, controlling subscribed modules, support access, branding, usage, renewals, offboarding and optional department workspaces.","Tenants — Customer clinic groups, status, contacts and contract dates.",,,,clinic-scoped-unless-stated,,operational,,,,,PROTOTYPE-ONLY,NOT-STARTED,NOT-STARTED,NOT-STARTED,NOT-STARTED,ADOPTED-AS-IS,BRD tab retained in canonical screen register,P8,docs/architecture/prototype-parity/,M04/M02 commercial workspaces
brdtab_6c08718037ad,public/pulse-html-prototype.html,"{""file"": ""public/pulse-html-prototype.html"", ""startOffset"": 504373, ""endOffset"": 629806, ""startLine"": 2870, ""endLine"": 2870}",brd,M20,Commercial,/saas,/saas?section=Plans & Modules — Subscribed capability packages and limits.,Plans & Modules — Subscribed capability packages and limits.,Tab: Plans & Modules — Subscribed capability packages and limits.,"Prepare a future commercial version for onboarding external clinic groups, controlling subscribed modules, support access, branding, usage, renewals, offboarding and optional department workspaces.",Plans & Modules — Subscribed capability packages and limits.,,,,clinic-scoped-unless-stated,,operational,,,,,PROTOTYPE-ONLY,NOT-STARTED,NOT-STARTED,NOT-STARTED,NOT-STARTED,ADOPTED-AS-IS,BRD tab retained in canonical screen register,P8,docs/architecture/prototype-parity/,M04/M02 commercial workspaces
brdtab_e5b2a4292a58,public/pulse-html-prototype.html,"{""file"": ""public/pulse-html-prototype.html"", ""startOffset"": 504373, ""endOffset"": 629806, ""startLine"": 2870, ""endLine"": 2870}",brd,M20,Commercial,/saas,"/saas?section=Onboarding — Customer configuration, training and acceptance checklist.","Onboarding — Customer configuration, training and acceptance checklist.","Tab: Onboarding — Customer configuration, training and acceptance checklist.","Prepare a future commercial version for onboarding external clinic groups, controlling subscribed modules, support access, branding, usage, renewals, offboarding and optional department workspaces.","Onboarding — Customer configuration, training and acceptance checklist.",,,,clinic-scoped-unless-stated,,operational,,,,,PROTOTYPE-ONLY,NOT-STARTED,NOT-STARTED,NOT-STARTED,NOT-STARTED,ADOPTED-AS-IS,BRD tab retained in canonical screen register,P8,docs/architecture/prototype-parity/,M04/M02 commercial workspaces
brdtab_62ff4a90c0bc,public/pulse-html-prototype.html,"{""file"": ""public/pulse-html-prototype.html"", ""startOffset"": 504373, ""endOffset"": 629806, ""startLine"": 2870, ""endLine"": 2870}",brd,M20,Commercial,/saas,/saas?section=Branding & Settings — Approved tenant-level business preferences.,Branding & Settings — Approved tenant-level business preferences.,Tab: Branding & Settings — Approved tenant-level business preferences.,"Prepare a future commercial version for onboarding external clinic groups, controlling subscribed modules, support access, branding, usage, renewals, offboarding and optional department workspaces.",Branding & Settings — Approved tenant-level business preferences.,,,,clinic-scoped-unless-stated,,operational,,,,,PROTOTYPE-ONLY,NOT-STARTED,NOT-STARTED,NOT-STARTED,NOT-STARTED,ADOPTED-AS-IS,BRD tab retained in canonical screen register,P8,docs/architecture/prototype-parity/,M04/M02 commercial workspaces
brdtab_cc3237948d4a,public/pulse-html-prototype.html,"{""file"": ""public/pulse-html-prototype.html"", ""startOffset"": 504373, ""endOffset"": 629806, ""startLine"": 2870, ""endLine"": 2870}",brd,M20,Commercial,/saas,"/saas?section=Support Access — Time-limited support requests, reasons and review.","Support Access — Time-limited support requests, reasons and review.","Tab: Support Access — Time-limited support requests, reasons and review.","Prepare a future commercial version for onboarding external clinic groups, controlling subscribed modules, support access, branding, usage, renewals, offboarding and optional department workspaces.","Support Access — Time-limited support requests, reasons and review.",,,,clinic-scoped-unless-stated,,operational,,,,,PROTOTYPE-ONLY,NOT-STARTED,NOT-STARTED,NOT-STARTED,NOT-STARTED,ADOPTED-AS-IS,BRD tab retained in canonical screen register,P8,docs/architecture/prototype-parity/,M04/M02 commercial workspaces
brdtab_ebf4210e3fe1,public/pulse-html-prototype.html,"{""file"": ""public/pulse-html-prototype.html"", ""startOffset"": 504373, ""endOffset"": 629806, ""startLine"": 2870, ""endLine"": 2870}",brd,M20,Commercial,/saas,"/saas?section=Usage & Adoption — Module use, active users and configuration gaps.","Usage & Adoption — Module use, active users and configuration gaps.","Tab: Usage & Adoption — Module use, active users and configuration gaps.","Prepare a future commercial version for onboarding external clinic groups, controlling subscribed modules, support access, branding, usage, renewals, offboarding and optional department workspaces.","Usage & Adoption — Module use, active users and configuration gaps.",,,,clinic-scoped-unless-stated,,operational,,,,,PROTOTYPE-ONLY,NOT-STARTED,NOT-STARTED,NOT-STARTED,NOT-STARTED,ADOPTED-AS-IS,BRD tab retained in canonical screen register,P8,docs/architecture/prototype-parity/,M04/M02 commercial workspaces
brdtab_aa7c1710f474,public/pulse-html-prototype.html,"{""file"": ""public/pulse-html-prototype.html"", ""startOffset"": 504373, ""endOffset"": 629806, ""startLine"": 2870, ""endLine"": 2870}",brd,M20,Commercial,/saas,"/saas?section=Renewals — Renewal dates, risks, decisions and actions.","Renewals — Renewal dates, risks, decisions and actions.","Tab: Renewals — Renewal dates, risks, decisions and actions.","Prepare a future commercial version for onboarding external clinic groups, controlling subscribed modules, support access, branding, usage, renewals, offboarding and optional department workspaces.","Renewals — Renewal dates, risks, decisions and actions.",,,,clinic-scoped-unless-stated,,operational,,,,,PROTOTYPE-ONLY,NOT-STARTED,NOT-STARTED,NOT-STARTED,NOT-STARTED,ADOPTED-AS-IS,BRD tab retained in canonical screen register,P8,docs/architecture/prototype-parity/,M04/M02 commercial workspaces
brdtab_2373a78bc1aa,public/pulse-html-prototype.html,"{""file"": ""public/pulse-html-prototype.html"", ""startOffset"": 504373, ""endOffset"": 629806, ""startLine"": 2870, ""endLine"": 2870}",brd,M20,Commercial,/saas,"/saas?section=Offboarding — Export, retention, access removal and closure checklist.","Offboarding — Export, retention, access removal and closure checklist.","Tab: Offboarding — Export, retention, access removal and closure checklist.","Prepare a future commercial version for onboarding external clinic groups, controlling subscribed modules, support access, branding, usage, renewals, offboarding and optional department workspaces.","Offboarding — Export, retention, access removal and closure checklist.",,,,clinic-scoped-unless-stated,,operational,,,,,PROTOTYPE-ONLY,NOT-STARTED,NOT-STARTED,NOT-STARTED,NOT-STARTED,ADOPTED-AS-IS,BRD tab retained in canonical screen register,P8,docs/architecture/prototype-parity/,M04/M02 commercial workspaces
brdtab_4bb0414a6c55,public/pulse-html-prototype.html,"{""file"": ""public/pulse-html-prototype.html"", ""startOffset"": 504373, ""endOffset"": 629806, ""startLine"": 2870, ""endLine"": 2870}",brd,M20,Commercial,/saas,/saas?section=Future Departments — Optional controlled workspaces with tasks and documents.,Future Departments — Optional controlled workspaces with tasks and documents.,Tab: Future Departments — Optional controlled workspaces with tasks and documents.,"Prepare a future commercial version for onboarding external clinic groups, controlling subscribed modules, support access, branding, usage, renewals, offboarding and optional department workspaces.",Future Departments — Optional controlled workspaces with tasks and documents.,,,,clinic-scoped-unless-stated,,operational,,,,,PROTOTYPE-ONLY,NOT-STARTED,NOT-STARTED,NOT-STARTED,NOT-STARTED,ADOPTED-AS-IS,BRD tab retained in canonical screen register,P8,docs/architecture/prototype-parity/,M04/M02 commercial workspaces
brdtab_96fa918eba56,public/pulse-html-prototype.html,"{""file"": ""public/pulse-html-prototype.html"", ""startOffset"": 504373, ""endOffset"": 629806, ""startLine"": 2870, ""endLine"": 2870}",brd,M20,Commercial,/saas,"/saas?section=Subscription & Billing — Trial conversion, plan changes, billing contacts, failed payment, suspension and reinstatement.","Subscription & Billing — Trial conversion, plan changes, billing contacts, failed payment, suspension and reinstatement.","Tab: Subscription & Billing — Trial conversion, plan changes, billing contacts, failed payment, suspension and reinstatement.","Prepare a future commercial version for onboarding external clinic groups, controlling subscribed modules, support access, branding, usage, renewals, offboarding and optional department workspaces.","Subscription & Billing — Trial conversion, plan changes, billing contacts, failed payment, suspension and reinstatement.",,,,clinic-scoped-unless-stated,,operational,,,,,PROTOTYPE-ONLY,NOT-STARTED,NOT-STARTED,NOT-STARTED,NOT-STARTED,ADOPTED-AS-IS,BRD tab retained in canonical screen register,P8,docs/architecture/prototype-parity/,M04/M02 commercial workspaces
brdtab_0ba2e39308a6,public/pulse-html-prototype.html,"{""file"": ""public/pulse-html-prototype.html"", ""startOffset"": 504373, ""endOffset"": 629806, ""startLine"": 2870, ""endLine"": 2870}",brd,M20,Commercial,/saas,"/saas?section=Customer Support Escalations — Severity, temporary access, progress updates, service-impact communications and post-incident summary.","Customer Support Escalations — Severity, temporary access, progress updates, service-impact communications and post-incident summary.","Tab: Customer Support Escalations — Severity, temporary access, progress updates, service-impact communications and post-incident summary.","Prepare a future commercial version for onboarding external clinic groups, controlling subscribed modules, support access, branding, usage, renewals, offboarding and optional department workspaces.","Customer Support Escalations — Severity, temporary access, progress updates, service-impact communications and post-incident summary.",,,,clinic-scoped-unless-stated,,operational,,,,,PROTOTYPE-ONLY,NOT-STARTED,NOT-STARTED,NOT-STARTED,NOT-STARTED,ADOPTED-AS-IS,BRD tab retained in canonical screen register,P8,docs/architecture/prototype-parity/,M04/M02 commercial workspaces
brdbtn_3639dcaa2958,public/pulse-html-prototype.html,"{""file"": ""public/pulse-html-prototype.html"", ""startOffset"": 504373, ""endOffset"": 629806, ""startLine"": 2870, ""endLine"": 2870}",brd,M20,Commercial,/saas,,Commercial SaaS & Future Workspaces,Named action: Add Tenant,"Prepare a future commercial version for onboarding external clinic groups, controlling subscribed modules, support access, branding, usage, renewals, offboarding and optional department workspaces.",Add Tenant,service-backed transition required for final claim,,,clinic-scoped-unless-stated,,operational,,,,,PROTOTYPE-ONLY,NOT-STARTED,NOT-STARTED,NOT-STARTED,NOT-STARTED,ADOPTED-AS-IS,"Named BRD button must map to real action, planned service-backed action, or owner decision",P8,docs/architecture/prototype-parity/,M04/M02 commercial workspaces
brdbtn_4b6033997d61,public/pulse-html-prototype.html,"{""file"": ""public/pulse-html-prototype.html"", ""startOffset"": 504373, ""endOffset"": 629806, ""startLine"": 2870, ""endLine"": 2870}",brd,M20,Commercial,/saas,,Commercial SaaS & Future Workspaces,Named action: Select Plan / Modules,"Prepare a future commercial version for onboarding external clinic groups, controlling subscribed modules, support access, branding, usage, renewals, offboarding and optional department workspaces.",Select Plan / Modules,service-backed transition required for final claim,,,clinic-scoped-unless-stated,,operational,,,,,PROTOTYPE-ONLY,NOT-STARTED,NOT-STARTED,NOT-STARTED,NOT-STARTED,ADOPTED-AS-IS,"Named BRD button must map to real action, planned service-backed action, or owner decision",P8,docs/architecture/prototype-parity/,M04/M02 commercial workspaces
brdbtn_3483096b25a6,public/pulse-html-prototype.html,"{""file"": ""public/pulse-html-prototype.html"", ""startOffset"": 504373, ""endOffset"": 629806, ""startLine"": 2870, ""endLine"": 2870}",brd,M20,Commercial,/saas,,Commercial SaaS & Future Workspaces,Named action: Invite Tenant Admin,"Prepare a future commercial version for onboarding external clinic groups, controlling subscribed modules, support access, branding, usage, renewals, offboarding and optional department workspaces.",Invite Tenant Admin,service-backed transition required for final claim,,,clinic-scoped-unless-stated,,operational,,,,,PROTOTYPE-ONLY,NOT-STARTED,NOT-STARTED,NOT-STARTED,NOT-STARTED,ADOPTED-AS-IS,"Named BRD button must map to real action, planned service-backed action, or owner decision",P8,docs/architecture/prototype-parity/,M04/M02 commercial workspaces
brdbtn_90b93e34190f,public/pulse-html-prototype.html,"{""file"": ""public/pulse-html-prototype.html"", ""startOffset"": 504373, ""endOffset"": 629806, ""startLine"": 2870, ""endLine"": 2870}",brd,M20,Commercial,/saas,,Commercial SaaS & Future Workspaces,Named action: Start Onboarding,"Prepare a future commercial version for onboarding external clinic groups, controlling subscribed modules, support access, branding, usage, renewals, offboarding and optional department workspaces.",Start Onboarding,service-backed transition required for final claim,,,clinic-scoped-unless-stated,,operational,,,,,PROTOTYPE-ONLY,NOT-STARTED,NOT-STARTED,NOT-STARTED,NOT-STARTED,ADOPTED-AS-IS,"Named BRD button must map to real action, planned service-backed action, or owner decision",P8,docs/architecture/prototype-parity/,M04/M02 commercial workspaces
brdbtn_c971128b5cda,public/pulse-html-prototype.html,"{""file"": ""public/pulse-html-prototype.html"", ""startOffset"": 504373, ""endOffset"": 629806, ""startLine"": 2870, ""endLine"": 2870}",brd,M20,Commercial,/saas,,Commercial SaaS & Future Workspaces,Named action: Complete Configuration Review,"Prepare a future commercial version for onboarding external clinic groups, controlling subscribed modules, support access, branding, usage, renewals, offboarding and optional department workspaces.",Complete Configuration Review,service-backed transition required for final claim,,,clinic-scoped-unless-stated,,operational,,,,,PROTOTYPE-ONLY,NOT-STARTED,NOT-STARTED,NOT-STARTED,NOT-STARTED,ADOPTED-AS-IS,"Named BRD button must map to real action, planned service-backed action, or owner decision",P8,docs/architecture/prototype-parity/,M04/M02 commercial workspaces
brdbtn_ebf2be9046ba,public/pulse-html-prototype.html,"{""file"": ""public/pulse-html-prototype.html"", ""startOffset"": 504373, ""endOffset"": 629806, ""startLine"": 2870, ""endLine"": 2870}",brd,M20,Commercial,/saas,,Commercial SaaS & Future Workspaces,Named action: Grant Temporary Support Access,"Prepare a future commercial version for onboarding external clinic groups, controlling subscribed modules, support access, branding, usage, renewals, offboarding and optional department workspaces.",Grant Temporary Support Access,service-backed transition required for final claim,,,clinic-scoped-unless-stated,,operational,,,,,PROTOTYPE-ONLY,NOT-STARTED,NOT-STARTED,NOT-STARTED,NOT-STARTED,ADOPTED-AS-IS,"Named BRD button must map to real action, planned service-backed action, or owner decision",P8,docs/architecture/prototype-parity/,M04/M02 commercial workspaces
brdbtn_f1b00cc4fecb,public/pulse-html-prototype.html,"{""file"": ""public/pulse-html-prototype.html"", ""startOffset"": 504373, ""endOffset"": 629806, ""startLine"": 2870, ""endLine"": 2870}",brd,M20,Commercial,/saas,,Commercial SaaS & Future Workspaces,Named action: Review Adoption,"Prepare a future commercial version for onboarding external clinic groups, controlling subscribed modules, support access, branding, usage, renewals, offboarding and optional department workspaces.",Review Adoption,service-backed transition required for final claim,,,clinic-scoped-unless-stated,,operational,,,,,PROTOTYPE-ONLY,NOT-STARTED,NOT-STARTED,NOT-STARTED,NOT-STARTED,ADOPTED-AS-IS,"Named BRD button must map to real action, planned service-backed action, or owner decision",P8,docs/architecture/prototype-parity/,M04/M02 commercial workspaces
brdbtn_01d44298a8a0,public/pulse-html-prototype.html,"{""file"": ""public/pulse-html-prototype.html"", ""startOffset"": 504373, ""endOffset"": 629806, ""startLine"": 2870, ""endLine"": 2870}",brd,M20,Commercial,/saas,,Commercial SaaS & Future Workspaces,Named action: Create Renewal Action,"Prepare a future commercial version for onboarding external clinic groups, controlling subscribed modules, support access, branding, usage, renewals, offboarding and optional department workspaces.",Create Renewal Action,service-backed transition required for final claim,,,clinic-scoped-unless-stated,,operational,,,,,PROTOTYPE-ONLY,NOT-STARTED,NOT-STARTED,NOT-STARTED,NOT-STARTED,ADOPTED-AS-IS,"Named BRD button must map to real action, planned service-backed action, or owner decision",P8,docs/architecture/prototype-parity/,M04/M02 commercial workspaces
brdbtn_a0eed96dcf77,public/pulse-html-prototype.html,"{""file"": ""public/pulse-html-prototype.html"", ""startOffset"": 504373, ""endOffset"": 629806, ""startLine"": 2870, ""endLine"": 2870}",brd,M20,Commercial,/saas,,Commercial SaaS & Future Workspaces,Named action: Suspend Tenant,"Prepare a future commercial version for onboarding external clinic groups, controlling subscribed modules, support access, branding, usage, renewals, offboarding and optional department workspaces.",Suspend Tenant,service-backed transition required for final claim,,,clinic-scoped-unless-stated,,operational,,,,,PROTOTYPE-ONLY,NOT-STARTED,NOT-STARTED,NOT-STARTED,NOT-STARTED,ADOPTED-AS-IS,"Named BRD button must map to real action, planned service-backed action, or owner decision",P8,docs/architecture/prototype-parity/,M04/M02 commercial workspaces
brdbtn_59ce10ace8a5,public/pulse-html-prototype.html,"{""file"": ""public/pulse-html-prototype.html"", ""startOffset"": 504373, ""endOffset"": 629806, ""startLine"": 2870, ""endLine"": 2870}",brd,M20,Commercial,/saas,,Commercial SaaS & Future Workspaces,Named action: Start Offboarding,"Prepare a future commercial version for onboarding external clinic groups, controlling subscribed modules, support access, branding, usage, renewals, offboarding and optional department workspaces.",Start Offboarding,service-backed transition required for final claim,,,clinic-scoped-unless-stated,,operational,,,,,PROTOTYPE-ONLY,NOT-STARTED,NOT-STARTED,NOT-STARTED,NOT-STARTED,ADOPTED-AS-IS,"Named BRD button must map to real action, planned service-backed action, or owner decision",P8,docs/architecture/prototype-parity/,M04/M02 commercial workspaces
brdbtn_f803b8256ce5,public/pulse-html-prototype.html,"{""file"": ""public/pulse-html-prototype.html"", ""startOffset"": 504373, ""endOffset"": 629806, ""startLine"": 2870, ""endLine"": 2870}",brd,M20,Commercial,/saas,,Commercial SaaS & Future Workspaces,Named action: Confirm Closure,"Prepare a future commercial version for onboarding external clinic groups, controlling subscribed modules, support access, branding, usage, renewals, offboarding and optional department workspaces.",Confirm Closure,service-backed transition required for final claim,,,clinic-scoped-unless-stated,,operational,,,,,PROTOTYPE-ONLY,NOT-STARTED,NOT-STARTED,NOT-STARTED,NOT-STARTED,ADOPTED-AS-IS,"Named BRD button must map to real action, planned service-backed action, or owner decision",P8,docs/architecture/prototype-parity/,M04/M02 commercial workspaces
brdbtn_c05a84ca9b64,public/pulse-html-prototype.html,"{""file"": ""public/pulse-html-prototype.html"", ""startOffset"": 504373, ""endOffset"": 629806, ""startLine"": 2870, ""endLine"": 2870}",brd,M20,Commercial,/saas,,Commercial SaaS & Future Workspaces,Named action: Create Department Workspace,"Prepare a future commercial version for onboarding external clinic groups, controlling subscribed modules, support access, branding, usage, renewals, offboarding and optional department workspaces.",Create Department Workspace,service-backed transition required for final claim,,,clinic-scoped-unless-stated,,operational,,,,,PROTOTYPE-ONLY,NOT-STARTED,NOT-STARTED,NOT-STARTED,NOT-STARTED,ADOPTED-AS-IS,"Named BRD button must map to real action, planned service-backed action, or owner decision",P8,docs/architecture/prototype-parity/,M04/M02 commercial workspaces
brdbtn_4c8f837ecc86,public/pulse-html-prototype.html,"{""file"": ""public/pulse-html-prototype.html"", ""startOffset"": 504373, ""endOffset"": 629806, ""startLine"": 2870, ""endLine"": 2870}",brd,M20,Commercial,/saas,,Commercial SaaS & Future Workspaces,Named action: Upgrade / Downgrade Plan,"Prepare a future commercial version for onboarding external clinic groups, controlling subscribed modules, support access, branding, usage, renewals, offboarding and optional department workspaces.",Upgrade / Downgrade Plan,service-backed transition required for final claim,,,clinic-scoped-unless-stated,,operational,,,,,PROTOTYPE-ONLY,NOT-STARTED,NOT-STARTED,NOT-STARTED,NOT-STARTED,ADOPTED-AS-IS,"Named BRD button must map to real action, planned service-backed action, or owner decision",P8,docs/architecture/prototype-parity/,M04/M02 commercial workspaces
brdbtn_8ad0fa1ae28d,public/pulse-html-prototype.html,"{""file"": ""public/pulse-html-prototype.html"", ""startOffset"": 504373, ""endOffset"": 629806, ""startLine"": 2870, ""endLine"": 2870}",brd,M20,Commercial,/saas,,Commercial SaaS & Future Workspaces,Named action: Record Failed Subscription Payment,"Prepare a future commercial version for onboarding external clinic groups, controlling subscribed modules, support access, branding, usage, renewals, offboarding and optional department workspaces.",Record Failed Subscription Payment,service-backed transition required for final claim,,,clinic-scoped-unless-stated,,operational,,,,,PROTOTYPE-ONLY,NOT-STARTED,NOT-STARTED,NOT-STARTED,NOT-STARTED,ADOPTED-AS-IS,"Named BRD button must map to real action, planned service-backed action, or owner decision",P8,docs/architecture/prototype-parity/,M04/M02 commercial workspaces
brdbtn_d79939ba1f57,public/pulse-html-prototype.html,"{""file"": ""public/pulse-html-prototype.html"", ""startOffset"": 504373, ""endOffset"": 629806, ""startLine"": 2870, ""endLine"": 2870}",brd,M20,Commercial,/saas,,Commercial SaaS & Future Workspaces,Named action: Reinstate Tenant,"Prepare a future commercial version for onboarding external clinic groups, controlling subscribed modules, support access, branding, usage, renewals, offboarding and optional department workspaces.",Reinstate Tenant,service-backed transition required for final claim,,,clinic-scoped-unless-stated,,operational,,,,,PROTOTYPE-ONLY,NOT-STARTED,NOT-STARTED,NOT-STARTED,NOT-STARTED,ADOPTED-AS-IS,"Named BRD button must map to real action, planned service-backed action, or owner decision",P8,docs/architecture/prototype-parity/,M04/M02 commercial workspaces
brdbtn_898e3af81de2,public/pulse-html-prototype.html,"{""file"": ""public/pulse-html-prototype.html"", ""startOffset"": 504373, ""endOffset"": 629806, ""startLine"": 2870, ""endLine"": 2870}",brd,M20,Commercial,/saas,,Commercial SaaS & Future Workspaces,Named action: Escalate Customer Support,"Prepare a future commercial version for onboarding external clinic groups, controlling subscribed modules, support access, branding, usage, renewals, offboarding and optional department workspaces.",Escalate Customer Support,service-backed transition required for final claim,,,clinic-scoped-unless-stated,,operational,,,,,PROTOTYPE-ONLY,NOT-STARTED,NOT-STARTED,NOT-STARTED,NOT-STARTED,ADOPTED-AS-IS,"Named BRD button must map to real action, planned service-backed action, or owner decision",P8,docs/architecture/prototype-parity/,M04/M02 commercial workspaces
brdflow_e8df6c78393e,public/pulse-html-prototype.html,"{""file"": ""public/pulse-html-prototype.html"", ""startOffset"": 504373, ""endOffset"": 629806, ""startLine"": 2870, ""endLine"": 2870}",brd,M20,Commercial,/saas,,Commercial SaaS & Future Workspaces,Workflow: Onboard a tenant,Onboard a tenant,,"Commercial admin opens Tenants and clicks Add Tenant. > The wizard captures customer identity, contacts, plan, modul > Tenant admin is invited and completes clinic, user and busin > Onboarding checklist covers configuration, training, sample  > Commercial admin completes Configuration Review and activate",,,clinic-scoped-unless-stated,,operational,,,,,PROTOTYPE-ONLY,NOT-STARTED,NOT-STARTED,NOT-STARTED,NOT-STARTED,ADOPTED-AS-IS,Core,P8,docs/architecture/prototype-parity/,M04/M02 commercial workspaces
brdflow_37d6a2cd4e14,public/pulse-html-prototype.html,"{""file"": ""public/pulse-html-prototype.html"", ""startOffset"": 504373, ""endOffset"": 629806, ""startLine"": 2870, ""endLine"": 2870}",brd,M20,Commercial,/saas,,Commercial SaaS & Future Workspaces,Workflow: Grant support access,Grant support access,,"Support user opens Support Access and selects the tenant and > The request captures purpose, modules, duration and required > Tenant or authorised owner approves, rejects or limits the r > A visible banner remains during the support-access period. > Access expires automatically according to the approved busin",,,clinic-scoped-unless-stated,,operational,,,,,PROTOTYPE-ONLY,NOT-STARTED,NOT-STARTED,NOT-STARTED,NOT-STARTED,ADOPTED-AS-IS,Core,P8,docs/architecture/prototype-parity/,M04/M02 commercial workspaces
brdflow_ff8311635bf5,public/pulse-html-prototype.html,"{""file"": ""public/pulse-html-prototype.html"", ""startOffset"": 504373, ""endOffset"": 629806, ""startLine"": 2870, ""endLine"": 2870}",brd,M20,Commercial,/saas,,Commercial SaaS & Future Workspaces,Workflow: Manage renewal,Manage renewal,,"Commercial manager opens Renewals and selects a tenant appro > The screen shows adoption, open issues, plan, modules, suppo > Manager records renewal recommendation and creates customer  > Approved changes to modules/plan are scheduled for the renew > Renewal outcome and next review date are stored.",,,clinic-scoped-unless-stated,,operational,,,,,PROTOTYPE-ONLY,NOT-STARTED,NOT-STARTED,NOT-STARTED,NOT-STARTED,ADOPTED-AS-IS,Core,P8,docs/architecture/prototype-parity/,M04/M02 commercial workspaces
brdflow_4a741668fa8f,public/pulse-html-prototype.html,"{""file"": ""public/pulse-html-prototype.html"", ""startOffset"": 504373, ""endOffset"": 629806, ""startLine"": 2870, ""endLine"": 2870}",brd,M20,Commercial,/saas,,Commercial SaaS & Future Workspaces,Workflow: Offboard tenant,Offboard tenant,,"Authorised admin clicks Start Offboarding. > Checklist identifies open actions, support access, users, re > Tenant admin confirms required exports and closure date. > Access is suspended, outstanding responsibilities are comple > Tenant is archived with a formal offboarding record.",,,clinic-scoped-unless-stated,,operational,,,,,PROTOTYPE-ONLY,NOT-STARTED,NOT-STARTED,NOT-STARTED,NOT-STARTED,ADOPTED-AS-IS,Core,P8,docs/architecture/prototype-parity/,M04/M02 commercial workspaces
brdflow_11ca793e7abc,public/pulse-html-prototype.html,"{""file"": ""public/pulse-html-prototype.html"", ""startOffset"": 504373, ""endOffset"": 629806, ""startLine"": 2870, ""endLine"": 2870}",brd,M20,Commercial,/saas,,Commercial SaaS & Future Workspaces,"Workflow: Commercial Plan Upgrade, Downgrade and Subscription Billing","Commercial Plan Upgrade, Downgrade and Subscription Billing",,"Tenant administrator or commercial manager opens the current > The page shows entitlement, limits, price/effective-date sum > Required customer and internal approvals are completed. > Upgrade changes activate on the approved date; downgrade ide > Billing-contact changes are confirmed and recorded. > A failed subscription payment creates a commercial action an > If unresolved, tenant access may be restricted according to  > On resolution, authorised user reinstates the tenant and rec",,,clinic-scoped-unless-stated,,operational,,,,,PROTOTYPE-ONLY,NOT-STARTED,NOT-STARTED,NOT-STARTED,NOT-STARTED,ADOPTED-AS-IS,Expanded,P8,docs/architecture/prototype-parity/,M04/M02 commercial workspaces
brdflow_751156ba93f7,public/pulse-html-prototype.html,"{""file"": ""public/pulse-html-prototype.html"", ""startOffset"": 504373, ""endOffset"": 629806, ""startLine"": 2870, ""endLine"": 2870}",brd,M20,Commercial,/saas,,Commercial SaaS & Future Workspaces,Workflow: Customer Support Escalation and Service-Impact Communication,Customer Support Escalation and Service-Impact Communication,,"Customer raises a support request and selects the affected a > Support triages severity and assigns an owner and target. > Where investigation requires tenant data, support requests t > Customer/authorised owner approves, rejects or limits access > Support provides progress updates and workarounds. > If multiple tenants are affected, an approved service-impact > Resolution is confirmed with the customer and temporary acce > For significant events, a post-incident summary and preventi",,,clinic-scoped-unless-stated,,operational,,,,,PROTOTYPE-ONLY,NOT-STARTED,NOT-STARTED,NOT-STARTED,NOT-STARTED,ADOPTED-AS-IS,Expanded,P8,docs/architecture/prototype-parity/,M04/M02 commercial workspaces
brdrule_8f0bf968eb2b,public/pulse-html-prototype.html,,brd,M20,Commercial,/saas,,,Business rule,Customer/tenant settings and records are separated in the user experience; support access is never assumed.,,,,,clinic-scoped-unless-stated,,operational,,,,,PROTOTYPE-ONLY,NOT-STARTED,NOT-STARTED,NOT-STARTED,NOT-STARTED,ADOPTED-AS-IS,BRD business rule,P8,docs/architecture/prototype-parity/,
brdrule_8b09161c7057,public/pulse-html-prototype.html,,brd,M20,Commercial,/saas,,,Business rule,Support users require a ticket/reason and time-limited approval to view customer records.,,,,,clinic-scoped-unless-stated,,operational,,,,,PROTOTYPE-ONLY,NOT-STARTED,NOT-STARTED,NOT-STARTED,NOT-STARTED,ADOPTED-AS-IS,BRD business rule,P8,docs/architecture/prototype-parity/,
brdrule_4ea657f6994f,public/pulse-html-prototype.html,,brd,M20,Commercial,/saas,,,Business rule,Module packaging and plan limits are explicit to tenant administrators.,,,,,clinic-scoped-unless-stated,,operational,,,,,PROTOTYPE-ONLY,NOT-STARTED,NOT-STARTED,NOT-STARTED,NOT-STARTED,ADOPTED-AS-IS,BRD business rule,P8,docs/architecture/prototype-parity/,
brdrule_4a0231898cc1,public/pulse-html-prototype.html,,brd,M20,Commercial,/saas,,,Business rule,Offboarding follows an approved retention/export/access-removal checklist.,,,,,clinic-scoped-unless-stated,,operational,,,,,PROTOTYPE-ONLY,NOT-STARTED,NOT-STARTED,NOT-STARTED,NOT-STARTED,ADOPTED-AS-IS,BRD business rule,P8,docs/architecture/prototype-parity/,
brdrule_364f7cb34a8e,public/pulse-html-prototype.html,,brd,M20,Commercial,/saas,,,Business rule,Optional department workspaces remain controlled and are not added to the main navigation unless activated.,,,,,clinic-scoped-unless-stated,,operational,,,,,PROTOTYPE-ONLY,NOT-STARTED,NOT-STARTED,NOT-STARTED,NOT-STARTED,ADOPTED-AS-IS,BRD business rule,P8,docs/architecture/prototype-parity/,
brdvis_0d60671d5128,public/pulse-html-prototype.html,,brd,M20,Commercial,/saas,,,Visual requirement,"Tenant health cards with onboarding, adoption, support, renewal and risk status.",,,,,clinic-scoped-unless-stated,,operational,,,,,PROTOTYPE-ONLY,NOT-STARTED,NOT-STARTED,NOT-STARTED,NOT-STARTED,ADOPTED-AS-IS,BRD visual requirement; final PNG prevails where image exists,P8,docs/architecture/prototype-parity/,M04/M02 commercial workspaces
brdvis_ec2c8f26af2d,public/pulse-html-prototype.html,,brd,M20,Commercial,/saas,,,Visual requirement,Module entitlement checklist and business configuration preview.,,,,,clinic-scoped-unless-stated,,operational,,,,,PROTOTYPE-ONLY,NOT-STARTED,NOT-STARTED,NOT-STARTED,NOT-STARTED,ADOPTED-AS-IS,BRD visual requirement; final PNG prevails where image exists,P8,docs/architecture/prototype-parity/,M04/M02 commercial workspaces
brdvis_362cb3356027,public/pulse-html-prototype.html,,brd,M20,Commercial,/saas,,,Visual requirement,"Onboarding stepper with owners, due dates and acceptance evidence.",,,,,clinic-scoped-unless-stated,,operational,,,,,PROTOTYPE-ONLY,NOT-STARTED,NOT-STARTED,NOT-STARTED,NOT-STARTED,ADOPTED-AS-IS,BRD visual requirement; final PNG prevails where image exists,P8,docs/architecture/prototype-parity/,M04/M02 commercial workspaces
brdvis_4572d1c8a054,public/pulse-html-prototype.html,,brd,M20,Commercial,/saas,,,Visual requirement,"Support-access banner showing who, why and expiry.",,,,,clinic-scoped-unless-stated,,operational,,,,,PROTOTYPE-ONLY,NOT-STARTED,NOT-STARTED,NOT-STARTED,NOT-STARTED,ADOPTED-AS-IS,BRD visual requirement; final PNG prevails where image exists,P8,docs/architecture/prototype-parity/,M04/M02 commercial workspaces
brdvis_633cf2180993,public/pulse-html-prototype.html,,brd,M20,Commercial,/saas,,,Visual requirement,"Offboarding checklist covering access, open work, records, exports and confirmation.",,,,,clinic-scoped-unless-stated,,operational,,,,,PROTOTYPE-ONLY,NOT-STARTED,NOT-STARTED,NOT-STARTED,NOT-STARTED,ADOPTED-AS-IS,BRD visual requirement; final PNG prevails where image exists,P8,docs/architecture/prototype-parity/,M04/M02 commercial workspaces
brdout_98c56fbe8f76,public/pulse-html-prototype.html,,brd,M20,Commercial,/saas,,,Output/measure,Tenant register,,,,,clinic-scoped-unless-stated,,operational,,,,,PROTOTYPE-ONLY,NOT-STARTED,NOT-STARTED,NOT-STARTED,NOT-STARTED,ADOPTED-AS-IS,BRD output/measure,P8,docs/architecture/prototype-parity/,
brdout_3fe30c10019b,public/pulse-html-prototype.html,,brd,M20,Commercial,/saas,,,Output/measure,Onboarding and acceptance checklist,,,,,clinic-scoped-unless-stated,,operational,,,,,PROTOTYPE-ONLY,NOT-STARTED,NOT-STARTED,NOT-STARTED,NOT-STARTED,ADOPTED-AS-IS,BRD output/measure,P8,docs/architecture/prototype-parity/,
brdout_c2b3209c55b6,public/pulse-html-prototype.html,,brd,M20,Commercial,/saas,,,Output/measure,Plan/module entitlement report,,,,,clinic-scoped-unless-stated,,operational,,,,,PROTOTYPE-ONLY,NOT-STARTED,NOT-STARTED,NOT-STARTED,NOT-STARTED,ADOPTED-AS-IS,BRD output/measure,P8,docs/architecture/prototype-parity/,
brdout_4091b831ebbf,public/pulse-html-prototype.html,,brd,M20,Commercial,/saas,,,Output/measure,Support access audit,,,,,clinic-scoped-unless-stated,,operational,,,,,PROTOTYPE-ONLY,NOT-STARTED,NOT-STARTED,NOT-STARTED,NOT-STARTED,ADOPTED-AS-IS,BRD output/measure,P8,docs/architecture/prototype-parity/,
brdout_ac468d7788ea,public/pulse-html-prototype.html,,brd,M20,Commercial,/saas,,,Output/measure,Usage/adoption and renewal risk report,,,,,clinic-scoped-unless-stated,,operational,,,,,PROTOTYPE-ONLY,NOT-STARTED,NOT-STARTED,NOT-STARTED,NOT-STARTED,ADOPTED-AS-IS,BRD output/measure,P8,docs/architecture/prototype-parity/,
brdout_57521fa89d31,public/pulse-html-prototype.html,,brd,M20,Commercial,/saas,,,Output/measure,Offboarding closure report,,,,,clinic-scoped-unless-stated,,operational,,,,,PROTOTYPE-ONLY,NOT-STARTED,NOT-STARTED,NOT-STARTED,NOT-STARTED,ADOPTED-AS-IS,BRD output/measure,P8,docs/architecture/prototype-parity/,
brdout_f37ad0e97391,public/pulse-html-prototype.html,,brd,M20,Commercial,/saas,,,Output/measure,Measure: tenants activated without critical setup gaps,,,,,clinic-scoped-unless-stated,,operational,,,,,PROTOTYPE-ONLY,NOT-STARTED,NOT-STARTED,NOT-STARTED,NOT-STARTED,ADOPTED-AS-IS,BRD output/measure,P8,docs/architecture/prototype-parity/,
brdout_4ba81992e758,public/pulse-html-prototype.html,,brd,M20,Commercial,/saas,,,Output/measure,Measure: support access events with valid approval,,,,,clinic-scoped-unless-stated,,operational,,,,,PROTOTYPE-ONLY,NOT-STARTED,NOT-STARTED,NOT-STARTED,NOT-STARTED,ADOPTED-AS-IS,BRD output/measure,P8,docs/architecture/prototype-parity/,
brdout_27bc5bc1b21f,public/pulse-html-prototype.html,,brd,M20,Commercial,/saas,,,Output/measure,Expanded User Flows and Lifecycle Scenarios,,,,,clinic-scoped-unless-stated,,operational,,,,,PROTOTYPE-ONLY,NOT-STARTED,NOT-STARTED,NOT-STARTED,NOT-STARTED,ADOPTED-AS-IS,BRD output/measure,P8,docs/architecture/prototype-parity/,
brdout_8661b45c4855,public/pulse-html-prototype.html,,brd,M20,Commercial,/saas,,,Output/measure,"Version 2.0 adds the following normal, exception and lifecycle journeys to the existing twenty-module structure. These are not new sidebar modules unless explicitly stated; they are tabs, workspaces or linked flows inside the existing modul",,,,,clinic-scoped-unless-stated,,operational,,,,,PROTOTYPE-ONLY,NOT-STARTED,NOT-STARTED,NOT-STARTED,NOT-STARTED,ADOPTED-AS-IS,BRD output/measure,P8,docs/architecture/prototype-parity/,
bp_81f8e949c6b0,public/pulse-html-prototype.html,,blueprint,M01,Executive Command Centre,dashboard,,,Blueprint: Executive Command Centre,"Strategic all-clinic health, intervention and executive decision control.",,,,,clinic-scoped-unless-stated,Read-only executive summaries with source-completeness and drill-downs,operational,,,,,FUNCTIONALLY-COMPLETE,FUNCTIONALLY-COMPLETE,FUNCTIONALLY-COMPLETE,OWNER-ACCEPTED,NOT-STARTED,ADOPTED-AS-IS,Platform module blueprint,P2,docs/architecture/prototype-parity/,M01 dashboard
bpmetric_84641b593b1c,public/pulse-html-prototype.html,,blueprint,M01,,,,,Blueprint metric,"[""Overall Health"", ""92%"", ""Six-component health model""]",,,,,clinic-scoped-unless-stated,,operational,,,,,FUNCTIONALLY-COMPLETE,FUNCTIONALLY-COMPLETE,FUNCTIONALLY-COMPLETE,OWNER-ACCEPTED,NOT-STARTED,ADOPTED-AS-IS,Blueprint metric,P2,docs/architecture/prototype-parity/,
bpmetric_faea81fd256f,public/pulse-html-prototype.html,,blueprint,M01,,,,,Blueprint metric,"[""Critical Attention"", ""6"", ""Owned executive exceptions""]",,,,,clinic-scoped-unless-stated,,operational,,,,,FUNCTIONALLY-COMPLETE,FUNCTIONALLY-COMPLETE,FUNCTIONALLY-COMPLETE,OWNER-ACCEPTED,NOT-STARTED,ADOPTED-AS-IS,Blueprint metric,P2,docs/architecture/prototype-parity/,
bpmetric_6864a1f49069,public/pulse-html-prototype.html,,blueprint,M01,,,,,Blueprint metric,"[""Clinics at Risk"", ""2"", ""Below approved threshold""]",,,,,clinic-scoped-unless-stated,,operational,,,,,FUNCTIONALLY-COMPLETE,FUNCTIONALLY-COMPLETE,FUNCTIONALLY-COMPLETE,OWNER-ACCEPTED,NOT-STARTED,ADOPTED-AS-IS,Blueprint metric,P2,docs/architecture/prototype-parity/,
bpmetric_3c988bfe6392,public/pulse-html-prototype.html,,blueprint,M01,,,,,Blueprint metric,"[""Decision SLA"", ""2.4h"", ""Median executive action time""]",,,,,clinic-scoped-unless-stated,,operational,,,,,FUNCTIONALLY-COMPLETE,FUNCTIONALLY-COMPLETE,FUNCTIONALLY-COMPLETE,OWNER-ACCEPTED,NOT-STARTED,ADOPTED-AS-IS,Blueprint metric,P2,docs/architecture/prototype-parity/,
bppattern_b5bc7fd08beb,public/pulse-html-prototype.html,,blueprint,M01,,,,,Blueprint pattern,"""Exception-first landing""",,,,,clinic-scoped-unless-stated,,operational,,,,,FUNCTIONALLY-COMPLETE,FUNCTIONALLY-COMPLETE,FUNCTIONALLY-COMPLETE,OWNER-ACCEPTED,NOT-STARTED,ADOPTED-AS-IS,Blueprint UX/ops pattern,P2,docs/architecture/prototype-parity/,M01 dashboard
bppattern_9f78d7a3f9cb,public/pulse-html-prototype.html,,blueprint,M01,,,,,Blueprint pattern,"""Explainable health scoring""",,,,,clinic-scoped-unless-stated,,operational,,,,,FUNCTIONALLY-COMPLETE,FUNCTIONALLY-COMPLETE,FUNCTIONALLY-COMPLETE,OWNER-ACCEPTED,NOT-STARTED,ADOPTED-AS-IS,Blueprint UX/ops pattern,P2,docs/architecture/prototype-parity/,M01 dashboard
bppattern_2fba117ea5f0,public/pulse-html-prototype.html,,blueprint,M01,,,,,Blueprint pattern,"""Cross-clinic intervention""",,,,,clinic-scoped-unless-stated,,operational,,,,,FUNCTIONALLY-COMPLETE,FUNCTIONALLY-COMPLETE,FUNCTIONALLY-COMPLETE,OWNER-ACCEPTED,NOT-STARTED,ADOPTED-AS-IS,Blueprint UX/ops pattern,P2,docs/architecture/prototype-parity/,M01 dashboard
bppattern_0d6b85d8e4f5,public/pulse-html-prototype.html,,blueprint,M01,,,,,Blueprint pattern,"""Role-sensitive drill-down""",,,,,clinic-scoped-unless-stated,,operational,,,,,FUNCTIONALLY-COMPLETE,FUNCTIONALLY-COMPLETE,FUNCTIONALLY-COMPLETE,OWNER-ACCEPTED,NOT-STARTED,ADOPTED-AS-IS,Blueprint UX/ops pattern,P2,docs/architecture/prototype-parity/,M01 dashboard
bp_dc99a70dac3a,public/pulse-html-prototype.html,,blueprint,M02,Executive Command Centre,actionInbox,,,Blueprint: Action Inbox & Notifications,"Single queue for approvals, exceptions, escalations and owned work.",,,,,clinic-scoped-unless-stated,Receives action/approval/exception/notification projections,operational,,,,,FUNCTIONALLY-COMPLETE,FUNCTIONALLY-COMPLETE,FUNCTIONALLY-COMPLETE,OWNER-ACCEPTED,NOT-STARTED,ADOPTED-AS-IS,Platform module blueprint,P2,docs/architecture/prototype-parity/,M02 master-detail queue
bpmetric_4eeacb9f4f90,public/pulse-html-prototype.html,,blueprint,M02,,,,,Blueprint metric,"[""My Open Actions"", ""18"", ""Across authorised clinics""]",,,,,clinic-scoped-unless-stated,,operational,,,,,FUNCTIONALLY-COMPLETE,FUNCTIONALLY-COMPLETE,FUNCTIONALLY-COMPLETE,OWNER-ACCEPTED,NOT-STARTED,ADOPTED-AS-IS,Blueprint metric,P2,docs/architecture/prototype-parity/,
bpmetric_c7ebaa807bb7,public/pulse-html-prototype.html,,blueprint,M02,,,,,Blueprint metric,"[""Due Today"", ""7"", ""Requires action""]",,,,,clinic-scoped-unless-stated,,operational,,,,,FUNCTIONALLY-COMPLETE,FUNCTIONALLY-COMPLETE,FUNCTIONALLY-COMPLETE,OWNER-ACCEPTED,NOT-STARTED,ADOPTED-AS-IS,Blueprint metric,P2,docs/architecture/prototype-parity/,
bpmetric_3483e6aadaed,public/pulse-html-prototype.html,,blueprint,M02,,,,,Blueprint metric,"[""SLA Breaches"", ""2"", ""Escalated automatically""]",,,,,clinic-scoped-unless-stated,,operational,,,,,FUNCTIONALLY-COMPLETE,FUNCTIONALLY-COMPLETE,FUNCTIONALLY-COMPLETE,OWNER-ACCEPTED,NOT-STARTED,ADOPTED-AS-IS,Blueprint metric,P2,docs/architecture/prototype-parity/,
bpmetric_23b34dffd8b9,public/pulse-html-prototype.html,,blueprint,M02,,,,,Blueprint metric,"[""First-Touch Resolution"", ""74%"", ""Resolved without reassignment""]",,,,,clinic-scoped-unless-stated,,operational,,,,,FUNCTIONALLY-COMPLETE,FUNCTIONALLY-COMPLETE,FUNCTIONALLY-COMPLETE,OWNER-ACCEPTED,NOT-STARTED,ADOPTED-AS-IS,Blueprint metric,P2,docs/architecture/prototype-parity/,
bppattern_9e991de0fbf8,public/pulse-html-prototype.html,,blueprint,M02,,,,,Blueprint pattern,"""Split-view triage""",,,,,clinic-scoped-unless-stated,,operational,,,,,FUNCTIONALLY-COMPLETE,FUNCTIONALLY-COMPLETE,FUNCTIONALLY-COMPLETE,OWNER-ACCEPTED,NOT-STARTED,ADOPTED-AS-IS,Blueprint UX/ops pattern,P2,docs/architecture/prototype-parity/,M02 master-detail queue
bppattern_a4ee9f938bac,public/pulse-html-prototype.html,,blueprint,M02,,,,,Blueprint pattern,"""One-click resolution""",,,,,clinic-scoped-unless-stated,,operational,,,,,FUNCTIONALLY-COMPLETE,FUNCTIONALLY-COMPLETE,FUNCTIONALLY-COMPLETE,OWNER-ACCEPTED,NOT-STARTED,ADOPTED-AS-IS,Blueprint UX/ops pattern,P2,docs/architecture/prototype-parity/,M02 master-detail queue
bppattern_54b5e84e66ab,public/pulse-html-prototype.html,,blueprint,M02,,,,,Blueprint pattern,"""SLA escalation""",,,,,clinic-scoped-unless-stated,,operational,,,,,FUNCTIONALLY-COMPLETE,FUNCTIONALLY-COMPLETE,FUNCTIONALLY-COMPLETE,OWNER-ACCEPTED,NOT-STARTED,ADOPTED-AS-IS,Blueprint UX/ops pattern,P2,docs/architecture/prototype-parity/,M02 master-detail queue
bppattern_09749e30b2f6,public/pulse-html-prototype.html,,blueprint,M02,,,,,Blueprint pattern,"""Alert deduplication""",,,,,clinic-scoped-unless-stated,,operational,,,,,FUNCTIONALLY-COMPLETE,FUNCTIONALLY-COMPLETE,FUNCTIONALLY-COMPLETE,OWNER-ACCEPTED,NOT-STARTED,ADOPTED-AS-IS,Blueprint UX/ops pattern,P2,docs/architecture/prototype-parity/,M02 master-detail queue
bp_002f699f8a91,public/pulse-html-prototype.html,,blueprint,M03,Organisation & Tenant,settings,,,"Blueprint: Organisation, Locations, Users & Permissions","Organisation structure, clinic lifecycle, access governance and business settings.",,,,,clinic-scoped-unless-stated,"Organisation, tenant, clinic, user and access scope",operational,,,,,FUNCTIONALLY-COMPLETE,FUNCTIONALLY-COMPLETE,FUNCTIONALLY-COMPLETE,OWNER-ACCEPTED,NOT-STARTED,ADOPTED-AS-IS,Platform module blueprint,P2,docs/architecture/prototype-parity/,M02/M04 admin queue + people
bpmetric_dbf94a4be552,public/pulse-html-prototype.html,,blueprint,M03,,,,,Blueprint metric,"[""Active Clinics"", ""9"", ""Across one group""]",,,,,clinic-scoped-unless-stated,,operational,,,,,FUNCTIONALLY-COMPLETE,FUNCTIONALLY-COMPLETE,FUNCTIONALLY-COMPLETE,OWNER-ACCEPTED,NOT-STARTED,ADOPTED-AS-IS,Blueprint metric,P2,docs/architecture/prototype-parity/,
bpmetric_aa6350c365dd,public/pulse-html-prototype.html,,blueprint,M03,,,,,Blueprint metric,"[""Active Users"", ""146"", ""Role and clinic scoped""]",,,,,clinic-scoped-unless-stated,,operational,,,,,FUNCTIONALLY-COMPLETE,FUNCTIONALLY-COMPLETE,FUNCTIONALLY-COMPLETE,OWNER-ACCEPTED,NOT-STARTED,ADOPTED-AS-IS,Blueprint metric,P2,docs/architecture/prototype-parity/,
bpmetric_2a0cacebdac4,public/pulse-html-prototype.html,,blueprint,M03,,,,,Blueprint metric,"[""Access Reviews Due"", ""4"", ""Within 30 days""]",,,,,clinic-scoped-unless-stated,,operational,,,,,FUNCTIONALLY-COMPLETE,FUNCTIONALLY-COMPLETE,FUNCTIONALLY-COMPLETE,OWNER-ACCEPTED,NOT-STARTED,ADOPTED-AS-IS,Blueprint metric,P2,docs/architecture/prototype-parity/,
bpmetric_112246ad9158,public/pulse-html-prototype.html,,blueprint,M03,,,,,Blueprint metric,"[""Excess Access"", ""0"", ""Target state""]",,,,,clinic-scoped-unless-stated,,operational,,,,,FUNCTIONALLY-COMPLETE,FUNCTIONALLY-COMPLETE,FUNCTIONALLY-COMPLETE,OWNER-ACCEPTED,NOT-STARTED,ADOPTED-AS-IS,Blueprint metric,P2,docs/architecture/prototype-parity/,
bppattern_15ebb0517fb8,public/pulse-html-prototype.html,,blueprint,M03,,,,,Blueprint pattern,"""Federated sign-in""",,,,,clinic-scoped-unless-stated,,operational,,,,,FUNCTIONALLY-COMPLETE,FUNCTIONALLY-COMPLETE,FUNCTIONALLY-COMPLETE,OWNER-ACCEPTED,NOT-STARTED,ADOPTED-AS-IS,Blueprint UX/ops pattern,P2,docs/architecture/prototype-parity/,M02/M04 admin queue + people
bppattern_102a11218477,public/pulse-html-prototype.html,,blueprint,M03,,,,,Blueprint pattern,"""Clinic-scoped access""",,,,,clinic-scoped-unless-stated,,operational,,,,,FUNCTIONALLY-COMPLETE,FUNCTIONALLY-COMPLETE,FUNCTIONALLY-COMPLETE,OWNER-ACCEPTED,NOT-STARTED,ADOPTED-AS-IS,Blueprint UX/ops pattern,P2,docs/architecture/prototype-parity/,M02/M04 admin queue + people
bppattern_2f4e0ee129c3,public/pulse-html-prototype.html,,blueprint,M03,,,,,Blueprint pattern,"""Effective-dated roles""",,,,,clinic-scoped-unless-stated,,operational,,,,,FUNCTIONALLY-COMPLETE,FUNCTIONALLY-COMPLETE,FUNCTIONALLY-COMPLETE,OWNER-ACCEPTED,NOT-STARTED,ADOPTED-AS-IS,Blueprint UX/ops pattern,P2,docs/architecture/prototype-parity/,M02/M04 admin queue + people
bppattern_3e3321fc5109,public/pulse-html-prototype.html,,blueprint,M03,,,,,Blueprint pattern,"""Lifecycle impact review""",,,,,clinic-scoped-unless-stated,,operational,,,,,FUNCTIONALLY-COMPLETE,FUNCTIONALLY-COMPLETE,FUNCTIONALLY-COMPLETE,OWNER-ACCEPTED,NOT-STARTED,ADOPTED-AS-IS,Blueprint UX/ops pattern,P2,docs/architecture/prototype-parity/,M02/M04 admin queue + people
bp_5bad3568d0a4,public/pulse-html-prototype.html,,blueprint,M04,People & Talent,staff,,,Blueprint: Staff & Doctor Management,"Effective-dated workforce profiles, readiness, contracts, credentials and lifecycle changes.",,,,,clinic-scoped-unless-stated,"Workforce person, engagement, credential, restriction, readiness",operational,,,,,FUNCTIONALLY-COMPLETE,FUNCTIONALLY-COMPLETE,FUNCTIONALLY-COMPLETE,OWNER-ACCEPTED,NOT-STARTED,ADOPTED-AS-IS,Platform module blueprint,P2,docs/architecture/prototype-parity/,M04 people master-detail
bpmetric_d600cab705b9,public/pulse-html-prototype.html,,blueprint,M04,,,,,Blueprint metric,"[""Active Workforce"", ""129"", ""Staff and doctors""]",,,,,clinic-scoped-unless-stated,,operational,,,,,FUNCTIONALLY-COMPLETE,FUNCTIONALLY-COMPLETE,FUNCTIONALLY-COMPLETE,OWNER-ACCEPTED,NOT-STARTED,ADOPTED-AS-IS,Blueprint metric,P2,docs/architecture/prototype-parity/,
bpmetric_9ad172d733d0,public/pulse-html-prototype.html,,blueprint,M04,,,,,Blueprint metric,"[""Fully Ready"", ""91%"", ""Mandatory requirements current""]",,,,,clinic-scoped-unless-stated,,operational,,,,,FUNCTIONALLY-COMPLETE,FUNCTIONALLY-COMPLETE,FUNCTIONALLY-COMPLETE,OWNER-ACCEPTED,NOT-STARTED,ADOPTED-AS-IS,Blueprint metric,P2,docs/architecture/prototype-parity/,
bpmetric_b77795d050f6,public/pulse-html-prototype.html,,blueprint,M04,,,,,Blueprint metric,"[""Credentials Due"", ""8"", ""Within 45 days""]",,,,,clinic-scoped-unless-stated,,operational,,,,,FUNCTIONALLY-COMPLETE,FUNCTIONALLY-COMPLETE,FUNCTIONALLY-COMPLETE,OWNER-ACCEPTED,NOT-STARTED,ADOPTED-AS-IS,Blueprint metric,P2,docs/architecture/prototype-parity/,
bpmetric_4fe55baec3f5,public/pulse-html-prototype.html,,blueprint,M04,,,,,Blueprint metric,"[""Onboarding Open"", ""6"", ""Owned readiness plans""]",,,,,clinic-scoped-unless-stated,,operational,,,,,FUNCTIONALLY-COMPLETE,FUNCTIONALLY-COMPLETE,FUNCTIONALLY-COMPLETE,OWNER-ACCEPTED,NOT-STARTED,ADOPTED-AS-IS,Blueprint metric,P2,docs/architecture/prototype-parity/,
bppattern_cc874b4bfe00,public/pulse-html-prototype.html,,blueprint,M04,,,,,Blueprint pattern,"""Readiness gating""",,,,,clinic-scoped-unless-stated,,operational,,,,,FUNCTIONALLY-COMPLETE,FUNCTIONALLY-COMPLETE,FUNCTIONALLY-COMPLETE,OWNER-ACCEPTED,NOT-STARTED,ADOPTED-AS-IS,Blueprint UX/ops pattern,P2,docs/architecture/prototype-parity/,M04 people master-detail
bppattern_0601fce3cb50,public/pulse-html-prototype.html,,blueprint,M04,,,,,Blueprint pattern,"""Effective-dated history""",,,,,clinic-scoped-unless-stated,,operational,,,,,FUNCTIONALLY-COMPLETE,FUNCTIONALLY-COMPLETE,FUNCTIONALLY-COMPLETE,OWNER-ACCEPTED,NOT-STARTED,ADOPTED-AS-IS,Blueprint UX/ops pattern,P2,docs/architecture/prototype-parity/,M04 people master-detail
bppattern_64e1b8949357,public/pulse-html-prototype.html,,blueprint,M04,,,,,Blueprint pattern,"""Credential impact""",,,,,clinic-scoped-unless-stated,,operational,,,,,FUNCTIONALLY-COMPLETE,FUNCTIONALLY-COMPLETE,FUNCTIONALLY-COMPLETE,OWNER-ACCEPTED,NOT-STARTED,ADOPTED-AS-IS,Blueprint UX/ops pattern,P2,docs/architecture/prototype-parity/,M04 people master-detail
bppattern_25a786956084,public/pulse-html-prototype.html,,blueprint,M04,,,,,Blueprint pattern,"""Candidate promotion""",,,,,clinic-scoped-unless-stated,,operational,,,,,FUNCTIONALLY-COMPLETE,FUNCTIONALLY-COMPLETE,FUNCTIONALLY-COMPLETE,OWNER-ACCEPTED,NOT-STARTED,ADOPTED-AS-IS,Blueprint UX/ops pattern,P2,docs/architecture/prototype-parity/,M04 people master-detail
bp_b723337e98c8,public/pulse-html-prototype.html,,blueprint,M05,Rostering & Attendance,roster,,,Blueprint: Roster & Shift Management,"High-density, shift-first workforce planning with eligibility, fatigue, cost and dissemination controls.",,,,,clinic-scoped-unless-stated,"Rosters, shifts, coverage, publication",operational,,,,,FUNCTIONALLY-COMPLETE,FUNCTIONALLY-COMPLETE,FUNCTIONALLY-COMPLETE,OWNER-ACCEPTED,NOT-STARTED,ADOPTED-AS-IS,Platform module blueprint,P2,docs/architecture/prototype-parity/,M05 board/matrix
bpmetric_918b104c3721,public/pulse-html-prototype.html,,blueprint,M05,,,,,Blueprint metric,"[""Coverage"", ""97%"", ""Published requirement filled""]",,,,,clinic-scoped-unless-stated,,operational,,,,,FUNCTIONALLY-COMPLETE,FUNCTIONALLY-COMPLETE,FUNCTIONALLY-COMPLETE,OWNER-ACCEPTED,NOT-STARTED,ADOPTED-AS-IS,Blueprint metric,P2,docs/architecture/prototype-parity/,
bpmetric_d0374264a29d,public/pulse-html-prototype.html,,blueprint,M05,,,,,Blueprint metric,"[""Open Shifts"", ""5"", ""Awaiting assignment""]",,,,,clinic-scoped-unless-stated,,operational,,,,,FUNCTIONALLY-COMPLETE,FUNCTIONALLY-COMPLETE,FUNCTIONALLY-COMPLETE,OWNER-ACCEPTED,NOT-STARTED,ADOPTED-AS-IS,Blueprint metric,P2,docs/architecture/prototype-parity/,
bpmetric_9ed0111796dc,public/pulse-html-prototype.html,,blueprint,M05,,,,,Blueprint metric,"[""Blocking Conflicts"", ""2"", ""Must resolve before publish""]",,,,,clinic-scoped-unless-stated,,operational,,,,,FUNCTIONALLY-COMPLETE,FUNCTIONALLY-COMPLETE,FUNCTIONALLY-COMPLETE,OWNER-ACCEPTED,NOT-STARTED,ADOPTED-AS-IS,Blueprint metric,P2,docs/architecture/prototype-parity/,
bpmetric_818e222bb89d,public/pulse-html-prototype.html,,blueprint,M05,,,,,Blueprint metric,"[""Labour vs Budget"", ""43.8%"", ""Threshold 45%""]",,,,,clinic-scoped-unless-stated,,operational,,,,,FUNCTIONALLY-COMPLETE,FUNCTIONALLY-COMPLETE,FUNCTIONALLY-COMPLETE,OWNER-ACCEPTED,NOT-STARTED,ADOPTED-AS-IS,Blueprint metric,P2,docs/architecture/prototype-parity/,
bppattern_b0ab324c2fa6,public/pulse-html-prototype.html,,blueprint,M05,,,,,Blueprint pattern,"""Shift-first grid""",,,,,clinic-scoped-unless-stated,,operational,,,,,FUNCTIONALLY-COMPLETE,FUNCTIONALLY-COMPLETE,FUNCTIONALLY-COMPLETE,OWNER-ACCEPTED,NOT-STARTED,ADOPTED-AS-IS,Blueprint UX/ops pattern,P2,docs/architecture/prototype-parity/,M05 board/matrix
bppattern_0d9378d7fae1,public/pulse-html-prototype.html,,blueprint,M05,,,,,Blueprint pattern,"""Bulk assignment""",,,,,clinic-scoped-unless-stated,,operational,,,,,FUNCTIONALLY-COMPLETE,FUNCTIONALLY-COMPLETE,FUNCTIONALLY-COMPLETE,OWNER-ACCEPTED,NOT-STARTED,ADOPTED-AS-IS,Blueprint UX/ops pattern,P2,docs/architecture/prototype-parity/,M05 board/matrix
bppattern_9e7b8a66358d,public/pulse-html-prototype.html,,blueprint,M05,,,,,Blueprint pattern,"""Explainable eligibility""",,,,,clinic-scoped-unless-stated,,operational,,,,,FUNCTIONALLY-COMPLETE,FUNCTIONALLY-COMPLETE,FUNCTIONALLY-COMPLETE,OWNER-ACCEPTED,NOT-STARTED,ADOPTED-AS-IS,Blueprint UX/ops pattern,P2,docs/architecture/prototype-parity/,M05 board/matrix
bppattern_9c2773c5e572,public/pulse-html-prototype.html,,blueprint,M05,,,,,Blueprint pattern,"""Publish and disseminate""",,,,,clinic-scoped-unless-stated,,operational,,,,,FUNCTIONALLY-COMPLETE,FUNCTIONALLY-COMPLETE,FUNCTIONALLY-COMPLETE,OWNER-ACCEPTED,NOT-STARTED,ADOPTED-AS-IS,Blueprint UX/ops pattern,P2,docs/architecture/prototype-parity/,M05 board/matrix
bp_1497c37e7168,public/pulse-html-prototype.html,,blueprint,M06,Rostering & Attendance,timeclock,,,Blueprint: Time & Attendance,"Approved-terminal attendance, breaks, exceptions, offline capture and timesheet readiness.",,,,,clinic-scoped-unless-stated,"Attendance, timesheets, approved publication to M07",operational,,,,,FUNCTIONALLY-COMPLETE,FUNCTIONALLY-COMPLETE,FUNCTIONALLY-COMPLETE,OWNER-ACCEPTED,NOT-STARTED,ADOPTED-AS-IS,Platform module blueprint,P2,docs/architecture/prototype-parity/,M06 live-operations
bpmetric_9e9d4ea6c4d3,public/pulse-html-prototype.html,,blueprint,M06,,,,,Blueprint metric,"[""Clocked In"", ""42"", ""Across active clinics""]",,,,,clinic-scoped-unless-stated,,operational,,,,,FUNCTIONALLY-COMPLETE,FUNCTIONALLY-COMPLETE,FUNCTIONALLY-COMPLETE,OWNER-ACCEPTED,NOT-STARTED,ADOPTED-AS-IS,Blueprint metric,P2,docs/architecture/prototype-parity/,
bpmetric_1d38557cb121,public/pulse-html-prototype.html,,blueprint,M06,,,,,Blueprint metric,"[""Open Exceptions"", ""9"", ""Manager review required""]",,,,,clinic-scoped-unless-stated,,operational,,,,,FUNCTIONALLY-COMPLETE,FUNCTIONALLY-COMPLETE,FUNCTIONALLY-COMPLETE,OWNER-ACCEPTED,NOT-STARTED,ADOPTED-AS-IS,Blueprint metric,P2,docs/architecture/prototype-parity/,
bpmetric_418cc9c87d4a,public/pulse-html-prototype.html,,blueprint,M06,,,,,Blueprint metric,"[""Offline Items"", ""3"", ""Pending reconciliation""]",,,,,clinic-scoped-unless-stated,,operational,,,,,FUNCTIONALLY-COMPLETE,FUNCTIONALLY-COMPLETE,FUNCTIONALLY-COMPLETE,OWNER-ACCEPTED,NOT-STARTED,ADOPTED-AS-IS,Blueprint metric,P2,docs/architecture/prototype-parity/,
bpmetric_2862d1ac89a2,public/pulse-html-prototype.html,,blueprint,M06,,,,,Blueprint metric,"[""Clean Timesheets"", ""94%"", ""No blocking exception""]",,,,,clinic-scoped-unless-stated,,operational,,,,,FUNCTIONALLY-COMPLETE,FUNCTIONALLY-COMPLETE,FUNCTIONALLY-COMPLETE,OWNER-ACCEPTED,NOT-STARTED,ADOPTED-AS-IS,Blueprint metric,P2,docs/architecture/prototype-parity/,
bppattern_8e57b799e1df,public/pulse-html-prototype.html,,blueprint,M06,,,,,Blueprint pattern,"""Terminal-first clocking""",,,,,clinic-scoped-unless-stated,,operational,,,,,FUNCTIONALLY-COMPLETE,FUNCTIONALLY-COMPLETE,FUNCTIONALLY-COMPLETE,OWNER-ACCEPTED,NOT-STARTED,ADOPTED-AS-IS,Blueprint UX/ops pattern,P2,docs/architecture/prototype-parity/,M06 live-operations
bppattern_bb33c71977aa,public/pulse-html-prototype.html,,blueprint,M06,,,,,Blueprint pattern,"""Exception fairness""",,,,,clinic-scoped-unless-stated,,operational,,,,,FUNCTIONALLY-COMPLETE,FUNCTIONALLY-COMPLETE,FUNCTIONALLY-COMPLETE,OWNER-ACCEPTED,NOT-STARTED,ADOPTED-AS-IS,Blueprint UX/ops pattern,P2,docs/architecture/prototype-parity/,M06 live-operations
bppattern_e7c6973d9b0b,public/pulse-html-prototype.html,,blueprint,M06,,,,,Blueprint pattern,"""Offline reconciliation""",,,,,clinic-scoped-unless-stated,,operational,,,,,FUNCTIONALLY-COMPLETE,FUNCTIONALLY-COMPLETE,FUNCTIONALLY-COMPLETE,OWNER-ACCEPTED,NOT-STARTED,ADOPTED-AS-IS,Blueprint UX/ops pattern,P2,docs/architecture/prototype-parity/,M06 live-operations
bppattern_c41f4d5902ce,public/pulse-html-prototype.html,,blueprint,M06,,,,,Blueprint pattern,"""Temporary mobile override""",,,,,clinic-scoped-unless-stated,,operational,,,,,FUNCTIONALLY-COMPLETE,FUNCTIONALLY-COMPLETE,FUNCTIONALLY-COMPLETE,OWNER-ACCEPTED,NOT-STARTED,ADOPTED-AS-IS,Blueprint UX/ops pattern,P2,docs/architecture/prototype-parity/,M06 live-operations
bp_aebc5d27f4f9,public/pulse-html-prototype.html,,blueprint,M07,Finance & Forecasting,staffpay,,,Blueprint: Staff Pay & Payroll Preparation,"Payroll readiness, variance review, export, reconciliation, correction and final-pay control.",,,,,clinic-scoped-unless-stated,Staff pay preparation only (not execution),operational,,,,,FUNCTIONALLY-COMPLETE,FUNCTIONALLY-COMPLETE,FUNCTIONALLY-COMPLETE,OWNER-ACCEPTED,NOT-STARTED,ADOPTED-AS-IS,Platform module blueprint,P2,docs/architecture/prototype-parity/,M02/M04 pay-prep workbench
bpmetric_25245705a026,public/pulse-html-prototype.html,,blueprint,M07,,,,,Blueprint metric,"[""Current Run"", ""92% Ready"", ""Across all clinics""]",,,,,clinic-scoped-unless-stated,,operational,,,,,FUNCTIONALLY-COMPLETE,FUNCTIONALLY-COMPLETE,FUNCTIONALLY-COMPLETE,OWNER-ACCEPTED,NOT-STARTED,ADOPTED-AS-IS,Blueprint metric,P2,docs/architecture/prototype-parity/,
bpmetric_f12f197d7d23,public/pulse-html-prototype.html,,blueprint,M07,,,,,Blueprint metric,"[""Blocking Employees"", ""7"", ""Attendance or mapping issues""]",,,,,clinic-scoped-unless-stated,,operational,,,,,FUNCTIONALLY-COMPLETE,FUNCTIONALLY-COMPLETE,FUNCTIONALLY-COMPLETE,OWNER-ACCEPTED,NOT-STARTED,ADOPTED-AS-IS,Blueprint metric,P2,docs/architecture/prototype-parity/,
bpmetric_0f7bd17ba24f,public/pulse-html-prototype.html,,blueprint,M07,,,,,Blueprint metric,"[""Export Status"", ""Draft"", ""Awaiting final review""]",,,,,clinic-scoped-unless-stated,,operational,,,,,FUNCTIONALLY-COMPLETE,FUNCTIONALLY-COMPLETE,FUNCTIONALLY-COMPLETE,OWNER-ACCEPTED,NOT-STARTED,ADOPTED-AS-IS,Blueprint metric,P2,docs/architecture/prototype-parity/,
bpmetric_795c50749aca,public/pulse-html-prototype.html,,blueprint,M07,,,,,Blueprint metric,"[""Corrections After Export"", ""1"", ""Current quarter""]",,,,,clinic-scoped-unless-stated,,operational,,,,,FUNCTIONALLY-COMPLETE,FUNCTIONALLY-COMPLETE,FUNCTIONALLY-COMPLETE,OWNER-ACCEPTED,NOT-STARTED,ADOPTED-AS-IS,Blueprint metric,P2,docs/architecture/prototype-parity/,
bppattern_2aa96335b48a,public/pulse-html-prototype.html,,blueprint,M07,,,,,Blueprint pattern,"""Control-tower readiness""",,,,,clinic-scoped-unless-stated,,operational,,,,,FUNCTIONALLY-COMPLETE,FUNCTIONALLY-COMPLETE,FUNCTIONALLY-COMPLETE,OWNER-ACCEPTED,NOT-STARTED,ADOPTED-AS-IS,Blueprint UX/ops pattern,P2,docs/architecture/prototype-parity/,M02/M04 pay-prep workbench
bppattern_ae8ff28b3fb6,public/pulse-html-prototype.html,,blueprint,M07,,,,,Blueprint pattern,"""Source-linked variance""",,,,,clinic-scoped-unless-stated,,operational,,,,,FUNCTIONALLY-COMPLETE,FUNCTIONALLY-COMPLETE,FUNCTIONALLY-COMPLETE,OWNER-ACCEPTED,NOT-STARTED,ADOPTED-AS-IS,Blueprint UX/ops pattern,P2,docs/architecture/prototype-parity/,M02/M04 pay-prep workbench
bppattern_4b3d8b1f5a51,public/pulse-html-prototype.html,,blueprint,M07,,,,,Blueprint pattern,"""Versioned export""",,,,,clinic-scoped-unless-stated,,operational,,,,,FUNCTIONALLY-COMPLETE,FUNCTIONALLY-COMPLETE,FUNCTIONALLY-COMPLETE,OWNER-ACCEPTED,NOT-STARTED,ADOPTED-AS-IS,Blueprint UX/ops pattern,P2,docs/architecture/prototype-parity/,M02/M04 pay-prep workbench
bppattern_189c6397bb23,public/pulse-html-prototype.html,,blueprint,M07,,,,,Blueprint pattern,"""Final-pay checklist""",,,,,clinic-scoped-unless-stated,,operational,,,,,FUNCTIONALLY-COMPLETE,FUNCTIONALLY-COMPLETE,FUNCTIONALLY-COMPLETE,OWNER-ACCEPTED,NOT-STARTED,ADOPTED-AS-IS,Blueprint UX/ops pattern,P2,docs/architecture/prototype-parity/,M02/M04 pay-prep workbench
bp_e265e1895a6e,public/pulse-html-prototype.html,,blueprint,M08,Finance & Forecasting,doctorpay,,,Blueprint: Doctor Pay Command Centre,"Multi-clinic doctor activity reconciliation, contract calculation, payslips, disputes and manual payment recording.",,,,,clinic-scoped-unless-stated,Doctor pay calculation/payslip/dispute records (not M07; no bank execution),operational,,,,,PROTOTYPE-ONLY,NOT-STARTED,NOT-STARTED,NOT-STARTED,NOT-STARTED,ADOPTED-AS-IS,Platform module blueprint,P6,docs/architecture/prototype-parity/,M04 people + finance review
bpmetric_688227fb848d,public/pulse-html-prototype.html,,blueprint,M08,,,,,Blueprint metric,"[""Current Cycle"", ""$418k"", ""Gross activity imported""]",,,,,clinic-scoped-unless-stated,,operational,,,,,PROTOTYPE-ONLY,NOT-STARTED,NOT-STARTED,NOT-STARTED,NOT-STARTED,ADOPTED-AS-IS,Blueprint metric,P6,docs/architecture/prototype-parity/,
bpmetric_72a769fc4a83,public/pulse-html-prototype.html,,blueprint,M08,,,,,Blueprint metric,"[""Unmatched Items"", ""3"", ""Blocks approval""]",,,,,clinic-scoped-unless-stated,,operational,,,,,PROTOTYPE-ONLY,NOT-STARTED,NOT-STARTED,NOT-STARTED,NOT-STARTED,ADOPTED-AS-IS,Blueprint metric,P6,docs/architecture/prototype-parity/,
bpmetric_b9d53047dde2,public/pulse-html-prototype.html,,blueprint,M08,,,,,Blueprint metric,"[""Doctors Ready"", ""44/47"", ""Reconciled""]",,,,,clinic-scoped-unless-stated,,operational,,,,,PROTOTYPE-ONLY,NOT-STARTED,NOT-STARTED,NOT-STARTED,NOT-STARTED,ADOPTED-AS-IS,Blueprint metric,P6,docs/architecture/prototype-parity/,
bpmetric_cfc09fdf53f2,public/pulse-html-prototype.html,,blueprint,M08,,,,,Blueprint metric,"[""Payment Queries"", ""2"", ""Open disputes""]",,,,,clinic-scoped-unless-stated,,operational,,,,,PROTOTYPE-ONLY,NOT-STARTED,NOT-STARTED,NOT-STARTED,NOT-STARTED,ADOPTED-AS-IS,Blueprint metric,P6,docs/architecture/prototype-parity/,
bppattern_ebe8204e8dc6,public/pulse-html-prototype.html,,blueprint,M08,,,,,Blueprint pattern,"""Consolidated provider view""",,,,,clinic-scoped-unless-stated,,operational,,,,,PROTOTYPE-ONLY,NOT-STARTED,NOT-STARTED,NOT-STARTED,NOT-STARTED,ADOPTED-AS-IS,Blueprint UX/ops pattern,P6,docs/architecture/prototype-parity/,M04 people + finance review
bppattern_b89942a788cc,public/pulse-html-prototype.html,,blueprint,M08,,,,,Blueprint pattern,"""Effective contract rules""",,,,,clinic-scoped-unless-stated,,operational,,,,,PROTOTYPE-ONLY,NOT-STARTED,NOT-STARTED,NOT-STARTED,NOT-STARTED,ADOPTED-AS-IS,Blueprint UX/ops pattern,P6,docs/architecture/prototype-parity/,M04 people + finance review
bppattern_fef5a140dc64,public/pulse-html-prototype.html,,blueprint,M08,,,,,Blueprint pattern,"""Separate payment status""",,,,,clinic-scoped-unless-stated,,operational,,,,,PROTOTYPE-ONLY,NOT-STARTED,NOT-STARTED,NOT-STARTED,NOT-STARTED,ADOPTED-AS-IS,Blueprint UX/ops pattern,P6,docs/architecture/prototype-parity/,M04 people + finance review
bppattern_7966a73b6fab,public/pulse-html-prototype.html,,blueprint,M08,,,,,Blueprint pattern,"""Versioned correction""",,,,,clinic-scoped-unless-stated,,operational,,,,,PROTOTYPE-ONLY,NOT-STARTED,NOT-STARTED,NOT-STARTED,NOT-STARTED,ADOPTED-AS-IS,Blueprint UX/ops pattern,P6,docs/architecture/prototype-parity/,M04 people + finance review
bp_5aa0aa11d2b9,public/pulse-html-prototype.html,,blueprint,M09,Finance & Forecasting,bbpip,,,Blueprint: BBPIP Forecast & Reconciliation,"Incentive forecasting, contribution analysis, evidence gaps and final outcome reconciliation.",,,,,clinic-scoped-unless-stated,BBPIP forecasting and outcome reconciliation (aggregate),operational,,,,,PROTOTYPE-ONLY,NOT-STARTED,NOT-STARTED,NOT-STARTED,NOT-STARTED,ADOPTED-AS-IS,Platform module blueprint,P6,docs/architecture/prototype-parity/,M01 analytics + M06 reconciliation
bpmetric_146cc8167403,public/pulse-html-prototype.html,,blueprint,M09,,,,,Blueprint metric,"[""Forecast"", ""${money?\""\"":\""\""}"", ""$286k current estimate""]",,,,,clinic-scoped-unless-stated,,operational,,,,,PROTOTYPE-ONLY,NOT-STARTED,NOT-STARTED,NOT-STARTED,NOT-STARTED,ADOPTED-AS-IS,Blueprint metric,P6,docs/architecture/prototype-parity/,
bpmetric_695455b6ec46,public/pulse-html-prototype.html,,blueprint,M09,,,,,Blueprint metric,"[""Confidence"", ""88%"", ""Three evidence gaps""]",,,,,clinic-scoped-unless-stated,,operational,,,,,PROTOTYPE-ONLY,NOT-STARTED,NOT-STARTED,NOT-STARTED,NOT-STARTED,ADOPTED-AS-IS,Blueprint metric,P6,docs/architecture/prototype-parity/,
bpmetric_7db88787044f,public/pulse-html-prototype.html,,blueprint,M09,,,,,Blueprint metric,"[""High-Impact Gaps"", ""2"", ""Before period close""]",,,,,clinic-scoped-unless-stated,,operational,,,,,PROTOTYPE-ONLY,NOT-STARTED,NOT-STARTED,NOT-STARTED,NOT-STARTED,ADOPTED-AS-IS,Blueprint metric,P6,docs/architecture/prototype-parity/,
bpmetric_75066be6af83,public/pulse-html-prototype.html,,blueprint,M09,,,,,Blueprint metric,"[""Forecast Accuracy"", ""94%"", ""Previous quarter""]",,,,,clinic-scoped-unless-stated,,operational,,,,,PROTOTYPE-ONLY,NOT-STARTED,NOT-STARTED,NOT-STARTED,NOT-STARTED,ADOPTED-AS-IS,Blueprint metric,P6,docs/architecture/prototype-parity/,
bppattern_feb0a371a14a,public/pulse-html-prototype.html,,blueprint,M09,,,,,Blueprint pattern,"""Assumption transparency""",,,,,clinic-scoped-unless-stated,,operational,,,,,PROTOTYPE-ONLY,NOT-STARTED,NOT-STARTED,NOT-STARTED,NOT-STARTED,ADOPTED-AS-IS,Blueprint UX/ops pattern,P6,docs/architecture/prototype-parity/,M01 analytics + M06 reconciliation
bppattern_559e2b8a30e9,public/pulse-html-prototype.html,,blueprint,M09,,,,,Blueprint pattern,"""Contribution drill-down""",,,,,clinic-scoped-unless-stated,,operational,,,,,PROTOTYPE-ONLY,NOT-STARTED,NOT-STARTED,NOT-STARTED,NOT-STARTED,ADOPTED-AS-IS,Blueprint UX/ops pattern,P6,docs/architecture/prototype-parity/,M01 analytics + M06 reconciliation
bppattern_93e9a5da472c,public/pulse-html-prototype.html,,blueprint,M09,,,,,Blueprint pattern,"""Evidence confidence""",,,,,clinic-scoped-unless-stated,,operational,,,,,PROTOTYPE-ONLY,NOT-STARTED,NOT-STARTED,NOT-STARTED,NOT-STARTED,ADOPTED-AS-IS,Blueprint UX/ops pattern,P6,docs/architecture/prototype-parity/,M01 analytics + M06 reconciliation
bppattern_ce79de28ee6c,public/pulse-html-prototype.html,,blueprint,M09,,,,,Blueprint pattern,"""Forecast-to-actual reconciliation""",,,,,clinic-scoped-unless-stated,,operational,,,,,PROTOTYPE-ONLY,NOT-STARTED,NOT-STARTED,NOT-STARTED,NOT-STARTED,ADOPTED-AS-IS,Blueprint UX/ops pattern,P6,docs/architecture/prototype-parity/,M01 analytics + M06 reconciliation
bp_8b416edd08ea,public/pulse-html-prototype.html,,blueprint,M10,Operations,tasks,,,"Blueprint: Tasks, Checklists, Meetings & Actions","Daily work, room controls, handovers, meetings and accountable action closure.",,,,,clinic-scoped-unless-stated,"Tasks, checklist templates/occurrences, handovers, meeting actions",operational,,,,,IN-DEVELOPMENT,IN-DEVELOPMENT,BLOCKED,NOT-STARTED,NOT-STARTED,ADOPTED-AS-IS,Platform module blueprint,P3,docs/architecture/prototype-parity/,M10 template/run/detail
bpmetric_cf17995b7764,public/pulse-html-prototype.html,,blueprint,M10,,,,,Blueprint metric,"[""Due Today"", ""31"", ""Across authorised clinics""]",,,,,clinic-scoped-unless-stated,,operational,,,,,IN-DEVELOPMENT,IN-DEVELOPMENT,BLOCKED,NOT-STARTED,NOT-STARTED,ADOPTED-AS-IS,Blueprint metric,P3,docs/architecture/prototype-parity/,
bpmetric_3c4b68788e8e,public/pulse-html-prototype.html,,blueprint,M10,,,,,Blueprint metric,"[""Checklist Completion"", ""96%"", ""Current day""]",,,,,clinic-scoped-unless-stated,,operational,,,,,IN-DEVELOPMENT,IN-DEVELOPMENT,BLOCKED,NOT-STARTED,NOT-STARTED,ADOPTED-AS-IS,Blueprint metric,P3,docs/architecture/prototype-parity/,
bpmetric_a37f82d2d7ef,public/pulse-html-prototype.html,,blueprint,M10,,,,,Blueprint metric,"[""Overdue Actions"", ""8"", ""Manager follow-up""]",,,,,clinic-scoped-unless-stated,,operational,,,,,IN-DEVELOPMENT,IN-DEVELOPMENT,BLOCKED,NOT-STARTED,NOT-STARTED,ADOPTED-AS-IS,Blueprint metric,P3,docs/architecture/prototype-parity/,
bpmetric_b4f05fad244c,public/pulse-html-prototype.html,,blueprint,M10,,,,,Blueprint metric,"[""Handover Acknowledged"", ""93%"", ""Current shift""]",,,,,clinic-scoped-unless-stated,,operational,,,,,IN-DEVELOPMENT,IN-DEVELOPMENT,BLOCKED,NOT-STARTED,NOT-STARTED,ADOPTED-AS-IS,Blueprint metric,P3,docs/architecture/prototype-parity/,
bppattern_95edbe2c9739,public/pulse-html-prototype.html,,blueprint,M10,,,,,Blueprint pattern,"""Role-based task lists""",,,,,clinic-scoped-unless-stated,,operational,,,,,IN-DEVELOPMENT,IN-DEVELOPMENT,BLOCKED,NOT-STARTED,NOT-STARTED,ADOPTED-AS-IS,Blueprint UX/ops pattern,P3,docs/architecture/prototype-parity/,M10 template/run/detail
bppattern_bfba6b44510e,public/pulse-html-prototype.html,,blueprint,M10,,,,,Blueprint pattern,"""Room-linked templates""",,,,,clinic-scoped-unless-stated,,operational,,,,,IN-DEVELOPMENT,IN-DEVELOPMENT,BLOCKED,NOT-STARTED,NOT-STARTED,ADOPTED-AS-IS,Blueprint UX/ops pattern,P3,docs/architecture/prototype-parity/,M10 template/run/detail
bppattern_f86e328aec4b,public/pulse-html-prototype.html,,blueprint,M10,,,,,Blueprint pattern,"""Exception branching""",,,,,clinic-scoped-unless-stated,,operational,,,,,IN-DEVELOPMENT,IN-DEVELOPMENT,BLOCKED,NOT-STARTED,NOT-STARTED,ADOPTED-AS-IS,Blueprint UX/ops pattern,P3,docs/architecture/prototype-parity/,M10 template/run/detail
bppattern_1babec27a43a,public/pulse-html-prototype.html,,blueprint,M10,,,,,Blueprint pattern,"""Carry-forward actions""",,,,,clinic-scoped-unless-stated,,operational,,,,,IN-DEVELOPMENT,IN-DEVELOPMENT,BLOCKED,NOT-STARTED,NOT-STARTED,ADOPTED-AS-IS,Blueprint UX/ops pattern,P3,docs/architecture/prototype-parity/,M10 template/run/detail
bp_67d622607ac0,public/pulse-html-prototype.html,,blueprint,M11,People & Talent,training,,,Blueprint: Training & Learning Management,"Role-based learning, competency, acknowledgement, exemption and quality-triggered remediation.",,,,,clinic-scoped-unless-stated,"Learning, assignment, competency, certificate, exemption",operational,,,,,FUNCTIONALLY-COMPLETE,FUNCTIONALLY-COMPLETE,FUNCTIONALLY-COMPLETE,OWNER-ACCEPTED,NOT-STARTED,ADOPTED-AS-IS,Platform module blueprint,P2,docs/architecture/prototype-parity/,M11 learning/progress
bpmetric_516c95d336df,public/pulse-html-prototype.html,,blueprint,M11,,,,,Blueprint metric,"[""Mandatory Current"", ""94%"", ""Across active workforce""]",,,,,clinic-scoped-unless-stated,,operational,,,,,FUNCTIONALLY-COMPLETE,FUNCTIONALLY-COMPLETE,FUNCTIONALLY-COMPLETE,OWNER-ACCEPTED,NOT-STARTED,ADOPTED-AS-IS,Blueprint metric,P2,docs/architecture/prototype-parity/,
bpmetric_04337d169094,public/pulse-html-prototype.html,,blueprint,M11,,,,,Blueprint metric,"[""Overdue Learning"", ""11"", ""Affects readiness""]",,,,,clinic-scoped-unless-stated,,operational,,,,,FUNCTIONALLY-COMPLETE,FUNCTIONALLY-COMPLETE,FUNCTIONALLY-COMPLETE,OWNER-ACCEPTED,NOT-STARTED,ADOPTED-AS-IS,Blueprint metric,P2,docs/architecture/prototype-parity/,
bpmetric_4c1372a8a994,public/pulse-html-prototype.html,,blueprint,M11,,,,,Blueprint metric,"[""Competencies Due"", ""6"", ""Within 30 days""]",,,,,clinic-scoped-unless-stated,,operational,,,,,FUNCTIONALLY-COMPLETE,FUNCTIONALLY-COMPLETE,FUNCTIONALLY-COMPLETE,OWNER-ACCEPTED,NOT-STARTED,ADOPTED-AS-IS,Blueprint metric,P2,docs/architecture/prototype-parity/,
bpmetric_164416695831,public/pulse-html-prototype.html,,blueprint,M11,,,,,Blueprint metric,"[""QA Escalations"", ""1"", ""Targeted restriction active""]",,,,,clinic-scoped-unless-stated,,operational,,,,,FUNCTIONALLY-COMPLETE,FUNCTIONALLY-COMPLETE,FUNCTIONALLY-COMPLETE,OWNER-ACCEPTED,NOT-STARTED,ADOPTED-AS-IS,Blueprint metric,P2,docs/architecture/prototype-parity/,
bppattern_a4fa90eba72b,public/pulse-html-prototype.html,,blueprint,M11,,,,,Blueprint pattern,"""Role readiness matrix""",,,,,clinic-scoped-unless-stated,,operational,,,,,FUNCTIONALLY-COMPLETE,FUNCTIONALLY-COMPLETE,FUNCTIONALLY-COMPLETE,OWNER-ACCEPTED,NOT-STARTED,ADOPTED-AS-IS,Blueprint UX/ops pattern,P2,docs/architecture/prototype-parity/,M11 learning/progress
bppattern_61216ec2cd57,public/pulse-html-prototype.html,,blueprint,M11,,,,,Blueprint pattern,"""Evidence-based exemption""",,,,,clinic-scoped-unless-stated,,operational,,,,,FUNCTIONALLY-COMPLETE,FUNCTIONALLY-COMPLETE,FUNCTIONALLY-COMPLETE,OWNER-ACCEPTED,NOT-STARTED,ADOPTED-AS-IS,Blueprint UX/ops pattern,P2,docs/architecture/prototype-parity/,M11 learning/progress
bppattern_6ab6da8c3922,public/pulse-html-prototype.html,,blueprint,M11,,,,,Blueprint pattern,"""Observed competency""",,,,,clinic-scoped-unless-stated,,operational,,,,,FUNCTIONALLY-COMPLETE,FUNCTIONALLY-COMPLETE,FUNCTIONALLY-COMPLETE,OWNER-ACCEPTED,NOT-STARTED,ADOPTED-AS-IS,Blueprint UX/ops pattern,P2,docs/architecture/prototype-parity/,M11 learning/progress
bppattern_6128d0f6f9ce,public/pulse-html-prototype.html,,blueprint,M11,,,,,Blueprint pattern,"""Quality-triggered training""",,,,,clinic-scoped-unless-stated,,operational,,,,,FUNCTIONALLY-COMPLETE,FUNCTIONALLY-COMPLETE,FUNCTIONALLY-COMPLETE,OWNER-ACCEPTED,NOT-STARTED,ADOPTED-AS-IS,Blueprint UX/ops pattern,P2,docs/architecture/prototype-parity/,M11 learning/progress
bp_e9944df33c60,public/pulse-html-prototype.html,,blueprint,M12,Governance,complianceCentre,,,"Blueprint: Accreditation, Quality & Regulatory Compliance","RACGP readiness, evidence, cold chain, audits, QI and regulatory action.",,,,,clinic-scoped-unless-stated,"Compliance, accreditation, audit finding, CAPA verification",operational,,,,,IN-DEVELOPMENT,IN-DEVELOPMENT,NOT-STARTED,NOT-STARTED,NOT-STARTED,ADOPTED-AS-IS,Platform module blueprint,P5,docs/architecture/prototype-parity/,M12 governance/audit
bpmetric_9b3dec94b56e,public/pulse-html-prototype.html,,blueprint,M12,,,,,Blueprint metric,"[""RACGP Readiness"", ""91%"", ""Organisation score""]",,,,,clinic-scoped-unless-stated,,operational,,,,,IN-DEVELOPMENT,IN-DEVELOPMENT,NOT-STARTED,NOT-STARTED,NOT-STARTED,ADOPTED-AS-IS,Blueprint metric,P5,docs/architecture/prototype-parity/,
bpmetric_b14b03d61510,public/pulse-html-prototype.html,,blueprint,M12,,,,,Blueprint metric,"[""Critical Gaps"", ""3"", ""Evidence or action missing""]",,,,,clinic-scoped-unless-stated,,operational,,,,,IN-DEVELOPMENT,IN-DEVELOPMENT,NOT-STARTED,NOT-STARTED,NOT-STARTED,ADOPTED-AS-IS,Blueprint metric,P5,docs/architecture/prototype-parity/,
bpmetric_0129f80a4f78,public/pulse-html-prototype.html,,blueprint,M12,,,,,Blueprint metric,"[""Cold Chain"", ""99.2%"", ""Readings within range""]",,,,,clinic-scoped-unless-stated,,operational,,,,,IN-DEVELOPMENT,IN-DEVELOPMENT,NOT-STARTED,NOT-STARTED,NOT-STARTED,ADOPTED-AS-IS,Blueprint metric,P5,docs/architecture/prototype-parity/,
bpmetric_5f93e8a95976,public/pulse-html-prototype.html,,blueprint,M12,,,,,Blueprint metric,"[""Audit Actions Overdue"", ""4"", ""Requires owner follow-up""]",,,,,clinic-scoped-unless-stated,,operational,,,,,IN-DEVELOPMENT,IN-DEVELOPMENT,NOT-STARTED,NOT-STARTED,NOT-STARTED,ADOPTED-AS-IS,Blueprint metric,P5,docs/architecture/prototype-parity/,
bppattern_567391abfe0c,public/pulse-html-prototype.html,,blueprint,M12,,,,,Blueprint pattern,"""Evidence-linked standards""",,,,,clinic-scoped-unless-stated,,operational,,,,,IN-DEVELOPMENT,IN-DEVELOPMENT,NOT-STARTED,NOT-STARTED,NOT-STARTED,ADOPTED-AS-IS,Blueprint UX/ops pattern,P5,docs/architecture/prototype-parity/,M12 governance/audit
bppattern_35d1185282ab,public/pulse-html-prototype.html,,blueprint,M12,,,,,Blueprint pattern,"""Traffic-light plus text""",,,,,clinic-scoped-unless-stated,,operational,,,,,IN-DEVELOPMENT,IN-DEVELOPMENT,NOT-STARTED,NOT-STARTED,NOT-STARTED,ADOPTED-AS-IS,Blueprint UX/ops pattern,P5,docs/architecture/prototype-parity/,M12 governance/audit
bppattern_38747ad31e93,public/pulse-html-prototype.html,,blueprint,M12,,,,,Blueprint pattern,"""Gap-to-action conversion""",,,,,clinic-scoped-unless-stated,,operational,,,,,IN-DEVELOPMENT,IN-DEVELOPMENT,NOT-STARTED,NOT-STARTED,NOT-STARTED,ADOPTED-AS-IS,Blueprint UX/ops pattern,P5,docs/architecture/prototype-parity/,M12 governance/audit
bppattern_076d39498eba,public/pulse-html-prototype.html,,blueprint,M12,,,,,Blueprint pattern,"""PDSA learning loop""",,,,,clinic-scoped-unless-stated,,operational,,,,,IN-DEVELOPMENT,IN-DEVELOPMENT,NOT-STARTED,NOT-STARTED,NOT-STARTED,ADOPTED-AS-IS,Blueprint UX/ops pattern,P5,docs/architecture/prototype-parity/,M12 governance/audit
bp_a071391e78c6,public/pulse-html-prototype.html,,blueprint,M13,Governance,documents,,,"Blueprint: Documents, Policies, SOPs & Intake","Controlled intake, classification, review, publication, acknowledgement, retention and legal hold.",,,,,clinic-scoped-unless-stated,Controlled operational documents and policy versions,operational,,,,,PROTOTYPE-ONLY,NOT-STARTED,NOT-STARTED,NOT-STARTED,NOT-STARTED,ADOPTED-AS-IS,Platform module blueprint,P4,docs/architecture/prototype-parity/,M12 governance/audit
bpmetric_d8db131249f2,public/pulse-html-prototype.html,,blueprint,M13,,,,,Blueprint metric,"[""Intake Unclassified"", ""7"", ""Requires filing decision""]",,,,,clinic-scoped-unless-stated,,operational,,,,,PROTOTYPE-ONLY,NOT-STARTED,NOT-STARTED,NOT-STARTED,NOT-STARTED,ADOPTED-AS-IS,Blueprint metric,P4,docs/architecture/prototype-parity/,
bpmetric_3f93a246c2c1,public/pulse-html-prototype.html,,blueprint,M13,,,,,Blueprint metric,"[""Reviews Due"", ""12"", ""Within 60 days""]",,,,,clinic-scoped-unless-stated,,operational,,,,,PROTOTYPE-ONLY,NOT-STARTED,NOT-STARTED,NOT-STARTED,NOT-STARTED,ADOPTED-AS-IS,Blueprint metric,P4,docs/architecture/prototype-parity/,
bpmetric_5aea54dd09c7,public/pulse-html-prototype.html,,blueprint,M13,,,,,Blueprint metric,"[""Acknowledgement"", ""97%"", ""Current policies""]",,,,,clinic-scoped-unless-stated,,operational,,,,,PROTOTYPE-ONLY,NOT-STARTED,NOT-STARTED,NOT-STARTED,NOT-STARTED,ADOPTED-AS-IS,Blueprint metric,P4,docs/architecture/prototype-parity/,
bpmetric_6b47c9c258db,public/pulse-html-prototype.html,,blueprint,M13,,,,,Blueprint metric,"[""Legal Holds"", ""2"", ""Protected records""]",,,,,clinic-scoped-unless-stated,,operational,,,,,PROTOTYPE-ONLY,NOT-STARTED,NOT-STARTED,NOT-STARTED,NOT-STARTED,ADOPTED-AS-IS,Blueprint metric,P4,docs/architecture/prototype-parity/,
bppattern_c2fcadfebd48,public/pulse-html-prototype.html,,blueprint,M13,,,,,Blueprint pattern,"""Central intake""",,,,,clinic-scoped-unless-stated,,operational,,,,,PROTOTYPE-ONLY,NOT-STARTED,NOT-STARTED,NOT-STARTED,NOT-STARTED,ADOPTED-AS-IS,Blueprint UX/ops pattern,P4,docs/architecture/prototype-parity/,M12 governance/audit
bppattern_ce5e824ddda0,public/pulse-html-prototype.html,,blueprint,M13,,,,,Blueprint pattern,"""Version comparison""",,,,,clinic-scoped-unless-stated,,operational,,,,,PROTOTYPE-ONLY,NOT-STARTED,NOT-STARTED,NOT-STARTED,NOT-STARTED,ADOPTED-AS-IS,Blueprint UX/ops pattern,P4,docs/architecture/prototype-parity/,M12 governance/audit
bppattern_96d3adc81ceb,public/pulse-html-prototype.html,,blueprint,M13,,,,,Blueprint pattern,"""Acknowledgement tasks""",,,,,clinic-scoped-unless-stated,,operational,,,,,PROTOTYPE-ONLY,NOT-STARTED,NOT-STARTED,NOT-STARTED,NOT-STARTED,ADOPTED-AS-IS,Blueprint UX/ops pattern,P4,docs/architecture/prototype-parity/,M12 governance/audit
bppattern_faffc34079fe,public/pulse-html-prototype.html,,blueprint,M13,,,,,Blueprint pattern,"""Retention governance""",,,,,clinic-scoped-unless-stated,,operational,,,,,PROTOTYPE-ONLY,NOT-STARTED,NOT-STARTED,NOT-STARTED,NOT-STARTED,ADOPTED-AS-IS,Blueprint UX/ops pattern,P4,docs/architecture/prototype-parity/,M12 governance/audit
bp_84aaa4d8f334,public/pulse-html-prototype.html,,blueprint,M14,Operations,ticketDesk,,,Blueprint: Ticketing Desk & Work Orders,"Issue intake, triage, SLA, work orders, duplicates, contractors and evidence-based closure.",,,,,clinic-scoped-unless-stated,Tickets and work orders,operational,,,,,PROTOTYPE-ONLY,NOT-STARTED,NOT-STARTED,NOT-STARTED,NOT-STARTED,ADOPTED-AS-IS,Platform module blueprint,P4,docs/architecture/prototype-parity/,M02 master-detail queue
bpmetric_2d737b71a983,public/pulse-html-prototype.html,,blueprint,M14,,,,,Blueprint metric,"[""Open Tickets"", ""14"", ""All priorities""]",,,,,clinic-scoped-unless-stated,,operational,,,,,PROTOTYPE-ONLY,NOT-STARTED,NOT-STARTED,NOT-STARTED,NOT-STARTED,ADOPTED-AS-IS,Blueprint metric,P4,docs/architecture/prototype-parity/,
bpmetric_bcf6d24d7dcc,public/pulse-html-prototype.html,,blueprint,M14,,,,,Blueprint metric,"[""P1 Active"", ""1"", ""Immediate oversight""]",,,,,clinic-scoped-unless-stated,,operational,,,,,PROTOTYPE-ONLY,NOT-STARTED,NOT-STARTED,NOT-STARTED,NOT-STARTED,ADOPTED-AS-IS,Blueprint metric,P4,docs/architecture/prototype-parity/,
bpmetric_a439e899d2e1,public/pulse-html-prototype.html,,blueprint,M14,,,,,Blueprint metric,"[""SLA Compliance"", ""93%"", ""Current month""]",,,,,clinic-scoped-unless-stated,,operational,,,,,PROTOTYPE-ONLY,NOT-STARTED,NOT-STARTED,NOT-STARTED,NOT-STARTED,ADOPTED-AS-IS,Blueprint metric,P4,docs/architecture/prototype-parity/,
bpmetric_4ba78da33d42,public/pulse-html-prototype.html,,blueprint,M14,,,,,Blueprint metric,"[""Reopened"", ""2"", ""Last 30 days""]",,,,,clinic-scoped-unless-stated,,operational,,,,,PROTOTYPE-ONLY,NOT-STARTED,NOT-STARTED,NOT-STARTED,NOT-STARTED,ADOPTED-AS-IS,Blueprint metric,P4,docs/architecture/prototype-parity/,
bppattern_529678a70ed2,public/pulse-html-prototype.html,,blueprint,M14,,,,,Blueprint pattern,"""Impact-urgency triage""",,,,,clinic-scoped-unless-stated,,operational,,,,,PROTOTYPE-ONLY,NOT-STARTED,NOT-STARTED,NOT-STARTED,NOT-STARTED,ADOPTED-AS-IS,Blueprint UX/ops pattern,P4,docs/architecture/prototype-parity/,M02 master-detail queue
bppattern_ed911104bf2e,public/pulse-html-prototype.html,,blueprint,M14,,,,,Blueprint pattern,"""SLA countdown""",,,,,clinic-scoped-unless-stated,,operational,,,,,PROTOTYPE-ONLY,NOT-STARTED,NOT-STARTED,NOT-STARTED,NOT-STARTED,ADOPTED-AS-IS,Blueprint UX/ops pattern,P4,docs/architecture/prototype-parity/,M02 master-detail queue
bppattern_d53c09f1c3c9,public/pulse-html-prototype.html,,blueprint,M14,,,,,Blueprint pattern,"""Master duplicate record""",,,,,clinic-scoped-unless-stated,,operational,,,,,PROTOTYPE-ONLY,NOT-STARTED,NOT-STARTED,NOT-STARTED,NOT-STARTED,ADOPTED-AS-IS,Blueprint UX/ops pattern,P4,docs/architecture/prototype-parity/,M02 master-detail queue
bppattern_5970fd43105d,public/pulse-html-prototype.html,,blueprint,M14,,,,,Blueprint pattern,"""Closure evidence""",,,,,clinic-scoped-unless-stated,,operational,,,,,PROTOTYPE-ONLY,NOT-STARTED,NOT-STARTED,NOT-STARTED,NOT-STARTED,ADOPTED-AS-IS,Blueprint UX/ops pattern,P4,docs/architecture/prototype-parity/,M02 master-detail queue
bp_351b364edeac,public/pulse-html-prototype.html,,blueprint,M15,Assets & Facilities,inventory,,,"Blueprint: Inventory, Suppliers, Finance & Assets","Stock, suppliers, invoices, assets, equipment, printers, service and recall control.",,,,,clinic-scoped-unless-stated,"Stock, supplier, purchase, supplier invoice, equipment, rooms, printers, assets",operational,,,,,PROTOTYPE-ONLY,NOT-STARTED,NOT-STARTED,NOT-STARTED,NOT-STARTED,ADOPTED-AS-IS,Platform module blueprint,P5,docs/architecture/prototype-parity/,M15 inventory/asset
bpmetric_d87bd9d67964,public/pulse-html-prototype.html,,blueprint,M15,,,,,Blueprint metric,"[""Critical Stockouts"", ""0"", ""Target state""]",,,,,clinic-scoped-unless-stated,,operational,,,,,PROTOTYPE-ONLY,NOT-STARTED,NOT-STARTED,NOT-STARTED,NOT-STARTED,ADOPTED-AS-IS,Blueprint metric,P5,docs/architecture/prototype-parity/,
bpmetric_4f7cc360947c,public/pulse-html-prototype.html,,blueprint,M15,,,,,Blueprint metric,"[""Low Stock Items"", ""12"", ""Below PAR""]",,,,,clinic-scoped-unless-stated,,operational,,,,,PROTOTYPE-ONLY,NOT-STARTED,NOT-STARTED,NOT-STARTED,NOT-STARTED,ADOPTED-AS-IS,Blueprint metric,P5,docs/architecture/prototype-parity/,
bpmetric_9b9ac2e57773,public/pulse-html-prototype.html,,blueprint,M15,,,,,Blueprint metric,"[""Service Overdue"", ""3"", ""Critical assets""]",,,,,clinic-scoped-unless-stated,,operational,,,,,PROTOTYPE-ONLY,NOT-STARTED,NOT-STARTED,NOT-STARTED,NOT-STARTED,ADOPTED-AS-IS,Blueprint metric,P5,docs/architecture/prototype-parity/,
bpmetric_f102be73cf2f,public/pulse-html-prototype.html,,blueprint,M15,,,,,Blueprint metric,"[""Supplier Reviews Due"", ""5"", ""Within 60 days""]",,,,,clinic-scoped-unless-stated,,operational,,,,,PROTOTYPE-ONLY,NOT-STARTED,NOT-STARTED,NOT-STARTED,NOT-STARTED,ADOPTED-AS-IS,Blueprint metric,P5,docs/architecture/prototype-parity/,
bppattern_0d06eac06397,public/pulse-html-prototype.html,,blueprint,M15,,,,,Blueprint pattern,"""PAR-driven replenishment""",,,,,clinic-scoped-unless-stated,,operational,,,,,PROTOTYPE-ONLY,NOT-STARTED,NOT-STARTED,NOT-STARTED,NOT-STARTED,ADOPTED-AS-IS,Blueprint UX/ops pattern,P5,docs/architecture/prototype-parity/,M15 inventory/asset
bppattern_f87d81aa59ae,public/pulse-html-prototype.html,,blueprint,M15,,,,,Blueprint pattern,"""Batch and recall traceability""",,,,,clinic-scoped-unless-stated,,operational,,,,,PROTOTYPE-ONLY,NOT-STARTED,NOT-STARTED,NOT-STARTED,NOT-STARTED,ADOPTED-AS-IS,Blueprint UX/ops pattern,P5,docs/architecture/prototype-parity/,M15 inventory/asset
bppattern_cdfe47873fa3,public/pulse-html-prototype.html,,blueprint,M15,,,,,Blueprint pattern,"""Asset accountability""",,,,,clinic-scoped-unless-stated,,operational,,,,,PROTOTYPE-ONLY,NOT-STARTED,NOT-STARTED,NOT-STARTED,NOT-STARTED,ADOPTED-AS-IS,Blueprint UX/ops pattern,P5,docs/architecture/prototype-parity/,M15 inventory/asset
bppattern_8daff3b99298,public/pulse-html-prototype.html,,blueprint,M15,,,,,Blueprint pattern,"""Supplier due diligence""",,,,,clinic-scoped-unless-stated,,operational,,,,,PROTOTYPE-ONLY,NOT-STARTED,NOT-STARTED,NOT-STARTED,NOT-STARTED,ADOPTED-AS-IS,Blueprint UX/ops pattern,P5,docs/architecture/prototype-parity/,M15 inventory/asset
bp_0611150e32b4,public/pulse-html-prototype.html,,blueprint,M16,Operations,incidents,,,"Blueprint: Incidents, Complaints, Risk & Continuity","Confidential reporting, triage, investigation, RCA/CAPA, enterprise risk and continuity.",,,,,clinic-scoped-unless-stated,"Operational incident, complaint classification, risk, continuity, emergency coordination",operational,,,,,IN-DEVELOPMENT,IN-DEVELOPMENT,NOT-STARTED,NOT-STARTED,NOT-STARTED,ADOPTED-AS-IS,Platform module blueprint,P5,docs/architecture/prototype-parity/,M12 governance/audit
bpmetric_c00f62ae1e95,public/pulse-html-prototype.html,,blueprint,M16,,,,,Blueprint metric,"[""Open Incidents"", ""9"", ""Two high risk""]",,,,,clinic-scoped-unless-stated,,operational,,,,,IN-DEVELOPMENT,IN-DEVELOPMENT,NOT-STARTED,NOT-STARTED,NOT-STARTED,ADOPTED-AS-IS,Blueprint metric,P5,docs/architecture/prototype-parity/,
bpmetric_979671843b5a,public/pulse-html-prototype.html,,blueprint,M16,,,,,Blueprint metric,"[""CAPA Overdue"", ""4"", ""Effectiveness pending""]",,,,,clinic-scoped-unless-stated,,operational,,,,,IN-DEVELOPMENT,IN-DEVELOPMENT,NOT-STARTED,NOT-STARTED,NOT-STARTED,ADOPTED-AS-IS,Blueprint metric,P5,docs/architecture/prototype-parity/,
bpmetric_c899b3149509,public/pulse-html-prototype.html,,blueprint,M16,,,,,Blueprint metric,"[""Continuity Exercises"", ""2"", ""Due this quarter""]",,,,,clinic-scoped-unless-stated,,operational,,,,,IN-DEVELOPMENT,IN-DEVELOPMENT,NOT-STARTED,NOT-STARTED,NOT-STARTED,ADOPTED-AS-IS,Blueprint metric,P5,docs/architecture/prototype-parity/,
bpmetric_be0baa0a5104,public/pulse-html-prototype.html,,blueprint,M16,,,,,Blueprint metric,"[""Risk Controls Effective"", ""88%"", ""Current review""]",,,,,clinic-scoped-unless-stated,,operational,,,,,IN-DEVELOPMENT,IN-DEVELOPMENT,NOT-STARTED,NOT-STARTED,NOT-STARTED,ADOPTED-AS-IS,Blueprint metric,P5,docs/architecture/prototype-parity/,
bppattern_5cd21c27f266,public/pulse-html-prototype.html,,blueprint,M16,,,,,Blueprint pattern,"""Just culture reporting""",,,,,clinic-scoped-unless-stated,,operational,,,,,IN-DEVELOPMENT,IN-DEVELOPMENT,NOT-STARTED,NOT-STARTED,NOT-STARTED,ADOPTED-AS-IS,Blueprint UX/ops pattern,P5,docs/architecture/prototype-parity/,M12 governance/audit
bppattern_b0c94b62b2d1,public/pulse-html-prototype.html,,blueprint,M16,,,,,Blueprint pattern,"""Severity-based triage""",,,,,clinic-scoped-unless-stated,,operational,,,,,IN-DEVELOPMENT,IN-DEVELOPMENT,NOT-STARTED,NOT-STARTED,NOT-STARTED,ADOPTED-AS-IS,Blueprint UX/ops pattern,P5,docs/architecture/prototype-parity/,M12 governance/audit
bppattern_836e26c858e9,public/pulse-html-prototype.html,,blueprint,M16,,,,,Blueprint pattern,"""RCA/CAPA effectiveness""",,,,,clinic-scoped-unless-stated,,operational,,,,,IN-DEVELOPMENT,IN-DEVELOPMENT,NOT-STARTED,NOT-STARTED,NOT-STARTED,ADOPTED-AS-IS,Blueprint UX/ops pattern,P5,docs/architecture/prototype-parity/,M12 governance/audit
bppattern_20a58eeb052f,public/pulse-html-prototype.html,,blueprint,M16,,,,,Blueprint pattern,"""Scenario continuity""",,,,,clinic-scoped-unless-stated,,operational,,,,,IN-DEVELOPMENT,IN-DEVELOPMENT,NOT-STARTED,NOT-STARTED,NOT-STARTED,ADOPTED-AS-IS,Blueprint UX/ops pattern,P5,docs/architecture/prototype-parity/,M12 governance/audit
bp_85788348c9b3,public/pulse-html-prototype.html,,blueprint,M17,Communications,email,,,Blueprint: Email & SMS Communications,"Approved campaigns, emergency communication, audience governance, consent and delivery.",,,,,clinic-scoped-unless-stated,Governed outbound communications and delivery status,operational,,,,,PROTOTYPE-ONLY,NOT-STARTED,NOT-STARTED,NOT-STARTED,NOT-STARTED,ADOPTED-AS-IS,Platform module blueprint,P7,docs/architecture/prototype-parity/,M02 queue + delivery status
bpmetric_d2f4597a5ebc,public/pulse-html-prototype.html,,blueprint,M17,,,,,Blueprint metric,"[""Scheduled Messages"", ""6"", ""Approved queue""]",,,,,clinic-scoped-unless-stated,,operational,,,,,PROTOTYPE-ONLY,NOT-STARTED,NOT-STARTED,NOT-STARTED,NOT-STARTED,ADOPTED-AS-IS,Blueprint metric,P7,docs/architecture/prototype-parity/,
bpmetric_99b78e5bb2b5,public/pulse-html-prototype.html,,blueprint,M17,,,,,Blueprint metric,"[""Delivery Rate"", ""98.6%"", ""Last 30 days""]",,,,,clinic-scoped-unless-stated,,operational,,,,,PROTOTYPE-ONLY,NOT-STARTED,NOT-STARTED,NOT-STARTED,NOT-STARTED,ADOPTED-AS-IS,Blueprint metric,P7,docs/architecture/prototype-parity/,
bpmetric_55860d488213,public/pulse-html-prototype.html,,blueprint,M17,,,,,Blueprint metric,"[""Permanent Failures"", ""11"", ""Requires source correction""]",,,,,clinic-scoped-unless-stated,,operational,,,,,PROTOTYPE-ONLY,NOT-STARTED,NOT-STARTED,NOT-STARTED,NOT-STARTED,ADOPTED-AS-IS,Blueprint metric,P7,docs/architecture/prototype-parity/,
bpmetric_bff1c394a00e,public/pulse-html-prototype.html,,blueprint,M17,,,,,Blueprint metric,"[""Approvals Pending"", ""3"", ""Exact content and audience""]",,,,,clinic-scoped-unless-stated,,operational,,,,,PROTOTYPE-ONLY,NOT-STARTED,NOT-STARTED,NOT-STARTED,NOT-STARTED,ADOPTED-AS-IS,Blueprint metric,P7,docs/architecture/prototype-parity/,
bppattern_5757dc3e94b1,public/pulse-html-prototype.html,,blueprint,M17,,,,,Blueprint pattern,"""Exact-version approval""",,,,,clinic-scoped-unless-stated,,operational,,,,,PROTOTYPE-ONLY,NOT-STARTED,NOT-STARTED,NOT-STARTED,NOT-STARTED,ADOPTED-AS-IS,Blueprint UX/ops pattern,P7,docs/architecture/prototype-parity/,M02 queue + delivery status
bppattern_ebc2d0705a3c,public/pulse-html-prototype.html,,blueprint,M17,,,,,Blueprint pattern,"""Consent suppression""",,,,,clinic-scoped-unless-stated,,operational,,,,,PROTOTYPE-ONLY,NOT-STARTED,NOT-STARTED,NOT-STARTED,NOT-STARTED,ADOPTED-AS-IS,Blueprint UX/ops pattern,P7,docs/architecture/prototype-parity/,M02 queue + delivery status
bppattern_06d3816118f3,public/pulse-html-prototype.html,,blueprint,M17,,,,,Blueprint pattern,"""Delivery exception queue""",,,,,clinic-scoped-unless-stated,,operational,,,,,PROTOTYPE-ONLY,NOT-STARTED,NOT-STARTED,NOT-STARTED,NOT-STARTED,ADOPTED-AS-IS,Blueprint UX/ops pattern,P7,docs/architecture/prototype-parity/,M02 queue + delivery status
bppattern_d1dcc9f04d8e,public/pulse-html-prototype.html,,blueprint,M17,,,,,Blueprint pattern,"""Event-linked emergency updates""",,,,,clinic-scoped-unless-stated,,operational,,,,,PROTOTYPE-ONLY,NOT-STARTED,NOT-STARTED,NOT-STARTED,NOT-STARTED,ADOPTED-AS-IS,Blueprint UX/ops pattern,P7,docs/architecture/prototype-parity/,M02 queue + delivery status
bp_e75bcd932c20,public/pulse-html-prototype.html,,blueprint,M18,Security & Access,website,,,Blueprint: Digital Operations & Security,"Digital availability, remote support, privileged access, secrets, cameras and review.",,,,,clinic-scoped-unless-stated,"Digital monitoring, privileged access, secrets, security operations",operational,,,,,PROTOTYPE-ONLY,NOT-STARTED,NOT-STARTED,NOT-STARTED,NOT-STARTED,ADOPTED-AS-IS,Platform module blueprint,P7,docs/architecture/prototype-parity/,M06 live-operations
bpmetric_7be1eb7f7f84,public/pulse-html-prototype.html,,blueprint,M18,,,,,Blueprint metric,"[""Critical Outages"", ""0"", ""Current state""]",,,,,clinic-scoped-unless-stated,,operational,,,,,PROTOTYPE-ONLY,NOT-STARTED,NOT-STARTED,NOT-STARTED,NOT-STARTED,ADOPTED-AS-IS,Blueprint metric,P7,docs/architecture/prototype-parity/,
bpmetric_6974c3029c6f,public/pulse-html-prototype.html,,blueprint,M18,,,,,Blueprint metric,"[""Remote Sessions Active"", ""2"", ""Approved and timed""]",,,,,clinic-scoped-unless-stated,,operational,,,,,PROTOTYPE-ONLY,NOT-STARTED,NOT-STARTED,NOT-STARTED,NOT-STARTED,ADOPTED-AS-IS,Blueprint metric,P7,docs/architecture/prototype-parity/,
bpmetric_c877e7ce5ff1,public/pulse-html-prototype.html,,blueprint,M18,,,,,Blueprint metric,"[""Credential Rotations Due"", ""4"", ""Within 30 days""]",,,,,clinic-scoped-unless-stated,,operational,,,,,PROTOTYPE-ONLY,NOT-STARTED,NOT-STARTED,NOT-STARTED,NOT-STARTED,ADOPTED-AS-IS,Blueprint metric,P7,docs/architecture/prototype-parity/,
bpmetric_02b0cab96c91,public/pulse-html-prototype.html,,blueprint,M18,,,,,Blueprint metric,"[""Camera Health"", ""97%"", ""One device offline""]",,,,,clinic-scoped-unless-stated,,operational,,,,,PROTOTYPE-ONLY,NOT-STARTED,NOT-STARTED,NOT-STARTED,NOT-STARTED,ADOPTED-AS-IS,Blueprint metric,P7,docs/architecture/prototype-parity/,
bppattern_4db031b3e97e,public/pulse-html-prototype.html,,blueprint,M18,,,,,Blueprint pattern,"""Time-limited access""",,,,,clinic-scoped-unless-stated,,operational,,,,,PROTOTYPE-ONLY,NOT-STARTED,NOT-STARTED,NOT-STARTED,NOT-STARTED,ADOPTED-AS-IS,Blueprint UX/ops pattern,P7,docs/architecture/prototype-parity/,M06 live-operations
bppattern_4c048a9314a1,public/pulse-html-prototype.html,,blueprint,M18,,,,,Blueprint pattern,"""Break-glass review""",,,,,clinic-scoped-unless-stated,,operational,,,,,PROTOTYPE-ONLY,NOT-STARTED,NOT-STARTED,NOT-STARTED,NOT-STARTED,ADOPTED-AS-IS,Blueprint UX/ops pattern,P7,docs/architecture/prototype-parity/,M06 live-operations
bppattern_00544aec59fc,public/pulse-html-prototype.html,,blueprint,M18,,,,,Blueprint pattern,"""Secret reveal audit""",,,,,clinic-scoped-unless-stated,,operational,,,,,PROTOTYPE-ONLY,NOT-STARTED,NOT-STARTED,NOT-STARTED,NOT-STARTED,ADOPTED-AS-IS,Blueprint UX/ops pattern,P7,docs/architecture/prototype-parity/,M06 live-operations
bppattern_c4f7f6d958fd,public/pulse-html-prototype.html,,blueprint,M18,,,,,Blueprint pattern,"""Privacy-scoped footage""",,,,,clinic-scoped-unless-stated,,operational,,,,,PROTOTYPE-ONLY,NOT-STARTED,NOT-STARTED,NOT-STARTED,NOT-STARTED,ADOPTED-AS-IS,Blueprint UX/ops pattern,P7,docs/architecture/prototype-parity/,M06 live-operations
bp_8985cb56a763,public/pulse-html-prototype.html,,blueprint,M19,Executive Command Centre,analytics,,,"Blueprint: Clinic Analytics, Data Quality & Change","Trusted operational insight, all-clinic benchmarking, data correction and governed change.",,,,,clinic-scoped-unless-stated,"Metric definitions, data-quality cases, change governance",operational,,,,,PROTOTYPE-ONLY,NOT-STARTED,NOT-STARTED,NOT-STARTED,NOT-STARTED,ADOPTED-AS-IS,Platform module blueprint,P7,docs/architecture/prototype-parity/,M01 dashboard + data-quality cases
bpmetric_7f86bd8feea8,public/pulse-html-prototype.html,,blueprint,M19,,,,,Blueprint metric,"[""Data Completeness"", ""96%"", ""All active clinics""]",,,,,clinic-scoped-unless-stated,,operational,,,,,PROTOTYPE-ONLY,NOT-STARTED,NOT-STARTED,NOT-STARTED,NOT-STARTED,ADOPTED-AS-IS,Blueprint metric,P7,docs/architecture/prototype-parity/,
bpmetric_200766c1743b,public/pulse-html-prototype.html,,blueprint,M19,,,,,Blueprint metric,"[""Critical Data Issues"", ""5"", ""Affect downstream work""]",,,,,clinic-scoped-unless-stated,,operational,,,,,PROTOTYPE-ONLY,NOT-STARTED,NOT-STARTED,NOT-STARTED,NOT-STARTED,ADOPTED-AS-IS,Blueprint metric,P7,docs/architecture/prototype-parity/,
bpmetric_a03e2a7ca25e,public/pulse-html-prototype.html,,blueprint,M19,,,,,Blueprint metric,"[""Changes At Risk"", ""2"", ""Readiness incomplete""]",,,,,clinic-scoped-unless-stated,,operational,,,,,PROTOTYPE-ONLY,NOT-STARTED,NOT-STARTED,NOT-STARTED,NOT-STARTED,ADOPTED-AS-IS,Blueprint metric,P7,docs/architecture/prototype-parity/,
bpmetric_87da32be38f1,public/pulse-html-prototype.html,,blueprint,M19,,,,,Blueprint metric,"[""Benefits Realised"", ""82%"", ""Closed changes""]",,,,,clinic-scoped-unless-stated,,operational,,,,,PROTOTYPE-ONLY,NOT-STARTED,NOT-STARTED,NOT-STARTED,NOT-STARTED,ADOPTED-AS-IS,Blueprint metric,P7,docs/architecture/prototype-parity/,
bppattern_6f0e827441aa,public/pulse-html-prototype.html,,blueprint,M19,,,,,Blueprint pattern,"""Metric definitions""",,,,,clinic-scoped-unless-stated,,operational,,,,,PROTOTYPE-ONLY,NOT-STARTED,NOT-STARTED,NOT-STARTED,NOT-STARTED,ADOPTED-AS-IS,Blueprint UX/ops pattern,P7,docs/architecture/prototype-parity/,M01 dashboard + data-quality cases
bppattern_b275a0c627b1,public/pulse-html-prototype.html,,blueprint,M19,,,,,Blueprint pattern,"""Contributing-record drill-down""",,,,,clinic-scoped-unless-stated,,operational,,,,,PROTOTYPE-ONLY,NOT-STARTED,NOT-STARTED,NOT-STARTED,NOT-STARTED,ADOPTED-AS-IS,Blueprint UX/ops pattern,P7,docs/architecture/prototype-parity/,M01 dashboard + data-quality cases
bppattern_56fe72e9f48e,public/pulse-html-prototype.html,,blueprint,M19,,,,,Blueprint pattern,"""Owned data quality""",,,,,clinic-scoped-unless-stated,,operational,,,,,PROTOTYPE-ONLY,NOT-STARTED,NOT-STARTED,NOT-STARTED,NOT-STARTED,ADOPTED-AS-IS,Blueprint UX/ops pattern,P7,docs/architecture/prototype-parity/,M01 dashboard + data-quality cases
bppattern_da870bd5c4e0,public/pulse-html-prototype.html,,blueprint,M19,,,,,Blueprint pattern,"""Rollback and benefits review""",,,,,clinic-scoped-unless-stated,,operational,,,,,PROTOTYPE-ONLY,NOT-STARTED,NOT-STARTED,NOT-STARTED,NOT-STARTED,ADOPTED-AS-IS,Blueprint UX/ops pattern,P7,docs/architecture/prototype-parity/,M01 dashboard + data-quality cases
bp_b36864ad2548,public/pulse-html-prototype.html,,blueprint,M20,Organisation & Tenant,saas,,,Blueprint: Commercial SaaS & Organisation Workspaces,"Tenant onboarding, plan governance, support access, usage, billing, renewal and offboarding.",,,,,clinic-scoped-unless-stated,Tenant-facing commercial plans/workspaces,operational,,,,,PROTOTYPE-ONLY,NOT-STARTED,NOT-STARTED,NOT-STARTED,NOT-STARTED,ADOPTED-AS-IS,Platform module blueprint,P8,docs/architecture/prototype-parity/,M04/M02 commercial workspaces
bpmetric_5d6a17f0fc88,public/pulse-html-prototype.html,,blueprint,M20,,,,,Blueprint metric,"[""Active Tenants"", ""18"", ""Commercial portfolio""]",,,,,clinic-scoped-unless-stated,,operational,,,,,PROTOTYPE-ONLY,NOT-STARTED,NOT-STARTED,NOT-STARTED,NOT-STARTED,ADOPTED-AS-IS,Blueprint metric,P8,docs/architecture/prototype-parity/,
bpmetric_a3af798ed0fa,public/pulse-html-prototype.html,,blueprint,M20,,,,,Blueprint metric,"[""Onboarding"", ""3"", ""In progress""]",,,,,clinic-scoped-unless-stated,,operational,,,,,PROTOTYPE-ONLY,NOT-STARTED,NOT-STARTED,NOT-STARTED,NOT-STARTED,ADOPTED-AS-IS,Blueprint metric,P8,docs/architecture/prototype-parity/,
bpmetric_e8863000b8b0,public/pulse-html-prototype.html,,blueprint,M20,,,,,Blueprint metric,"[""Renewals Due"", ""4"", ""Within 90 days""]",,,,,clinic-scoped-unless-stated,,operational,,,,,PROTOTYPE-ONLY,NOT-STARTED,NOT-STARTED,NOT-STARTED,NOT-STARTED,ADOPTED-AS-IS,Blueprint metric,P8,docs/architecture/prototype-parity/,
bpmetric_b5e390145216,public/pulse-html-prototype.html,,blueprint,M20,,,,,Blueprint metric,"[""Support Access Active"", ""1"", ""Time-limited""]",,,,,clinic-scoped-unless-stated,,operational,,,,,PROTOTYPE-ONLY,NOT-STARTED,NOT-STARTED,NOT-STARTED,NOT-STARTED,ADOPTED-AS-IS,Blueprint metric,P8,docs/architecture/prototype-parity/,
bppattern_e67de8bbde50,public/pulse-html-prototype.html,,blueprint,M20,,,,,Blueprint pattern,"""Tenant separation""",,,,,clinic-scoped-unless-stated,,operational,,,,,PROTOTYPE-ONLY,NOT-STARTED,NOT-STARTED,NOT-STARTED,NOT-STARTED,ADOPTED-AS-IS,Blueprint UX/ops pattern,P8,docs/architecture/prototype-parity/,M04/M02 commercial workspaces
bppattern_0ac51cadc59a,public/pulse-html-prototype.html,,blueprint,M20,,,,,Blueprint pattern,"""Entitlement clarity""",,,,,clinic-scoped-unless-stated,,operational,,,,,PROTOTYPE-ONLY,NOT-STARTED,NOT-STARTED,NOT-STARTED,NOT-STARTED,ADOPTED-AS-IS,Blueprint UX/ops pattern,P8,docs/architecture/prototype-parity/,M04/M02 commercial workspaces
bppattern_2c6545e6cf1c,public/pulse-html-prototype.html,,blueprint,M20,,,,,Blueprint pattern,"""Approved support access""",,,,,clinic-scoped-unless-stated,,operational,,,,,PROTOTYPE-ONLY,NOT-STARTED,NOT-STARTED,NOT-STARTED,NOT-STARTED,ADOPTED-AS-IS,Blueprint UX/ops pattern,P8,docs/architecture/prototype-parity/,M04/M02 commercial workspaces
bppattern_f4269dc8e147,public/pulse-html-prototype.html,,blueprint,M20,,,,,Blueprint pattern,"""Controlled offboarding""",,,,,clinic-scoped-unless-stated,,operational,,,,,PROTOTYPE-ONLY,NOT-STARTED,NOT-STARTED,NOT-STARTED,NOT-STARTED,ADOPTED-AS-IS,Blueprint UX/ops pattern,P8,docs/architecture/prototype-parity/,M04/M02 commercial workspaces
bp_6e5189a4a0cc,public/pulse-html-prototype.html,,blueprint,M21,SaaS Vendor Administration,vendorConsole,,,Blueprint: SaaS Vendor Operations & Tenant Provisioning,"Vendor-level provisioning, entitlement, service status and support governance outside tenant operations.",,,,,clinic-scoped-unless-stated,Vendor-level provisioning and portfolio operations,operational,,,,,PROTOTYPE-ONLY,NOT-STARTED,NOT-STARTED,NOT-STARTED,NOT-STARTED,ADOPTED-AS-IS,Platform module blueprint,P8,docs/architecture/prototype-parity/,M04/M02 vendor portfolio
bpmetric_bf7e4bc7efb8,public/pulse-html-prototype.html,,blueprint,M21,,,,,Blueprint metric,"[""Provisioning Pending"", ""2"", ""Awaiting activation""]",,,,,clinic-scoped-unless-stated,,operational,,,,,PROTOTYPE-ONLY,NOT-STARTED,NOT-STARTED,NOT-STARTED,NOT-STARTED,ADOPTED-AS-IS,Blueprint metric,P8,docs/architecture/prototype-parity/,
bpmetric_77e3cf142467,public/pulse-html-prototype.html,,blueprint,M21,,,,,Blueprint metric,"[""Portfolio Availability"", ""99.97%"", ""Current month""]",,,,,clinic-scoped-unless-stated,,operational,,,,,PROTOTYPE-ONLY,NOT-STARTED,NOT-STARTED,NOT-STARTED,NOT-STARTED,ADOPTED-AS-IS,Blueprint metric,P8,docs/architecture/prototype-parity/,
bpmetric_9fdf315051bd,public/pulse-html-prototype.html,,blueprint,M21,,,,,Blueprint metric,"[""Past Due Tenants"", ""1"", ""Commercial action open""]",,,,,clinic-scoped-unless-stated,,operational,,,,,PROTOTYPE-ONLY,NOT-STARTED,NOT-STARTED,NOT-STARTED,NOT-STARTED,ADOPTED-AS-IS,Blueprint metric,P8,docs/architecture/prototype-parity/,
bpmetric_e88b02a630be,public/pulse-html-prototype.html,,blueprint,M21,,,,,Blueprint metric,"[""Data Separation Breaches"", ""0"", ""Target state""]",,,,,clinic-scoped-unless-stated,,operational,,,,,PROTOTYPE-ONLY,NOT-STARTED,NOT-STARTED,NOT-STARTED,NOT-STARTED,ADOPTED-AS-IS,Blueprint metric,P8,docs/architecture/prototype-parity/,
bppattern_f4ac92cc8187,public/pulse-html-prototype.html,,blueprint,M21,,,,,Blueprint pattern,"""Vendor/tenant boundary""",,,,,clinic-scoped-unless-stated,,operational,,,,,PROTOTYPE-ONLY,NOT-STARTED,NOT-STARTED,NOT-STARTED,NOT-STARTED,ADOPTED-AS-IS,Blueprint UX/ops pattern,P8,docs/architecture/prototype-parity/,M04/M02 vendor portfolio
bppattern_961505f4a5ec,public/pulse-html-prototype.html,,blueprint,M21,,,,,Blueprint pattern,"""Provisioning checklist""",,,,,clinic-scoped-unless-stated,,operational,,,,,PROTOTYPE-ONLY,NOT-STARTED,NOT-STARTED,NOT-STARTED,NOT-STARTED,ADOPTED-AS-IS,Blueprint UX/ops pattern,P8,docs/architecture/prototype-parity/,M04/M02 vendor portfolio
bppattern_046f1be9dff6,public/pulse-html-prototype.html,,blueprint,M21,,,,,Blueprint pattern,"""Portfolio service status""",,,,,clinic-scoped-unless-stated,,operational,,,,,PROTOTYPE-ONLY,NOT-STARTED,NOT-STARTED,NOT-STARTED,NOT-STARTED,ADOPTED-AS-IS,Blueprint UX/ops pattern,P8,docs/architecture/prototype-parity/,M04/M02 vendor portfolio
bppattern_2a5b608f85d2,public/pulse-html-prototype.html,,blueprint,M21,,,,,Blueprint pattern,"""Client-authorised support""",,,,,clinic-scoped-unless-stated,,operational,,,,,PROTOTYPE-ONLY,NOT-STARTED,NOT-STARTED,NOT-STARTED,NOT-STARTED,ADOPTED-AS-IS,Blueprint UX/ops pattern,P8,docs/architecture/prototype-parity/,M04/M02 vendor portfolio
bp_f98ee0cdec0c,public/pulse-html-prototype.html,,blueprint,M22,People & Talent,recruitment,,,Blueprint: Recruitment & Talent Acquisition,"Vacancies, tenant-controlled applications, candidate Kanban, assessment, offers and promotion to staff.",,,,,clinic-scoped-unless-stated,Recruitment until controlled promotion into M04,operational,,,,,PROTOTYPE-ONLY,NOT-STARTED,NOT-STARTED,NOT-STARTED,NOT-STARTED,ADOPTED-AS-IS,Platform module blueprint,P8,docs/architecture/prototype-parity/,M04 people master-detail
bpmetric_a4f9974f63de,public/pulse-html-prototype.html,,blueprint,M22,,,,,Blueprint metric,"[""Open Vacancies"", ""5"", ""Across four clinics""]",,,,,clinic-scoped-unless-stated,,operational,,,,,PROTOTYPE-ONLY,NOT-STARTED,NOT-STARTED,NOT-STARTED,NOT-STARTED,ADOPTED-AS-IS,Blueprint metric,P8,docs/architecture/prototype-parity/,
bpmetric_d3dee9c9abb4,public/pulse-html-prototype.html,,blueprint,M22,,,,,Blueprint metric,"[""Active Candidates"", ""23"", ""In live pipelines""]",,,,,clinic-scoped-unless-stated,,operational,,,,,PROTOTYPE-ONLY,NOT-STARTED,NOT-STARTED,NOT-STARTED,NOT-STARTED,ADOPTED-AS-IS,Blueprint metric,P8,docs/architecture/prototype-parity/,
bpmetric_34f07665727e,public/pulse-html-prototype.html,,blueprint,M22,,,,,Blueprint metric,"[""Median Time to Shortlist"", ""3.2d"", ""Current quarter""]",,,,,clinic-scoped-unless-stated,,operational,,,,,PROTOTYPE-ONLY,NOT-STARTED,NOT-STARTED,NOT-STARTED,NOT-STARTED,ADOPTED-AS-IS,Blueprint metric,P8,docs/architecture/prototype-parity/,
bpmetric_f4e4cba63573,public/pulse-html-prototype.html,,blueprint,M22,,,,,Blueprint metric,"[""Offers Accepted"", ""78%"", ""Rolling 12 months""]",,,,,clinic-scoped-unless-stated,,operational,,,,,PROTOTYPE-ONLY,NOT-STARTED,NOT-STARTED,NOT-STARTED,NOT-STARTED,ADOPTED-AS-IS,Blueprint metric,P8,docs/architecture/prototype-parity/,
bppattern_148597980062,public/pulse-html-prototype.html,,blueprint,M22,,,,,Blueprint pattern,"""Tenant-controlled intake""",,,,,clinic-scoped-unless-stated,,operational,,,,,PROTOTYPE-ONLY,NOT-STARTED,NOT-STARTED,NOT-STARTED,NOT-STARTED,ADOPTED-AS-IS,Blueprint UX/ops pattern,P8,docs/architecture/prototype-parity/,M04 people master-detail
bppattern_2d77dc2151b5,public/pulse-html-prototype.html,,blueprint,M22,,,,,Blueprint pattern,"""Kanban pipeline""",,,,,clinic-scoped-unless-stated,,operational,,,,,PROTOTYPE-ONLY,NOT-STARTED,NOT-STARTED,NOT-STARTED,NOT-STARTED,ADOPTED-AS-IS,Blueprint UX/ops pattern,P8,docs/architecture/prototype-parity/,M04 people master-detail
bppattern_eb6d433b5169,public/pulse-html-prototype.html,,blueprint,M22,,,,,Blueprint pattern,"""Structured assessment""",,,,,clinic-scoped-unless-stated,,operational,,,,,PROTOTYPE-ONLY,NOT-STARTED,NOT-STARTED,NOT-STARTED,NOT-STARTED,ADOPTED-AS-IS,Blueprint UX/ops pattern,P8,docs/architecture/prototype-parity/,M04 people master-detail
bppattern_5a26e6b9f464,public/pulse-html-prototype.html,,blueprint,M22,,,,,Blueprint pattern,"""Locked candidate history""",,,,,clinic-scoped-unless-stated,,operational,,,,,PROTOTYPE-ONLY,NOT-STARTED,NOT-STARTED,NOT-STARTED,NOT-STARTED,ADOPTED-AS-IS,Blueprint UX/ops pattern,P8,docs/architecture/prototype-parity/,M04 people master-detail
bp_c4a001e45fb1,public/pulse-html-prototype.html,,blueprint,M23,Website & Digital Experience,websiteStudio,,,Blueprint: Tenant Website Infrastructure & SEO Engine,"Modular website assembly, local SEO, public form routing, publication and rollback governance.",,,,,clinic-scoped-unless-stated,Tenant website/SEO/public form routing,operational,,,,,PROTOTYPE-ONLY,NOT-STARTED,NOT-STARTED,NOT-STARTED,NOT-STARTED,ADOPTED-AS-IS,Platform module blueprint,P8,docs/architecture/prototype-parity/,M01/M02 public-routing ops
bpmetric_0f0d9593ae6a,public/pulse-html-prototype.html,,blueprint,M23,,,,,Blueprint metric,"[""Published Pages"", ""18"", ""Across clinic sites""]",,,,,clinic-scoped-unless-stated,,operational,,,,,PROTOTYPE-ONLY,NOT-STARTED,NOT-STARTED,NOT-STARTED,NOT-STARTED,ADOPTED-AS-IS,Blueprint metric,P8,docs/architecture/prototype-parity/,
bpmetric_0f3f41de9950,public/pulse-html-prototype.html,,blueprint,M23,,,,,Blueprint metric,"[""SEO Completeness"", ""91%"", ""One profile mismatch""]",,,,,clinic-scoped-unless-stated,,operational,,,,,PROTOTYPE-ONLY,NOT-STARTED,NOT-STARTED,NOT-STARTED,NOT-STARTED,ADOPTED-AS-IS,Blueprint metric,P8,docs/architecture/prototype-parity/,
bpmetric_aff3ae62ccab,public/pulse-html-prototype.html,,blueprint,M23,,,,,Blueprint metric,"[""Form Routing Health"", ""96%"", ""One owner missing""]",,,,,clinic-scoped-unless-stated,,operational,,,,,PROTOTYPE-ONLY,NOT-STARTED,NOT-STARTED,NOT-STARTED,NOT-STARTED,ADOPTED-AS-IS,Blueprint metric,P8,docs/architecture/prototype-parity/,
bpmetric_bde374a75a82,public/pulse-html-prototype.html,,blueprint,M23,,,,,Blueprint metric,"[""30-Day Uptime"", ""99.92%"", ""Current portfolio""]",,,,,clinic-scoped-unless-stated,,operational,,,,,PROTOTYPE-ONLY,NOT-STARTED,NOT-STARTED,NOT-STARTED,NOT-STARTED,ADOPTED-AS-IS,Blueprint metric,P8,docs/architecture/prototype-parity/,
bppattern_07438a2eadc8,public/pulse-html-prototype.html,,blueprint,M23,,,,,Blueprint pattern,"""Approved component assembly""",,,,,clinic-scoped-unless-stated,,operational,,,,,PROTOTYPE-ONLY,NOT-STARTED,NOT-STARTED,NOT-STARTED,NOT-STARTED,ADOPTED-AS-IS,Blueprint UX/ops pattern,P8,docs/architecture/prototype-parity/,M01/M02 public-routing ops
bppattern_ad0a815a92d9,public/pulse-html-prototype.html,,blueprint,M23,,,,,Blueprint pattern,"""Clinic-profile consistency""",,,,,clinic-scoped-unless-stated,,operational,,,,,PROTOTYPE-ONLY,NOT-STARTED,NOT-STARTED,NOT-STARTED,NOT-STARTED,ADOPTED-AS-IS,Blueprint UX/ops pattern,P8,docs/architecture/prototype-parity/,M01/M02 public-routing ops
bppattern_61edc6ec8ec3,public/pulse-html-prototype.html,,blueprint,M23,,,,,Blueprint pattern,"""Purpose-limited forms""",,,,,clinic-scoped-unless-stated,,operational,,,,,PROTOTYPE-ONLY,NOT-STARTED,NOT-STARTED,NOT-STARTED,NOT-STARTED,ADOPTED-AS-IS,Blueprint UX/ops pattern,P8,docs/architecture/prototype-parity/,M01/M02 public-routing ops
bppattern_2ddcd062fd96,public/pulse-html-prototype.html,,blueprint,M23,,,,,Blueprint pattern,"""Versioned publish and rollback""",,,,,clinic-scoped-unless-stated,,operational,,,,,PROTOTYPE-ONLY,NOT-STARTED,NOT-STARTED,NOT-STARTED,NOT-STARTED,ADOPTED-AS-IS,Blueprint UX/ops pattern,P8,docs/architecture/prototype-parity/,M01/M02 public-routing ops
bp_e436b0cfbdbb,public/pulse-html-prototype.html,,blueprint,M24,Finance & Forecasting,financialForecast,,,Blueprint: Practice Financial Forecast & Ledger Control,"Multi-clinic revenue, expense, roster-cost, margin baseline and actual-versus-forecast control.",,,,,clinic-scoped-unless-stated,"Forecasts, immutable baselines, actual-vs-forecast review",operational,,,,,PROTOTYPE-ONLY,NOT-STARTED,NOT-STARTED,NOT-STARTED,NOT-STARTED,ADOPTED-AS-IS,Platform module blueprint,P6,docs/architecture/prototype-parity/,M01 dashboard + finance review
bpmetric_e6ddeece7b07,public/pulse-html-prototype.html,,blueprint,M24,,,,,Blueprint metric,"[""Projected Margin"", ""24.6%"", ""Current locked baseline""]",,,,,clinic-scoped-unless-stated,,operational,,,,,PROTOTYPE-ONLY,NOT-STARTED,NOT-STARTED,NOT-STARTED,NOT-STARTED,ADOPTED-AS-IS,Blueprint metric,P6,docs/architecture/prototype-parity/,
bpmetric_7a31d28f6758,public/pulse-html-prototype.html,,blueprint,M24,,,,,Blueprint metric,"[""Labour to Revenue"", ""45.9%"", ""Threshold attention""]",,,,,clinic-scoped-unless-stated,,operational,,,,,PROTOTYPE-ONLY,NOT-STARTED,NOT-STARTED,NOT-STARTED,NOT-STARTED,ADOPTED-AS-IS,Blueprint metric,P6,docs/architecture/prototype-parity/,
bpmetric_4d80f90a078d,public/pulse-html-prototype.html,,blueprint,M24,,,,,Blueprint metric,"[""High Variances"", ""1"", ""Mandatory remediation""]",,,,,clinic-scoped-unless-stated,,operational,,,,,PROTOTYPE-ONLY,NOT-STARTED,NOT-STARTED,NOT-STARTED,NOT-STARTED,ADOPTED-AS-IS,Blueprint metric,P6,docs/architecture/prototype-parity/,
bpmetric_05aac940c64d,public/pulse-html-prototype.html,,blueprint,M24,,,,,Blueprint metric,"[""Forecast Accuracy"", ""95.2%"", ""Rolling quarters""]",,,,,clinic-scoped-unless-stated,,operational,,,,,PROTOTYPE-ONLY,NOT-STARTED,NOT-STARTED,NOT-STARTED,NOT-STARTED,ADOPTED-AS-IS,Blueprint metric,P6,docs/architecture/prototype-parity/,
bppattern_5fa4e4105d8a,public/pulse-html-prototype.html,,blueprint,M24,,,,,Blueprint pattern,"""Immutable baseline""",,,,,clinic-scoped-unless-stated,,operational,,,,,PROTOTYPE-ONLY,NOT-STARTED,NOT-STARTED,NOT-STARTED,NOT-STARTED,ADOPTED-AS-IS,Blueprint UX/ops pattern,P6,docs/architecture/prototype-parity/,M01 dashboard + finance review
bppattern_8cc7e080af85,public/pulse-html-prototype.html,,blueprint,M24,,,,,Blueprint pattern,"""Live roster cost""",,,,,clinic-scoped-unless-stated,,operational,,,,,PROTOTYPE-ONLY,NOT-STARTED,NOT-STARTED,NOT-STARTED,NOT-STARTED,ADOPTED-AS-IS,Blueprint UX/ops pattern,P6,docs/architecture/prototype-parity/,M01 dashboard + finance review
bppattern_d825dcf491f2,public/pulse-html-prototype.html,,blueprint,M24,,,,,Blueprint pattern,"""Scenario comparison""",,,,,clinic-scoped-unless-stated,,operational,,,,,PROTOTYPE-ONLY,NOT-STARTED,NOT-STARTED,NOT-STARTED,NOT-STARTED,ADOPTED-AS-IS,Blueprint UX/ops pattern,P6,docs/architecture/prototype-parity/,M01 dashboard + finance review
bppattern_3e953cf99d45,public/pulse-html-prototype.html,,blueprint,M24,,,,,Blueprint pattern,"""Actual-vs-forecast triage""",,,,,clinic-scoped-unless-stated,,operational,,,,,PROTOTYPE-ONLY,NOT-STARTED,NOT-STARTED,NOT-STARTED,NOT-STARTED,ADOPTED-AS-IS,Blueprint UX/ops pattern,P6,docs/architecture/prototype-parity/,M01 dashboard + finance review
field_e37e05242b0c,public/pulse-html-prototype.html,,field-schema,,,,,locations,Field: Clinic name,Clinic name,,,locations.name,,clinic-scoped-unless-stated,,review-required,,,,,PLANNED,PLANNED,NOT-STARTED,NOT-STARTED,NOT-STARTED,ADOPTED-AS-IS,Field schema definition,P1+,docs/architecture/prototype-parity/,
field_75901bb57d06,public/pulse-html-prototype.html,,field-schema,,,,,locations,Field: Short name,Short name,,,locations.shortName,,clinic-scoped-unless-stated,,review-required,,,,,PLANNED,PLANNED,NOT-STARTED,NOT-STARTED,NOT-STARTED,ADOPTED-AS-IS,Field schema definition,P1+,docs/architecture/prototype-parity/,
field_3fb0effdce36,public/pulse-html-prototype.html,,field-schema,,,,,locations,Field: Phone,Phone,,,locations.phone,,clinic-scoped-unless-stated,,review-required,,,,,PLANNED,PLANNED,NOT-STARTED,NOT-STARTED,NOT-STARTED,ADOPTED-AS-IS,Field schema definition,P1+,docs/architecture/prototype-parity/,
field_5c06fbb1496c,public/pulse-html-prototype.html,,field-schema,,,,,locations,Field: Email,Email,,,locations.email,,clinic-scoped-unless-stated,,review-required,,,,,PLANNED,PLANNED,NOT-STARTED,NOT-STARTED,NOT-STARTED,ADOPTED-AS-IS,Field schema definition,P1+,docs/architecture/prototype-parity/,
field_4f66b47d2c36,public/pulse-html-prototype.html,,field-schema,,,,,locations,Field: Address,Address,,,locations.address,,clinic-scoped-unless-stated,,review-required,,,,,PLANNED,PLANNED,NOT-STARTED,NOT-STARTED,NOT-STARTED,ADOPTED-AS-IS,Field schema definition,P1+,docs/architecture/prototype-parity/,
field_049f09cdb0dc,public/pulse-html-prototype.html,,field-schema,,,,,locations,Field: Manager,Manager,,,locations.manager,,clinic-scoped-unless-stated,,review-required,,,,,PLANNED,PLANNED,NOT-STARTED,NOT-STARTED,NOT-STARTED,ADOPTED-AS-IS,Field schema definition,P1+,docs/architecture/prototype-parity/,
field_61e230950d47,public/pulse-html-prototype.html,,field-schema,,,,,locations,Field: Public holiday region,Public holiday region,,,locations.publicHolidayRegion,,clinic-scoped-unless-stated,,review-required,,,,,PLANNED,PLANNED,NOT-STARTED,NOT-STARTED,NOT-STARTED,ADOPTED-AS-IS,Field schema definition,P1+,docs/architecture/prototype-parity/,
field_0551230fa0be,public/pulse-html-prototype.html,,field-schema,,,,,locations,Field: Status,Status,,,locations.status,,clinic-scoped-unless-stated,,review-required,,,,,PLANNED,PLANNED,NOT-STARTED,NOT-STARTED,NOT-STARTED,ADOPTED-AS-IS,Field schema definition,P1+,docs/architecture/prototype-parity/,
field_b990fa7b347b,public/pulse-html-prototype.html,,field-schema,,,,,tasks,Field: Task title,Task title,,,tasks.title,,clinic-scoped-unless-stated,,review-required,,,,,PLANNED,PLANNED,NOT-STARTED,NOT-STARTED,NOT-STARTED,ADOPTED-AS-IS,Field schema definition,P1+,docs/architecture/prototype-parity/,
field_0120e5c5441c,public/pulse-html-prototype.html,,field-schema,,,,,tasks,Field: Location,Location,,,tasks.location,,clinic-scoped-unless-stated,,review-required,,,,,PLANNED,PLANNED,NOT-STARTED,NOT-STARTED,NOT-STARTED,ADOPTED-AS-IS,Field schema definition,P1+,docs/architecture/prototype-parity/,
field_26eb47d2b842,public/pulse-html-prototype.html,,field-schema,,,,,tasks,Field: Category,Category,,,tasks.category,,clinic-scoped-unless-stated,,review-required,,,,,PLANNED,PLANNED,NOT-STARTED,NOT-STARTED,NOT-STARTED,ADOPTED-AS-IS,Field schema definition,P1+,docs/architecture/prototype-parity/,
field_93d71ea914a9,public/pulse-html-prototype.html,,field-schema,,,,,tasks,Field: Priority,Priority,,,tasks.priority,,clinic-scoped-unless-stated,,review-required,,,,,PLANNED,PLANNED,NOT-STARTED,NOT-STARTED,NOT-STARTED,ADOPTED-AS-IS,Field schema definition,P1+,docs/architecture/prototype-parity/,
field_715a1d38b3fc,public/pulse-html-prototype.html,,field-schema,,,,,tasks,Field: Assigned to,Assigned to,,,tasks.assignedTo,,clinic-scoped-unless-stated,,review-required,,,,,PLANNED,PLANNED,NOT-STARTED,NOT-STARTED,NOT-STARTED,ADOPTED-AS-IS,Field schema definition,P1+,docs/architecture/prototype-parity/,
field_e160f837ef14,public/pulse-html-prototype.html,,field-schema,,,,,tasks,Field: Due date,Due date,,,tasks.dueDate,,clinic-scoped-unless-stated,,review-required,,,,,PLANNED,PLANNED,NOT-STARTED,NOT-STARTED,NOT-STARTED,ADOPTED-AS-IS,Field schema definition,P1+,docs/architecture/prototype-parity/,
field_d15c12757652,public/pulse-html-prototype.html,,field-schema,,,,,tasks,Field: Description,Description,,,tasks.description,,clinic-scoped-unless-stated,,review-required,,,,,PLANNED,PLANNED,NOT-STARTED,NOT-STARTED,NOT-STARTED,ADOPTED-AS-IS,Field schema definition,P1+,docs/architecture/prototype-parity/,
field_1f7f2006e7bc,public/pulse-html-prototype.html,,field-schema,,,,,tasks,Field: Status,Status,,,tasks.status,,clinic-scoped-unless-stated,,review-required,,,,,PLANNED,PLANNED,NOT-STARTED,NOT-STARTED,NOT-STARTED,ADOPTED-AS-IS,Field schema definition,P1+,docs/architecture/prototype-parity/,
field_768e71dfa061,public/pulse-html-prototype.html,,field-schema,,,,,checklists,Field: Checklist name,Checklist name,,,checklists.name,,clinic-scoped-unless-stated,,review-required,,,,,PLANNED,PLANNED,NOT-STARTED,NOT-STARTED,NOT-STARTED,ADOPTED-AS-IS,Field schema definition,P1+,docs/architecture/prototype-parity/,
field_598db15b1ed9,public/pulse-html-prototype.html,,field-schema,,,,,checklists,Field: Location,Location,,,checklists.location,,clinic-scoped-unless-stated,,review-required,,,,,PLANNED,PLANNED,NOT-STARTED,NOT-STARTED,NOT-STARTED,ADOPTED-AS-IS,Field schema definition,P1+,docs/architecture/prototype-parity/,
field_aa8af3ba7a75,public/pulse-html-prototype.html,,field-schema,,,,,checklists,Field: Workflow group,Workflow group,,,checklists.workflowScope,,clinic-scoped-unless-stated,,review-required,,,,,PLANNED,PLANNED,NOT-STARTED,NOT-STARTED,NOT-STARTED,ADOPTED-AS-IS,Field schema definition,P1+,docs/architecture/prototype-parity/,
field_8f89bf08800c,public/pulse-html-prototype.html,,field-schema,,,,,checklists,Field: Frequency,Frequency,,,checklists.frequency,,clinic-scoped-unless-stated,,review-required,,,,,PLANNED,PLANNED,NOT-STARTED,NOT-STARTED,NOT-STARTED,ADOPTED-AS-IS,Field schema definition,P1+,docs/architecture/prototype-parity/,
field_e2cc2d85e41e,public/pulse-html-prototype.html,,field-schema,,,,,checklists,Field: Type,Type,,,checklists.type,,clinic-scoped-unless-stated,,review-required,,,,,PLANNED,PLANNED,NOT-STARTED,NOT-STARTED,NOT-STARTED,ADOPTED-AS-IS,Field schema definition,P1+,docs/architecture/prototype-parity/,
field_458c0c3905aa,public/pulse-html-prototype.html,,field-schema,,,,,checklists,Field: Assignment,Assignment,,,checklists.assignment,,clinic-scoped-unless-stated,,review-required,,,,,PLANNED,PLANNED,NOT-STARTED,NOT-STARTED,NOT-STARTED,ADOPTED-AS-IS,Field schema definition,P1+,docs/architecture/prototype-parity/,
field_6dcb4ce2c309,public/pulse-html-prototype.html,,field-schema,,,,,checklists,Field: Responsible role,Responsible role,,,checklists.responsibleRole,,clinic-scoped-unless-stated,,review-required,,,,,PLANNED,PLANNED,NOT-STARTED,NOT-STARTED,NOT-STARTED,ADOPTED-AS-IS,Field schema definition,P1+,docs/architecture/prototype-parity/,
field_272395fad865,public/pulse-html-prototype.html,,field-schema,,,,,checklists,Field: Assigned to,Assigned to,,,checklists.assignedTo,,clinic-scoped-unless-stated,,review-required,,,,,PLANNED,PLANNED,NOT-STARTED,NOT-STARTED,NOT-STARTED,ADOPTED-AS-IS,Field schema definition,P1+,docs/architecture/prototype-parity/,
field_271aff1af577,public/pulse-html-prototype.html,,field-schema,,,,,checklists,Field: Manager review required,Manager review required,,,checklists.managerReviewRequired,,clinic-scoped-unless-stated,,review-required,,,,,PLANNED,PLANNED,NOT-STARTED,NOT-STARTED,NOT-STARTED,ADOPTED-AS-IS,Field schema definition,P1+,docs/architecture/prototype-parity/,
field_b157ab473906,public/pulse-html-prototype.html,,field-schema,,,,,checklists,Field: Manager review status,Manager review status,,,checklists.managerReviewStatus,,clinic-scoped-unless-stated,,review-required,,,,,PLANNED,PLANNED,NOT-STARTED,NOT-STARTED,NOT-STARTED,ADOPTED-AS-IS,Field schema definition,P1+,docs/architecture/prototype-parity/,
field_f7655dcc59af,public/pulse-html-prototype.html,,field-schema,,,,,checklists,Field: Source document / SOP,Source document / SOP,,,checklists.sourceDocument,,clinic-scoped-unless-stated,,review-required,,,,,PLANNED,PLANNED,NOT-STARTED,NOT-STARTED,NOT-STARTED,ADOPTED-AS-IS,Field schema definition,P1+,docs/architecture/prototype-parity/,
field_8d0c101132f9,public/pulse-html-prototype.html,,field-schema,,,,,checklists,Field: Roster / clock-out rule,Roster / clock-out rule,,,checklists.clockoutRule,,clinic-scoped-unless-stated,,review-required,,,,,PLANNED,PLANNED,NOT-STARTED,NOT-STARTED,NOT-STARTED,ADOPTED-AS-IS,Field schema definition,P1+,docs/architecture/prototype-parity/,
field_334250d87ac4,public/pulse-html-prototype.html,,field-schema,,,,,checklists,Field: Next due date,Next due date,,,checklists.dueDate,,clinic-scoped-unless-stated,,review-required,,,,,PLANNED,PLANNED,NOT-STARTED,NOT-STARTED,NOT-STARTED,ADOPTED-AS-IS,Field schema definition,P1+,docs/architecture/prototype-parity/,
field_da9b50b8d1b1,public/pulse-html-prototype.html,,field-schema,,,,,checklists,Field: Checklist items - one per line,Checklist items - one per line,,,checklists.items,,clinic-scoped-unless-stated,,review-required,,,,,PLANNED,PLANNED,NOT-STARTED,NOT-STARTED,NOT-STARTED,ADOPTED-AS-IS,Field schema definition,P1+,docs/architecture/prototype-parity/,
field_9d0466af2ec8,public/pulse-html-prototype.html,,field-schema,,,,,checklists,Field: Evidence / completion note,Evidence / completion note,,,checklists.evidenceNote,,clinic-scoped-unless-stated,,review-required,,,,,PLANNED,PLANNED,NOT-STARTED,NOT-STARTED,NOT-STARTED,ADOPTED-AS-IS,Field schema definition,P1+,docs/architecture/prototype-parity/,
field_1a4b661dd3cd,public/pulse-html-prototype.html,,field-schema,,,,,checklists,Field: Status,Status,,,checklists.status,,clinic-scoped-unless-stated,,review-required,,,,,PLANNED,PLANNED,NOT-STARTED,NOT-STARTED,NOT-STARTED,ADOPTED-AS-IS,Field schema definition,P1+,docs/architecture/prototype-parity/,
field_1b74efbc6a47,public/pulse-html-prototype.html,,field-schema,,,,,incidents,Field: Incident title,Incident title,,,incidents.title,,clinic-scoped-unless-stated,,review-required,,,,,PLANNED,PLANNED,NOT-STARTED,NOT-STARTED,NOT-STARTED,ADOPTED-AS-IS,Field schema definition,P1+,docs/architecture/prototype-parity/,
field_472442995086,public/pulse-html-prototype.html,,field-schema,,,,,incidents,Field: Location,Location,,,incidents.location,,clinic-scoped-unless-stated,,review-required,,,,,PLANNED,PLANNED,NOT-STARTED,NOT-STARTED,NOT-STARTED,ADOPTED-AS-IS,Field schema definition,P1+,docs/architecture/prototype-parity/,
field_77f646a1e83b,public/pulse-html-prototype.html,,field-schema,,,,,incidents,Field: Category,Category,,,incidents.category,,clinic-scoped-unless-stated,,review-required,,,,,PLANNED,PLANNED,NOT-STARTED,NOT-STARTED,NOT-STARTED,ADOPTED-AS-IS,Field schema definition,P1+,docs/architecture/prototype-parity/,
field_8dbfdbcd3755,public/pulse-html-prototype.html,,field-schema,,,,,incidents,Field: Severity,Severity,,,incidents.severity,,clinic-scoped-unless-stated,,review-required,,,,,PLANNED,PLANNED,NOT-STARTED,NOT-STARTED,NOT-STARTED,ADOPTED-AS-IS,Field schema definition,P1+,docs/architecture/prototype-parity/,
field_3aa3c70744e6,public/pulse-html-prototype.html,,field-schema,,,,,incidents,Field: Immediate action taken,Immediate action taken,,,incidents.immediateAction,,clinic-scoped-unless-stated,,review-required,,,,,PLANNED,PLANNED,NOT-STARTED,NOT-STARTED,NOT-STARTED,ADOPTED-AS-IS,Field schema definition,P1+,docs/architecture/prototype-parity/,
field_e3b655e11f33,public/pulse-html-prototype.html,,field-schema,,,,,incidents,Field: RCA summary,RCA summary,,,incidents.rca,,clinic-scoped-unless-stated,,review-required,,,,,PLANNED,PLANNED,NOT-STARTED,NOT-STARTED,NOT-STARTED,ADOPTED-AS-IS,Field schema definition,P1+,docs/architecture/prototype-parity/,
field_c48d617aea48,public/pulse-html-prototype.html,,field-schema,,,,,incidents,Field: CAPA actions,CAPA actions,,,incidents.capa,,clinic-scoped-unless-stated,,review-required,,,,,PLANNED,PLANNED,NOT-STARTED,NOT-STARTED,NOT-STARTED,ADOPTED-AS-IS,Field schema definition,P1+,docs/architecture/prototype-parity/,
field_98cfb3e8a591,public/pulse-html-prototype.html,,field-schema,,,,,incidents,Field: Open disclosure required,Open disclosure required,,,incidents.openDisclosure,,clinic-scoped-unless-stated,,review-required,,,,,PLANNED,PLANNED,NOT-STARTED,NOT-STARTED,NOT-STARTED,ADOPTED-AS-IS,Field schema definition,P1+,docs/architecture/prototype-parity/,
field_574d9c978ffe,public/pulse-html-prototype.html,,field-schema,,,,,incidents,Field: Status,Status,,,incidents.status,,clinic-scoped-unless-stated,,review-required,,,,,PLANNED,PLANNED,NOT-STARTED,NOT-STARTED,NOT-STARTED,ADOPTED-AS-IS,Field schema definition,P1+,docs/architecture/prototype-parity/,
field_976c5626643d,public/pulse-html-prototype.html,,field-schema,,,,,incidents,Field: Open disclosure completed by,Open disclosure completed by,,,incidents.openDisclosureBy,,clinic-scoped-unless-stated,,review-required,,,,,PLANNED,PLANNED,NOT-STARTED,NOT-STARTED,NOT-STARTED,ADOPTED-AS-IS,Field schema definition,P1+,docs/architecture/prototype-parity/,
field_bd84c90e4d6d,public/pulse-html-prototype.html,,field-schema,,,,,incidents,Field: Open disclosure date,Open disclosure date,,,incidents.openDisclosureDate,,clinic-scoped-unless-stated,,review-required,,,,,PLANNED,PLANNED,NOT-STARTED,NOT-STARTED,NOT-STARTED,ADOPTED-AS-IS,Field schema definition,P1+,docs/architecture/prototype-parity/,
field_7d534eb098d7,public/pulse-html-prototype.html,,field-schema,,,,,incidents,Field: Risk register link / review note,Risk register link / review note,,,incidents.riskRegisterLink,,clinic-scoped-unless-stated,,review-required,,,,,PLANNED,PLANNED,NOT-STARTED,NOT-STARTED,NOT-STARTED,ADOPTED-AS-IS,Field schema definition,P1+,docs/architecture/prototype-parity/,
field_11484e0bd0f2,public/pulse-html-prototype.html,,field-schema,,,,,incidents,Field: CAPA effectiveness review,CAPA effectiveness review,,,incidents.effectivenessReview,,clinic-scoped-unless-stated,,review-required,,,,,PLANNED,PLANNED,NOT-STARTED,NOT-STARTED,NOT-STARTED,ADOPTED-AS-IS,Field schema definition,P1+,docs/architecture/prototype-parity/,
field_4f382f1564b0,public/pulse-html-prototype.html,,field-schema,,,,,staff,Field: Full name,Full name,,,staff.name,,clinic-scoped-unless-stated,,review-required,,,,,PLANNED,PLANNED,NOT-STARTED,NOT-STARTED,NOT-STARTED,ADOPTED-AS-IS,Field schema definition,P1+,docs/architecture/prototype-parity/,
field_41bc8556df2e,public/pulse-html-prototype.html,,field-schema,,,,,staff,Field: Role,Role,,,staff.role,,clinic-scoped-unless-stated,,review-required,,,,,PLANNED,PLANNED,NOT-STARTED,NOT-STARTED,NOT-STARTED,ADOPTED-AS-IS,Field schema definition,P1+,docs/architecture/prototype-parity/,
field_a6c0d1b1ac71,public/pulse-html-prototype.html,,field-schema,,,,,staff,Field: Original designation,Original designation,,,staff.sourceDesignation,,clinic-scoped-unless-stated,,review-required,,,,,PLANNED,PLANNED,NOT-STARTED,NOT-STARTED,NOT-STARTED,ADOPTED-AS-IS,Field schema definition,P1+,docs/architecture/prototype-parity/,
field_9c495c76405c,public/pulse-html-prototype.html,,field-schema,,,,,staff,Field: Employment type,Employment type,,,staff.employmentType,,clinic-scoped-unless-stated,,review-required,,,,,PLANNED,PLANNED,NOT-STARTED,NOT-STARTED,NOT-STARTED,ADOPTED-AS-IS,Field schema definition,P1+,docs/architecture/prototype-parity/,
field_3b249441b2b1,public/pulse-html-prototype.html,,field-schema,,,,,staff,Field: Email,Email,,,staff.email,,clinic-scoped-unless-stated,,review-required,,,,,PLANNED,PLANNED,NOT-STARTED,NOT-STARTED,NOT-STARTED,ADOPTED-AS-IS,Field schema definition,P1+,docs/architecture/prototype-parity/,
field_efeda9955476,public/pulse-html-prototype.html,,field-schema,,,,,staff,Field: Contact number,Contact number,,,staff.contactNo,,clinic-scoped-unless-stated,,review-required,,,,,PLANNED,PLANNED,NOT-STARTED,NOT-STARTED,NOT-STARTED,ADOPTED-AS-IS,Field schema definition,P1+,docs/architecture/prototype-parity/,
field_0e93e55478c2,public/pulse-html-prototype.html,,field-schema,,,,,staff,Field: Medical centre assignment,Medical centre assignment,,,staff.locations,,clinic-scoped-unless-stated,,review-required,,,,,PLANNED,PLANNED,NOT-STARTED,NOT-STARTED,NOT-STARTED,ADOPTED-AS-IS,Field schema definition,P1+,docs/architecture/prototype-parity/,
field_3076db0ad935,public/pulse-html-prototype.html,,field-schema,,,,,staff,Field: Max weekly hours,Max weekly hours,,,staff.maxWeeklyHours,,clinic-scoped-unless-stated,,review-required,,,,,PLANNED,PLANNED,NOT-STARTED,NOT-STARTED,NOT-STARTED,ADOPTED-AS-IS,Field schema definition,P1+,docs/architecture/prototype-parity/,
field_93b7f5630cdc,public/pulse-html-prototype.html,,field-schema,,,,,staff,Field: Base hourly rate,Base hourly rate,,,staff.payRate,,clinic-scoped-unless-stated,,review-required,,,,,PLANNED,PLANNED,NOT-STARTED,NOT-STARTED,NOT-STARTED,ADOPTED-AS-IS,Field schema definition,P1+,docs/architecture/prototype-parity/,
field_13c677fcbed5,public/pulse-html-prototype.html,,field-schema,,,,,staff,Field: CPR expiry,CPR expiry,,,staff.cprExpiry,,clinic-scoped-unless-stated,,review-required,,,,,PLANNED,PLANNED,NOT-STARTED,NOT-STARTED,NOT-STARTED,ADOPTED-AS-IS,Field schema definition,P1+,docs/architecture/prototype-parity/,
field_ddab5085b4a4,public/pulse-html-prototype.html,,field-schema,,,,,staff,Field: Immunisation status,Immunisation status,,,staff.immunisationStatus,,clinic-scoped-unless-stated,,review-required,,,,,PLANNED,PLANNED,NOT-STARTED,NOT-STARTED,NOT-STARTED,ADOPTED-AS-IS,Field schema definition,P1+,docs/architecture/prototype-parity/,
field_8621d85c7c6d,public/pulse-html-prototype.html,,field-schema,,,,,staff,Field: Bank details verified,Bank details verified,,,staff.bankReady,,clinic-scoped-unless-stated,,review-required,,,,,PLANNED,PLANNED,NOT-STARTED,NOT-STARTED,NOT-STARTED,ADOPTED-AS-IS,Field schema definition,P1+,docs/architecture/prototype-parity/,
field_78bd6f4114ce,public/pulse-html-prototype.html,,field-schema,,,,,staff,Field: Status,Status,,,staff.status,,clinic-scoped-unless-stated,,review-required,,,,,PLANNED,PLANNED,NOT-STARTED,NOT-STARTED,NOT-STARTED,ADOPTED-AS-IS,Field schema definition,P1+,docs/architecture/prototype-parity/,
field_7eb259ee4368,public/pulse-html-prototype.html,,field-schema,,,,,staff,Field: Award classification / pay point,Award classification / pay point,,,staff.awardClassification,,clinic-scoped-unless-stated,,review-required,,,,,PLANNED,PLANNED,NOT-STARTED,NOT-STARTED,NOT-STARTED,ADOPTED-AS-IS,Field schema definition,P1+,docs/architecture/prototype-parity/,
field_844a216a9e0e,public/pulse-html-prototype.html,,field-schema,,,,,staff,Field: Pay rule set,Pay rule set,,,staff.payRuleSet,,clinic-scoped-unless-stated,,review-required,,,,,PLANNED,PLANNED,NOT-STARTED,NOT-STARTED,NOT-STARTED,ADOPTED-AS-IS,Field schema definition,P1+,docs/architecture/prototype-parity/,
field_c65bc0e24660,public/pulse-html-prototype.html,,field-schema,,,,,staff,Field: Access lifecycle,Access lifecycle,,,staff.accessLifecycle,,clinic-scoped-unless-stated,,review-required,,,,,PLANNED,PLANNED,NOT-STARTED,NOT-STARTED,NOT-STARTED,ADOPTED-AS-IS,Field schema definition,P1+,docs/architecture/prototype-parity/,
field_5bfd1804516c,public/pulse-html-prototype.html,,field-schema,,,,,doctors,Field: Doctor / provider name,Doctor / provider name,,,doctors.name,,clinic-scoped-unless-stated,,review-required,,,,,PLANNED,PLANNED,NOT-STARTED,NOT-STARTED,NOT-STARTED,ADOPTED-AS-IS,Field schema definition,P1+,docs/architecture/prototype-parity/,
field_6a9fa3f21c47,public/pulse-html-prototype.html,,field-schema,,,,,doctors,Field: ABN,ABN,,,doctors.abn,,clinic-scoped-unless-stated,,review-required,,,,,PLANNED,PLANNED,NOT-STARTED,NOT-STARTED,NOT-STARTED,ADOPTED-AS-IS,Field schema definition,P1+,docs/architecture/prototype-parity/,
field_3903287d55a2,public/pulse-html-prototype.html,,field-schema,,,,,doctors,Field: Email,Email,,,doctors.email,,clinic-scoped-unless-stated,,review-required,,,,,PLANNED,PLANNED,NOT-STARTED,NOT-STARTED,NOT-STARTED,ADOPTED-AS-IS,Field schema definition,P1+,docs/architecture/prototype-parity/,
field_40bc1abfac40,public/pulse-html-prototype.html,,field-schema,,,,,doctors,Field: Contract number,Contract number,,,doctors.contractNumber,,clinic-scoped-unless-stated,,review-required,,,,,PLANNED,PLANNED,NOT-STARTED,NOT-STARTED,NOT-STARTED,ADOPTED-AS-IS,Field schema definition,P1+,docs/architecture/prototype-parity/,
field_d71fb8a77c73,public/pulse-html-prototype.html,,field-schema,,,,,doctors,Field: Contract start date,Contract start date,,,doctors.contractStart,,clinic-scoped-unless-stated,,review-required,,,,,PLANNED,PLANNED,NOT-STARTED,NOT-STARTED,NOT-STARTED,ADOPTED-AS-IS,Field schema definition,P1+,docs/architecture/prototype-parity/,
field_60aaa90d7200,public/pulse-html-prototype.html,,field-schema,,,,,doctors,Field: Contract end date,Contract end date,,,doctors.contractEnd,,clinic-scoped-unless-stated,,review-required,,,,,PLANNED,PLANNED,NOT-STARTED,NOT-STARTED,NOT-STARTED,ADOPTED-AS-IS,Field schema definition,P1+,docs/architecture/prototype-parity/,
field_b1a134260a83,public/pulse-html-prototype.html,,field-schema,,,,,doctors,Field: Company / trust,Company / trust,,,doctors.company,,clinic-scoped-unless-stated,,review-required,,,,,PLANNED,PLANNED,NOT-STARTED,NOT-STARTED,NOT-STARTED,ADOPTED-AS-IS,Field schema definition,P1+,docs/architecture/prototype-parity/,
field_c2cb8fa5c981,public/pulse-html-prototype.html,,field-schema,,,,,doctors,Field: Mobile,Mobile,,,doctors.mobile,,clinic-scoped-unless-stated,,review-required,,,,,PLANNED,PLANNED,NOT-STARTED,NOT-STARTED,NOT-STARTED,ADOPTED-AS-IS,Field schema definition,P1+,docs/architecture/prototype-parity/,
field_d85e79ef25f7,public/pulse-html-prototype.html,,field-schema,,,,,doctors,Field: Home phone,Home phone,,,doctors.homePhone,,clinic-scoped-unless-stated,,review-required,,,,,PLANNED,PLANNED,NOT-STARTED,NOT-STARTED,NOT-STARTED,ADOPTED-AS-IS,Field schema definition,P1+,docs/architecture/prototype-parity/,
field_62854d7fe79f,public/pulse-html-prototype.html,,field-schema,,,,,doctors,Field: Assigned medical centres,Assigned medical centres,,,doctors.locations,,clinic-scoped-unless-stated,,review-required,,,,,PLANNED,PLANNED,NOT-STARTED,NOT-STARTED,NOT-STARTED,ADOPTED-AS-IS,Field schema definition,P1+,docs/architecture/prototype-parity/,
field_2031510bc755,public/pulse-html-prototype.html,,field-schema,,,,,doctors,Field: Public website match,Public website match,,,doctors.publicLocation,,clinic-scoped-unless-stated,,review-required,,,,,PLANNED,PLANNED,NOT-STARTED,NOT-STARTED,NOT-STARTED,ADOPTED-AS-IS,Field schema definition,P1+,docs/architecture/prototype-parity/,
field_a3961ebc630a,public/pulse-html-prototype.html,,field-schema,,,,,doctors,Field: Public source / notes,Public source / notes,,,doctors.publicSource,,clinic-scoped-unless-stated,,review-required,,,,,PLANNED,PLANNED,NOT-STARTED,NOT-STARTED,NOT-STARTED,ADOPTED-AS-IS,Field schema definition,P1+,docs/architecture/prototype-parity/,
field_a85badb85970,public/pulse-html-prototype.html,,field-schema,,,,,doctors,Field: GST registered,GST registered,,,doctors.gstRegistered,,clinic-scoped-unless-stated,,review-required,,,,,PLANNED,PLANNED,NOT-STARTED,NOT-STARTED,NOT-STARTED,ADOPTED-AS-IS,Field schema definition,P1+,docs/architecture/prototype-parity/,
field_6dfd6ca26e82,public/pulse-html-prototype.html,,field-schema,,,,,doctors,Field: Facility fee rate %,Facility fee rate %,,,doctors.contractRate,,clinic-scoped-unless-stated,,review-required,,,,,PLANNED,PLANNED,NOT-STARTED,NOT-STARTED,NOT-STARTED,ADOPTED-AS-IS,Field schema definition,P1+,docs/architecture/prototype-parity/,
field_eca568677bbf,public/pulse-html-prototype.html,,field-schema,,,,,doctors,Field: Bank details verified,Bank details verified,,,doctors.bankReady,,clinic-scoped-unless-stated,,review-required,,,,,PLANNED,PLANNED,NOT-STARTED,NOT-STARTED,NOT-STARTED,ADOPTED-AS-IS,Field schema definition,P1+,docs/architecture/prototype-parity/,
field_39e1bd10e6aa,public/pulse-html-prototype.html,,field-schema,,,,,doctors,Field: AHPRA expiry,AHPRA expiry,,,doctors.ahpraExpiry,,clinic-scoped-unless-stated,,review-required,,,,,PLANNED,PLANNED,NOT-STARTED,NOT-STARTED,NOT-STARTED,ADOPTED-AS-IS,Field schema definition,P1+,docs/architecture/prototype-parity/,
field_fbbea3cf6662,public/pulse-html-prototype.html,,field-schema,,,,,doctors,Field: Covering doctor during leave,Covering doctor during leave,,,doctors.coveringDoctor,,clinic-scoped-unless-stated,,review-required,,,,,PLANNED,PLANNED,NOT-STARTED,NOT-STARTED,NOT-STARTED,ADOPTED-AS-IS,Field schema definition,P1+,docs/architecture/prototype-parity/,
field_bdfdcc42f751,public/pulse-html-prototype.html,,field-schema,,,,,doctors,Field: Status,Status,,,doctors.status,,clinic-scoped-unless-stated,,review-required,,,,,PLANNED,PLANNED,NOT-STARTED,NOT-STARTED,NOT-STARTED,ADOPTED-AS-IS,Field schema definition,P1+,docs/architecture/prototype-parity/,
field_39c57335d8c6,public/pulse-html-prototype.html,,field-schema,,,,,hrDocs,Field: Person name,Person name,,,hrDocs.personName,,clinic-scoped-unless-stated,,review-required,,,,,PLANNED,PLANNED,NOT-STARTED,NOT-STARTED,NOT-STARTED,ADOPTED-AS-IS,Field schema definition,P1+,docs/architecture/prototype-parity/,
field_219333be41c0,public/pulse-html-prototype.html,,field-schema,,,,,hrDocs,Field: Person type,Person type,,,hrDocs.personType,,clinic-scoped-unless-stated,,review-required,,,,,PLANNED,PLANNED,NOT-STARTED,NOT-STARTED,NOT-STARTED,ADOPTED-AS-IS,Field schema definition,P1+,docs/architecture/prototype-parity/,
field_542697a98ec8,public/pulse-html-prototype.html,,field-schema,,,,,hrDocs,Field: Document type,Document type,,,hrDocs.docType,,clinic-scoped-unless-stated,,review-required,,,,,PLANNED,PLANNED,NOT-STARTED,NOT-STARTED,NOT-STARTED,ADOPTED-AS-IS,Field schema definition,P1+,docs/architecture/prototype-parity/,
field_0353a07e7cd7,public/pulse-html-prototype.html,,field-schema,,,,,hrDocs,Field: Expiry / review date,Expiry / review date,,,hrDocs.expiryDate,,clinic-scoped-unless-stated,,review-required,,,,,PLANNED,PLANNED,NOT-STARTED,NOT-STARTED,NOT-STARTED,ADOPTED-AS-IS,Field schema definition,P1+,docs/architecture/prototype-parity/,
field_249fc0b022bc,public/pulse-html-prototype.html,,field-schema,,,,,hrDocs,Field: Responsible manager,Responsible manager,,,hrDocs.owner,,clinic-scoped-unless-stated,,review-required,,,,,PLANNED,PLANNED,NOT-STARTED,NOT-STARTED,NOT-STARTED,ADOPTED-AS-IS,Field schema definition,P1+,docs/architecture/prototype-parity/,
field_a771190b9d4c,public/pulse-html-prototype.html,,field-schema,,,,,hrDocs,Field: Status,Status,,,hrDocs.status,,clinic-scoped-unless-stated,,review-required,,,,,PLANNED,PLANNED,NOT-STARTED,NOT-STARTED,NOT-STARTED,ADOPTED-AS-IS,Field schema definition,P1+,docs/architecture/prototype-parity/,
field_6e3cddf40e72,public/pulse-html-prototype.html,,field-schema,,,,,training,Field: Training title,Training title,,,training.title,,clinic-scoped-unless-stated,,review-required,,,,,PLANNED,PLANNED,NOT-STARTED,NOT-STARTED,NOT-STARTED,ADOPTED-AS-IS,Field schema definition,P1+,docs/architecture/prototype-parity/,
field_3515e1e5e317,public/pulse-html-prototype.html,,field-schema,,,,,training,Field: Audience,Audience,,,training.audience,,clinic-scoped-unless-stated,,review-required,,,,,PLANNED,PLANNED,NOT-STARTED,NOT-STARTED,NOT-STARTED,ADOPTED-AS-IS,Field schema definition,P1+,docs/architecture/prototype-parity/,
field_c918411b916a,public/pulse-html-prototype.html,,field-schema,,,,,training,Field: Permission gate,Permission gate,,,training.permissionGate,,clinic-scoped-unless-stated,,review-required,,,,,PLANNED,PLANNED,NOT-STARTED,NOT-STARTED,NOT-STARTED,ADOPTED-AS-IS,Field schema definition,P1+,docs/architecture/prototype-parity/,
field_0ec51835e38a,public/pulse-html-prototype.html,,field-schema,,,,,training,Field: Expiry date,Expiry date,,,training.expiryDate,,clinic-scoped-unless-stated,,review-required,,,,,PLANNED,PLANNED,NOT-STARTED,NOT-STARTED,NOT-STARTED,ADOPTED-AS-IS,Field schema definition,P1+,docs/architecture/prototype-parity/,
field_b3d40e608245,public/pulse-html-prototype.html,,field-schema,,,,,training,Field: Owner,Owner,,,training.owner,,clinic-scoped-unless-stated,,review-required,,,,,PLANNED,PLANNED,NOT-STARTED,NOT-STARTED,NOT-STARTED,ADOPTED-AS-IS,Field schema definition,P1+,docs/architecture/prototype-parity/,
field_8136a0f75f63,public/pulse-html-prototype.html,,field-schema,,,,,training,Field: Status,Status,,,training.status,,clinic-scoped-unless-stated,,review-required,,,,,PLANNED,PLANNED,NOT-STARTED,NOT-STARTED,NOT-STARTED,ADOPTED-AS-IS,Field schema definition,P1+,docs/architecture/prototype-parity/,
field_930305d40959,public/pulse-html-prototype.html,,field-schema,,,,,training,Field: Controls sensitive permission,Controls sensitive permission,,,training.permissionControlled,,clinic-scoped-unless-stated,,review-required,,,,,PLANNED,PLANNED,NOT-STARTED,NOT-STARTED,NOT-STARTED,ADOPTED-AS-IS,Field schema definition,P1+,docs/architecture/prototype-parity/,
field_0d3c88d41e65,public/pulse-html-prototype.html,,field-schema,,,,,training,Field: Controlled module,Controlled module,,,training.controlledModule,,clinic-scoped-unless-stated,,review-required,,,,,PLANNED,PLANNED,NOT-STARTED,NOT-STARTED,NOT-STARTED,ADOPTED-AS-IS,Field schema definition,P1+,docs/architecture/prototype-parity/,
field_6d6c513c35d7,public/pulse-html-prototype.html,,field-schema,,,,,training,Field: Completion status,Completion status,,,training.completionStatus,,clinic-scoped-unless-stated,,review-required,,,,,PLANNED,PLANNED,NOT-STARTED,NOT-STARTED,NOT-STARTED,ADOPTED-AS-IS,Field schema definition,P1+,docs/architecture/prototype-parity/,
field_1c01b33ccc60,public/pulse-html-prototype.html,,field-schema,,,,,training,Field: Temporary override expiry,Temporary override expiry,,,training.overrideExpiry,,clinic-scoped-unless-stated,,review-required,,,,,PLANNED,PLANNED,NOT-STARTED,NOT-STARTED,NOT-STARTED,ADOPTED-AS-IS,Field schema definition,P1+,docs/architecture/prototype-parity/,
field_8a92875a047a,public/pulse-html-prototype.html,,field-schema,,,,,roster,Field: Staff member,Staff member,,,roster.staffName,,clinic-scoped-unless-stated,,review-required,,,,,PLANNED,PLANNED,NOT-STARTED,NOT-STARTED,NOT-STARTED,ADOPTED-AS-IS,Field schema definition,P1+,docs/architecture/prototype-parity/,
field_dbb19a0579e2,public/pulse-html-prototype.html,,field-schema,,,,,roster,Field: Role required,Role required,,,roster.role,,clinic-scoped-unless-stated,,review-required,,,,,PLANNED,PLANNED,NOT-STARTED,NOT-STARTED,NOT-STARTED,ADOPTED-AS-IS,Field schema definition,P1+,docs/architecture/prototype-parity/,
field_22ec66ff085a,public/pulse-html-prototype.html,,field-schema,,,,,roster,Field: Location,Location,,,roster.location,,clinic-scoped-unless-stated,,review-required,,,,,PLANNED,PLANNED,NOT-STARTED,NOT-STARTED,NOT-STARTED,ADOPTED-AS-IS,Field schema definition,P1+,docs/architecture/prototype-parity/,
field_34eeb4a8cc68,public/pulse-html-prototype.html,,field-schema,,,,,roster,Field: Shift date,Shift date,,,roster.date,,clinic-scoped-unless-stated,,review-required,,,,,PLANNED,PLANNED,NOT-STARTED,NOT-STARTED,NOT-STARTED,ADOPTED-AS-IS,Field schema definition,P1+,docs/architecture/prototype-parity/,
field_a8fde2c9b045,public/pulse-html-prototype.html,,field-schema,,,,,roster,Field: Start time,Start time,,,roster.start,,clinic-scoped-unless-stated,,review-required,,,,,PLANNED,PLANNED,NOT-STARTED,NOT-STARTED,NOT-STARTED,ADOPTED-AS-IS,Field schema definition,P1+,docs/architecture/prototype-parity/,
field_aa30ddabcbc9,public/pulse-html-prototype.html,,field-schema,,,,,roster,Field: End time,End time,,,roster.end,,clinic-scoped-unless-stated,,review-required,,,,,PLANNED,PLANNED,NOT-STARTED,NOT-STARTED,NOT-STARTED,ADOPTED-AS-IS,Field schema definition,P1+,docs/architecture/prototype-parity/,
field_40dbd0ab787c,public/pulse-html-prototype.html,,field-schema,,,,,roster,Field: Responsibility,Responsibility,,,roster.openClose,,clinic-scoped-unless-stated,,review-required,,,,,PLANNED,PLANNED,NOT-STARTED,NOT-STARTED,NOT-STARTED,ADOPTED-AS-IS,Field schema definition,P1+,docs/architecture/prototype-parity/,
field_35751ca78c01,public/pulse-html-prototype.html,,field-schema,,,,,roster,Field: Status,Status,,,roster.status,,clinic-scoped-unless-stated,,review-required,,,,,PLANNED,PLANNED,NOT-STARTED,NOT-STARTED,NOT-STARTED,ADOPTED-AS-IS,Field schema definition,P1+,docs/architecture/prototype-parity/,
field_fcb1c122e29b,public/pulse-html-prototype.html,,field-schema,,,,,timeclock,Field: Staff member,Staff member,,,timeclock.staffName,,clinic-scoped-unless-stated,,review-required,,,,,PLANNED,PLANNED,NOT-STARTED,NOT-STARTED,NOT-STARTED,ADOPTED-AS-IS,Field schema definition,P1+,docs/architecture/prototype-parity/,
field_9ce26c6aab2d,public/pulse-html-prototype.html,,field-schema,,,,,timeclock,Field: Location,Location,,,timeclock.location,,clinic-scoped-unless-stated,,review-required,,,,,PLANNED,PLANNED,NOT-STARTED,NOT-STARTED,NOT-STARTED,ADOPTED-AS-IS,Field schema definition,P1+,docs/architecture/prototype-parity/,
field_7eb68526e52b,public/pulse-html-prototype.html,,field-schema,,,,,timeclock,Field: Date,Date,,,timeclock.date,,clinic-scoped-unless-stated,,review-required,,,,,PLANNED,PLANNED,NOT-STARTED,NOT-STARTED,NOT-STARTED,ADOPTED-AS-IS,Field schema definition,P1+,docs/architecture/prototype-parity/,
field_275f5dce787b,public/pulse-html-prototype.html,,field-schema,,,,,timeclock,Field: Clock in,Clock in,,,timeclock.clockIn,,clinic-scoped-unless-stated,,review-required,,,,,PLANNED,PLANNED,NOT-STARTED,NOT-STARTED,NOT-STARTED,ADOPTED-AS-IS,Field schema definition,P1+,docs/architecture/prototype-parity/,
field_c9c1f590f5a8,public/pulse-html-prototype.html,,field-schema,,,,,timeclock,Field: Clock out,Clock out,,,timeclock.clockOut,,clinic-scoped-unless-stated,,review-required,,,,,PLANNED,PLANNED,NOT-STARTED,NOT-STARTED,NOT-STARTED,ADOPTED-AS-IS,Field schema definition,P1+,docs/architecture/prototype-parity/,
field_728411d38e59,public/pulse-html-prototype.html,,field-schema,,,,,timeclock,Field: Break not taken,Break not taken,,,timeclock.breakRemoved,,clinic-scoped-unless-stated,,review-required,,,,,PLANNED,PLANNED,NOT-STARTED,NOT-STARTED,NOT-STARTED,ADOPTED-AS-IS,Field schema definition,P1+,docs/architecture/prototype-parity/,
field_efb7f6312cbc,public/pulse-html-prototype.html,,field-schema,,,,,timeclock,Field: Checklist status,Checklist status,,,timeclock.checklistStatus,,clinic-scoped-unless-stated,,review-required,,,,,PLANNED,PLANNED,NOT-STARTED,NOT-STARTED,NOT-STARTED,ADOPTED-AS-IS,Field schema definition,P1+,docs/architecture/prototype-parity/,
field_d2223a0f52c9,public/pulse-html-prototype.html,,field-schema,,,,,timeclock,Field: Exception reason,Exception reason,,,timeclock.reason,,clinic-scoped-unless-stated,,review-required,,,,,PLANNED,PLANNED,NOT-STARTED,NOT-STARTED,NOT-STARTED,ADOPTED-AS-IS,Field schema definition,P1+,docs/architecture/prototype-parity/,
field_ce3dca75bc4a,public/pulse-html-prototype.html,,field-schema,,,,,timeclock,Field: Status,Status,,,timeclock.status,,clinic-scoped-unless-stated,,review-required,,,,,PLANNED,PLANNED,NOT-STARTED,NOT-STARTED,NOT-STARTED,ADOPTED-AS-IS,Field schema definition,P1+,docs/architecture/prototype-parity/,
field_d1ec05c6be70,public/pulse-html-prototype.html,,field-schema,,,,,timeclock,Field: Device / IP,Device / IP,,,timeclock.deviceIp,,clinic-scoped-unless-stated,,review-required,,,,,PLANNED,PLANNED,NOT-STARTED,NOT-STARTED,NOT-STARTED,ADOPTED-AS-IS,Field schema definition,P1+,docs/architecture/prototype-parity/,
field_78bc8a2b3865,public/pulse-html-prototype.html,,field-schema,,,,,timeclock,Field: Approved IP/device status,Approved IP/device status,,,timeclock.approvedIpStatus,,clinic-scoped-unless-stated,,review-required,,,,,PLANNED,PLANNED,NOT-STARTED,NOT-STARTED,NOT-STARTED,ADOPTED-AS-IS,Field schema definition,P1+,docs/architecture/prototype-parity/,
field_c7d7a5081920,public/pulse-html-prototype.html,,field-schema,,,,,timeclock,Field: Missed clock correction,Missed clock correction,,,timeclock.missedClockType,,clinic-scoped-unless-stated,,review-required,,,,,PLANNED,PLANNED,NOT-STARTED,NOT-STARTED,NOT-STARTED,ADOPTED-AS-IS,Field schema definition,P1+,docs/architecture/prototype-parity/,
field_63ab6696cfef,public/pulse-html-prototype.html,,field-schema,,,,,timeclock,Field: Accepted adjusted time,Accepted adjusted time,,,timeclock.acceptedAdjustedTime,,clinic-scoped-unless-stated,,review-required,,,,,PLANNED,PLANNED,NOT-STARTED,NOT-STARTED,NOT-STARTED,ADOPTED-AS-IS,Field schema definition,P1+,docs/architecture/prototype-parity/,
field_7e376776c3b9,public/pulse-html-prototype.html,,field-schema,,,,,staffpay,Field: Period start,Period start,,,staffpay.periodStart,,clinic-scoped-unless-stated,,review-required,,,,,PLANNED,PLANNED,NOT-STARTED,NOT-STARTED,NOT-STARTED,ADOPTED-AS-IS,Field schema definition,P1+,docs/architecture/prototype-parity/,
field_af4e201eaf31,public/pulse-html-prototype.html,,field-schema,,,,,staffpay,Field: Period end,Period end,,,staffpay.periodEnd,,clinic-scoped-unless-stated,,review-required,,,,,PLANNED,PLANNED,NOT-STARTED,NOT-STARTED,NOT-STARTED,ADOPTED-AS-IS,Field schema definition,P1+,docs/architecture/prototype-parity/,
field_06c8eb036186,public/pulse-html-prototype.html,,field-schema,,,,,staffpay,Field: Location,Location,,,staffpay.location,,clinic-scoped-unless-stated,,review-required,,,,,PLANNED,PLANNED,NOT-STARTED,NOT-STARTED,NOT-STARTED,ADOPTED-AS-IS,Field schema definition,P1+,docs/architecture/prototype-parity/,
field_4a9e810e9430,public/pulse-html-prototype.html,,field-schema,,,,,staffpay,Field: Payroll contact,Payroll contact,,,staffpay.payrollContact,,clinic-scoped-unless-stated,,review-required,,,,,PLANNED,PLANNED,NOT-STARTED,NOT-STARTED,NOT-STARTED,ADOPTED-AS-IS,Field schema definition,P1+,docs/architecture/prototype-parity/,
field_538edd7363e7,public/pulse-html-prototype.html,,field-schema,,,,,staffpay,Field: Status,Status,,,staffpay.status,,clinic-scoped-unless-stated,,review-required,,,,,PLANNED,PLANNED,NOT-STARTED,NOT-STARTED,NOT-STARTED,ADOPTED-AS-IS,Field schema definition,P1+,docs/architecture/prototype-parity/,
field_eb3c62759c2b,public/pulse-html-prototype.html,,field-schema,,,,,staffpay,Field: Notes,Notes,,,staffpay.notes,,clinic-scoped-unless-stated,,review-required,,,,,PLANNED,PLANNED,NOT-STARTED,NOT-STARTED,NOT-STARTED,ADOPTED-AS-IS,Field schema definition,P1+,docs/architecture/prototype-parity/,
field_fcbf78e1f584,public/pulse-html-prototype.html,,field-schema,,,,,staffpay,Field: Xero earnings mapping / categories,Xero earnings mapping / categories,,,staffpay.xeroEarningsMapping,,clinic-scoped-unless-stated,,review-required,,,,,PLANNED,PLANNED,NOT-STARTED,NOT-STARTED,NOT-STARTED,ADOPTED-AS-IS,Field schema definition,P1+,docs/architecture/prototype-parity/,
field_eb7fb8af8a50,public/pulse-html-prototype.html,,field-schema,,,,,staffpay,Field: Payroll advisor validation recorded,Payroll advisor validation recorded,,,staffpay.payrollAdvisorValidated,,clinic-scoped-unless-stated,,review-required,,,,,PLANNED,PLANNED,NOT-STARTED,NOT-STARTED,NOT-STARTED,ADOPTED-AS-IS,Field schema definition,P1+,docs/architecture/prototype-parity/,
field_5f08ffc7e045,public/pulse-html-prototype.html,,field-schema,,,,,staffpay,Field: Correction workflow note,Correction workflow note,,,staffpay.correctionWorkflow,,clinic-scoped-unless-stated,,review-required,,,,,PLANNED,PLANNED,NOT-STARTED,NOT-STARTED,NOT-STARTED,ADOPTED-AS-IS,Field schema definition,P1+,docs/architecture/prototype-parity/,
field_0894f8c32912,public/pulse-html-prototype.html,,field-schema,,,,,doctorpay,Field: Doctor name,Doctor name,,,doctorpay.doctorName,,clinic-scoped-unless-stated,,review-required,,,,,PLANNED,PLANNED,NOT-STARTED,NOT-STARTED,NOT-STARTED,ADOPTED-AS-IS,Field schema definition,P1+,docs/architecture/prototype-parity/,
field_6ad2f1a8b042,public/pulse-html-prototype.html,,field-schema,,,,,doctorpay,Field: Location,Location,,,doctorpay.location,,clinic-scoped-unless-stated,,review-required,,,,,PLANNED,PLANNED,NOT-STARTED,NOT-STARTED,NOT-STARTED,ADOPTED-AS-IS,Field schema definition,P1+,docs/architecture/prototype-parity/,
field_fddc9dc466d6,public/pulse-html-prototype.html,,field-schema,,,,,doctorpay,Field: Period from,Period from,,,doctorpay.from,,clinic-scoped-unless-stated,,review-required,,,,,PLANNED,PLANNED,NOT-STARTED,NOT-STARTED,NOT-STARTED,ADOPTED-AS-IS,Field schema definition,P1+,docs/architecture/prototype-parity/,
field_bbe5205450f4,public/pulse-html-prototype.html,,field-schema,,,,,doctorpay,Field: Period to,Period to,,,doctorpay.to,,clinic-scoped-unless-stated,,review-required,,,,,PLANNED,PLANNED,NOT-STARTED,NOT-STARTED,NOT-STARTED,ADOPTED-AS-IS,Field schema definition,P1+,docs/architecture/prototype-parity/,
field_c68f83b8948f,public/pulse-html-prototype.html,,field-schema,,,,,doctorpay,Field: Total billing from Best Practice,Total billing from Best Practice,,,doctorpay.totalBilling,,clinic-scoped-unless-stated,,review-required,,,,,PLANNED,PLANNED,NOT-STARTED,NOT-STARTED,NOT-STARTED,ADOPTED-AS-IS,Field schema definition,P1+,docs/architecture/prototype-parity/,
field_080171ecaebf,public/pulse-html-prototype.html,,field-schema,,,,,doctorpay,Field: Facility fee rate %,Facility fee rate %,,,doctorpay.rate,,clinic-scoped-unless-stated,,review-required,,,,,PLANNED,PLANNED,NOT-STARTED,NOT-STARTED,NOT-STARTED,ADOPTED-AS-IS,Field schema definition,P1+,docs/architecture/prototype-parity/,
field_304fa7f5fd29,public/pulse-html-prototype.html,,field-schema,,,,,doctorpay,Field: GST treatment,GST treatment,,,doctorpay.gstMode,,clinic-scoped-unless-stated,,review-required,,,,,PLANNED,PLANNED,NOT-STARTED,NOT-STARTED,NOT-STARTED,ADOPTED-AS-IS,Field schema definition,P1+,docs/architecture/prototype-parity/,
field_085e8df0a105,public/pulse-html-prototype.html,,field-schema,,,,,doctorpay,Field: Adjustment amount,Adjustment amount,,,doctorpay.adjustment,,clinic-scoped-unless-stated,,review-required,,,,,PLANNED,PLANNED,NOT-STARTED,NOT-STARTED,NOT-STARTED,ADOPTED-AS-IS,Field schema definition,P1+,docs/architecture/prototype-parity/,
field_28cb00f8999a,public/pulse-html-prototype.html,,field-schema,,,,,doctorpay,Field: Adjustment reason,Adjustment reason,,,doctorpay.adjustmentReason,,clinic-scoped-unless-stated,,review-required,,,,,PLANNED,PLANNED,NOT-STARTED,NOT-STARTED,NOT-STARTED,ADOPTED-AS-IS,Field schema definition,P1+,docs/architecture/prototype-parity/,
field_852a9d4ca727,public/pulse-html-prototype.html,,field-schema,,,,,doctorpay,Field: BP support report attached,BP support report attached,,,doctorpay.bpReportUploaded,,clinic-scoped-unless-stated,,review-required,,,,,PLANNED,PLANNED,NOT-STARTED,NOT-STARTED,NOT-STARTED,ADOPTED-AS-IS,Field schema definition,P1+,docs/architecture/prototype-parity/,
field_1816ef72a92a,public/pulse-html-prototype.html,,field-schema,,,,,doctorpay,Field: Status,Status,,,doctorpay.status,,clinic-scoped-unless-stated,,review-required,,,,,PLANNED,PLANNED,NOT-STARTED,NOT-STARTED,NOT-STARTED,ADOPTED-AS-IS,Field schema definition,P1+,docs/architecture/prototype-parity/,
field_f4d564924bb8,public/pulse-html-prototype.html,,field-schema,,,,,doctorpay,Field: BP reconciliation variance,BP reconciliation variance,,,doctorpay.bpVariance,,clinic-scoped-unless-stated,,review-required,,,,,PLANNED,PLANNED,NOT-STARTED,NOT-STARTED,NOT-STARTED,ADOPTED-AS-IS,Field schema definition,P1+,docs/architecture/prototype-parity/,
field_243dfbd5d2e2,public/pulse-html-prototype.html,,field-schema,,,,,doctorpay,Field: BP transaction support rows - one row per line,BP transaction support rows - one row per line,,,doctorpay.bpTransactionRows,,clinic-scoped-unless-stated,,review-required,,,,,PLANNED,PLANNED,NOT-STARTED,NOT-STARTED,NOT-STARTED,ADOPTED-AS-IS,Field schema definition,P1+,docs/architecture/prototype-parity/,
field_d6d6daa3b991,public/pulse-html-prototype.html,,field-schema,,,,,doctorpay,Field: Payment status,Payment status,,,doctorpay.paymentStatus,,clinic-scoped-unless-stated,,review-required,,,,,PLANNED,PLANNED,NOT-STARTED,NOT-STARTED,NOT-STARTED,ADOPTED-AS-IS,Field schema definition,P1+,docs/architecture/prototype-parity/,
field_53262b2c6fdc,public/pulse-html-prototype.html,,field-schema,,,,,doctorpay,Field: BP sync status,BP sync status,,,doctorpay.bpSyncStatus,,clinic-scoped-unless-stated,,review-required,,,,,PLANNED,PLANNED,NOT-STARTED,NOT-STARTED,NOT-STARTED,ADOPTED-AS-IS,Field schema definition,P1+,docs/architecture/prototype-parity/,
field_1ed2c25475f7,public/pulse-html-prototype.html,,field-schema,,,,,doctorpay,Field: Contract/rate version,Contract/rate version,,,doctorpay.rateVersion,,clinic-scoped-unless-stated,,review-required,,,,,PLANNED,PLANNED,NOT-STARTED,NOT-STARTED,NOT-STARTED,ADOPTED-AS-IS,Field schema definition,P1+,docs/architecture/prototype-parity/,
field_8594e570c21a,public/pulse-html-prototype.html,,field-schema,,,,,doctorpay,Field: Pay run approved by,Pay run approved by,,,doctorpay.approvedBy,,clinic-scoped-unless-stated,,review-required,,,,,PLANNED,PLANNED,NOT-STARTED,NOT-STARTED,NOT-STARTED,ADOPTED-AS-IS,Field schema definition,P1+,docs/architecture/prototype-parity/,
field_ce6b7389677a,public/pulse-html-prototype.html,,field-schema,,,,,doctorpay,Field: Payslip email status,Payslip email status,,,doctorpay.payslipEmailStatus,,clinic-scoped-unless-stated,,review-required,,,,,PLANNED,PLANNED,NOT-STARTED,NOT-STARTED,NOT-STARTED,ADOPTED-AS-IS,Field schema definition,P1+,docs/architecture/prototype-parity/,
field_e0f8831a6198,public/pulse-html-prototype.html,,field-schema,,,,,bbpip,Field: Location,Location,,,bbpip.location,,clinic-scoped-unless-stated,,review-required,,,,,PLANNED,PLANNED,NOT-STARTED,NOT-STARTED,NOT-STARTED,ADOPTED-AS-IS,Field schema definition,P1+,docs/architecture/prototype-parity/,
field_d22953257ee7,public/pulse-html-prototype.html,,field-schema,,,,,bbpip,Field: Quarter,Quarter,,,bbpip.quarter,,clinic-scoped-unless-stated,,review-required,,,,,PLANNED,PLANNED,NOT-STARTED,NOT-STARTED,NOT-STARTED,ADOPTED-AS-IS,Field schema definition,P1+,docs/architecture/prototype-parity/,
field_8433e324415b,public/pulse-html-prototype.html,,field-schema,,,,,bbpip,Field: Eligible bulk-billed value,Eligible bulk-billed value,,,bbpip.eligibleValue,,clinic-scoped-unless-stated,,review-required,,,,,PLANNED,PLANNED,NOT-STARTED,NOT-STARTED,NOT-STARTED,ADOPTED-AS-IS,Field schema definition,P1+,docs/architecture/prototype-parity/,
field_8b03e3307462,public/pulse-html-prototype.html,,field-schema,,,,,bbpip,Field: Excluded / mixed-billing value,Excluded / mixed-billing value,,,bbpip.excludedValue,,clinic-scoped-unless-stated,,review-required,,,,,PLANNED,PLANNED,NOT-STARTED,NOT-STARTED,NOT-STARTED,ADOPTED-AS-IS,Field schema definition,P1+,docs/architecture/prototype-parity/,
field_4e7a0a2f6567,public/pulse-html-prototype.html,,field-schema,,,,,bbpip,Field: MBS item master version,MBS item master version,,,bbpip.itemVersion,,clinic-scoped-unless-stated,,review-required,,,,,PLANNED,PLANNED,NOT-STARTED,NOT-STARTED,NOT-STARTED,ADOPTED-AS-IS,Field schema definition,P1+,docs/architecture/prototype-parity/,
field_e2eec5938a14,public/pulse-html-prototype.html,,field-schema,,,,,bbpip,Field: Final Services Australia advice received,Final Services Australia advice received,,,bbpip.finalAdvice,,clinic-scoped-unless-stated,,review-required,,,,,PLANNED,PLANNED,NOT-STARTED,NOT-STARTED,NOT-STARTED,ADOPTED-AS-IS,Field schema definition,P1+,docs/architecture/prototype-parity/,
field_4344001adf6a,public/pulse-html-prototype.html,,field-schema,,,,,bbpip,Field: Status,Status,,,bbpip.status,,clinic-scoped-unless-stated,,review-required,,,,,PLANNED,PLANNED,NOT-STARTED,NOT-STARTED,NOT-STARTED,ADOPTED-AS-IS,Field schema definition,P1+,docs/architecture/prototype-parity/,
field_8cac20b4a9df,public/pulse-html-prototype.html,,field-schema,,,,,bbpip,Field: Clinic participation status,Clinic participation status,,,bbpip.clinicParticipation,,clinic-scoped-unless-stated,,review-required,,,,,PLANNED,PLANNED,NOT-STARTED,NOT-STARTED,NOT-STARTED,ADOPTED-AS-IS,Field schema definition,P1+,docs/architecture/prototype-parity/,
field_b7413b22408e,public/pulse-html-prototype.html,,field-schema,,,,,bbpip,Field: MyMedicare / Organisation Register,MyMedicare / Organisation Register,,,bbpip.mymedicareStatus,,clinic-scoped-unless-stated,,review-required,,,,,PLANNED,PLANNED,NOT-STARTED,NOT-STARTED,NOT-STARTED,ADOPTED-AS-IS,Field schema definition,P1+,docs/architecture/prototype-parity/,
field_6f260483036b,public/pulse-html-prototype.html,,field-schema,,,,,bbpip,Field: Healthdirect / signage evidence stored,Healthdirect / signage evidence stored,,,bbpip.healthdirectSignage,,clinic-scoped-unless-stated,,review-required,,,,,PLANNED,PLANNED,NOT-STARTED,NOT-STARTED,NOT-STARTED,ADOPTED-AS-IS,Field schema definition,P1+,docs/architecture/prototype-parity/,
field_c23aa1d4ab5c,public/pulse-html-prototype.html,,field-schema,,,,,bbpip,Field: Mixed billing / non-bulk-billed exception detected,Mixed billing / non-bulk-billed exception detected,,,bbpip.mixedBillingFlag,,clinic-scoped-unless-stated,,review-required,,,,,PLANNED,PLANNED,NOT-STARTED,NOT-STARTED,NOT-STARTED,ADOPTED-AS-IS,Field schema definition,P1+,docs/architecture/prototype-parity/,
field_575cb0ecf516,public/pulse-html-prototype.html,,field-schema,,,,,bbpip,Field: Correction status,Correction status,,,bbpip.correctionStatus,,clinic-scoped-unless-stated,,review-required,,,,,PLANNED,PLANNED,NOT-STARTED,NOT-STARTED,NOT-STARTED,ADOPTED-AS-IS,Field schema definition,P1+,docs/architecture/prototype-parity/,
field_94e68459d69b,public/pulse-html-prototype.html,,field-schema,,,,,bbpip,Field: Actual final payment advice amount,Actual final payment advice amount,,,bbpip.actualPaymentAdvice,,clinic-scoped-unless-stated,,review-required,,,,,PLANNED,PLANNED,NOT-STARTED,NOT-STARTED,NOT-STARTED,ADOPTED-AS-IS,Field schema definition,P1+,docs/architecture/prototype-parity/,
field_ecf290ee545f,public/pulse-html-prototype.html,,field-schema,,,,,bbpip,Field: Reconciled by,Reconciled by,,,bbpip.reconciledBy,,clinic-scoped-unless-stated,,review-required,,,,,PLANNED,PLANNED,NOT-STARTED,NOT-STARTED,NOT-STARTED,ADOPTED-AS-IS,Field schema definition,P1+,docs/architecture/prototype-parity/,
field_61c2b7cc3597,public/pulse-html-prototype.html,,field-schema,,,,,bbpip,Field: Eligible MBS item rows / item master notes,Eligible MBS item rows / item master notes,,,bbpip.eligibleItemRows,,clinic-scoped-unless-stated,,review-required,,,,,PLANNED,PLANNED,NOT-STARTED,NOT-STARTED,NOT-STARTED,ADOPTED-AS-IS,Field schema definition,P1+,docs/architecture/prototype-parity/,
field_f784cd9ddd9b,public/pulse-html-prototype.html,,field-schema,,,,,bbpip,Field: Excluded/private/WorkCover/non-Medicare rows,Excluded/private/WorkCover/non-Medicare rows,,,bbpip.excludedRows,,clinic-scoped-unless-stated,,review-required,,,,,PLANNED,PLANNED,NOT-STARTED,NOT-STARTED,NOT-STARTED,ADOPTED-AS-IS,Field schema definition,P1+,docs/architecture/prototype-parity/,
field_7bcd9c1b7db4,public/pulse-html-prototype.html,,field-schema,,,,,bbpip,Field: Final reconciliation note,Final reconciliation note,,,bbpip.finalReconciliationNote,,clinic-scoped-unless-stated,,review-required,,,,,PLANNED,PLANNED,NOT-STARTED,NOT-STARTED,NOT-STARTED,ADOPTED-AS-IS,Field schema definition,P1+,docs/architecture/prototype-parity/,
field_9c309df6b394,public/pulse-html-prototype.html,,field-schema,,,,,rooms,Field: Room name,Room name,,,rooms.name,,clinic-scoped-unless-stated,,review-required,,,,,PLANNED,PLANNED,NOT-STARTED,NOT-STARTED,NOT-STARTED,ADOPTED-AS-IS,Field schema definition,P1+,docs/architecture/prototype-parity/,
field_3c1cef8ebb29,public/pulse-html-prototype.html,,field-schema,,,,,rooms,Field: Location,Location,,,rooms.location,,clinic-scoped-unless-stated,,review-required,,,,,PLANNED,PLANNED,NOT-STARTED,NOT-STARTED,NOT-STARTED,ADOPTED-AS-IS,Field schema definition,P1+,docs/architecture/prototype-parity/,
field_af5897a6cdad,public/pulse-html-prototype.html,,field-schema,,,,,rooms,Field: Room type,Room type,,,rooms.type,,clinic-scoped-unless-stated,,review-required,,,,,PLANNED,PLANNED,NOT-STARTED,NOT-STARTED,NOT-STARTED,ADOPTED-AS-IS,Field schema definition,P1+,docs/architecture/prototype-parity/,
field_5348f268d8f5,public/pulse-html-prototype.html,,field-schema,,,,,rooms,Field: Responsible person,Responsible person,,,rooms.responsiblePerson,,clinic-scoped-unless-stated,,review-required,,,,,PLANNED,PLANNED,NOT-STARTED,NOT-STARTED,NOT-STARTED,ADOPTED-AS-IS,Field schema definition,P1+,docs/architecture/prototype-parity/,
field_4c9d606f2864,public/pulse-html-prototype.html,,field-schema,,,,,rooms,Field: Review date,Review date,,,rooms.reviewDate,,clinic-scoped-unless-stated,,review-required,,,,,PLANNED,PLANNED,NOT-STARTED,NOT-STARTED,NOT-STARTED,ADOPTED-AS-IS,Field schema definition,P1+,docs/architecture/prototype-parity/,
field_42e14c8f368c,public/pulse-html-prototype.html,,field-schema,,,,,rooms,Field: Status,Status,,,rooms.status,,clinic-scoped-unless-stated,,review-required,,,,,PLANNED,PLANNED,NOT-STARTED,NOT-STARTED,NOT-STARTED,ADOPTED-AS-IS,Field schema definition,P1+,docs/architecture/prototype-parity/,
field_96f595cd36b2,public/pulse-html-prototype.html,,field-schema,,,,,inventory,Field: Item name,Item name,,,inventory.name,,clinic-scoped-unless-stated,,review-required,,,,,PLANNED,PLANNED,NOT-STARTED,NOT-STARTED,NOT-STARTED,ADOPTED-AS-IS,Field schema definition,P1+,docs/architecture/prototype-parity/,
field_95e3529e87e8,public/pulse-html-prototype.html,,field-schema,,,,,inventory,Field: Location,Location,,,inventory.location,,clinic-scoped-unless-stated,,review-required,,,,,PLANNED,PLANNED,NOT-STARTED,NOT-STARTED,NOT-STARTED,ADOPTED-AS-IS,Field schema definition,P1+,docs/architecture/prototype-parity/,
field_390f74fa36c3,public/pulse-html-prototype.html,,field-schema,,,,,inventory,Field: Category,Category,,,inventory.category,,clinic-scoped-unless-stated,,review-required,,,,,PLANNED,PLANNED,NOT-STARTED,NOT-STARTED,NOT-STARTED,ADOPTED-AS-IS,Field schema definition,P1+,docs/architecture/prototype-parity/,
field_4c8a578353e7,public/pulse-html-prototype.html,,field-schema,,,,,inventory,Field: Serial / asset ID,Serial / asset ID,,,inventory.serial,,clinic-scoped-unless-stated,,review-required,,,,,PLANNED,PLANNED,NOT-STARTED,NOT-STARTED,NOT-STARTED,ADOPTED-AS-IS,Field schema definition,P1+,docs/architecture/prototype-parity/,
field_a77da019ed7a,public/pulse-html-prototype.html,,field-schema,,,,,inventory,Field: Expiry date,Expiry date,,,inventory.expiryDate,,clinic-scoped-unless-stated,,review-required,,,,,PLANNED,PLANNED,NOT-STARTED,NOT-STARTED,NOT-STARTED,ADOPTED-AS-IS,Field schema definition,P1+,docs/architecture/prototype-parity/,
field_b85a30b5f7e2,public/pulse-html-prototype.html,,field-schema,,,,,inventory,Field: Calibration due,Calibration due,,,inventory.calibrationDue,,clinic-scoped-unless-stated,,review-required,,,,,PLANNED,PLANNED,NOT-STARTED,NOT-STARTED,NOT-STARTED,ADOPTED-AS-IS,Field schema definition,P1+,docs/architecture/prototype-parity/,
field_0c958a858cab,public/pulse-html-prototype.html,,field-schema,,,,,inventory,Field: Status,Status,,,inventory.status,,clinic-scoped-unless-stated,,review-required,,,,,PLANNED,PLANNED,NOT-STARTED,NOT-STARTED,NOT-STARTED,ADOPTED-AS-IS,Field schema definition,P1+,docs/architecture/prototype-parity/,
field_fd4fbee3f831,public/pulse-html-prototype.html,,field-schema,,,,,inventory,Field: Quantity,Quantity,,,inventory.qty,,clinic-scoped-unless-stated,,review-required,,,,,PLANNED,PLANNED,NOT-STARTED,NOT-STARTED,NOT-STARTED,ADOPTED-AS-IS,Field schema definition,P1+,docs/architecture/prototype-parity/,
field_6e2cf6e6b822,public/pulse-html-prototype.html,,field-schema,,,,,inventory,Field: Batch / invoice,Batch / invoice,,,inventory.batch,,clinic-scoped-unless-stated,,review-required,,,,,PLANNED,PLANNED,NOT-STARTED,NOT-STARTED,NOT-STARTED,ADOPTED-AS-IS,Field schema definition,P1+,docs/architecture/prototype-parity/,
field_b9e837850ece,public/pulse-html-prototype.html,,field-schema,,,,,inventory,Field: Invoice number,Invoice number,,,inventory.invoiceNumber,,clinic-scoped-unless-stated,,review-required,,,,,PLANNED,PLANNED,NOT-STARTED,NOT-STARTED,NOT-STARTED,ADOPTED-AS-IS,Field schema definition,P1+,docs/architecture/prototype-parity/,
field_913f77ae8741,public/pulse-html-prototype.html,,field-schema,,,,,inventory,Field: Supplier,Supplier,,,inventory.supplier,,clinic-scoped-unless-stated,,review-required,,,,,PLANNED,PLANNED,NOT-STARTED,NOT-STARTED,NOT-STARTED,ADOPTED-AS-IS,Field schema definition,P1+,docs/architecture/prototype-parity/,
field_9a0166426c05,public/pulse-html-prototype.html,,field-schema,,,,,inventory,Field: OCR status,OCR status,,,inventory.ocrStatus,,clinic-scoped-unless-stated,,review-required,,,,,PLANNED,PLANNED,NOT-STARTED,NOT-STARTED,NOT-STARTED,ADOPTED-AS-IS,Field schema definition,P1+,docs/architecture/prototype-parity/,
field_b3fa29cdffc1,public/pulse-html-prototype.html,,field-schema,,,,,inventory,Field: Electrical tag due,Electrical tag due,,,inventory.electricalTestDue,,clinic-scoped-unless-stated,,review-required,,,,,PLANNED,PLANNED,NOT-STARTED,NOT-STARTED,NOT-STARTED,ADOPTED-AS-IS,Field schema definition,P1+,docs/architecture/prototype-parity/,
field_357c9c477fb6,public/pulse-html-prototype.html,,field-schema,,,,,inventory,Field: PAR min,PAR min,,,inventory.parMin,,clinic-scoped-unless-stated,,review-required,,,,,PLANNED,PLANNED,NOT-STARTED,NOT-STARTED,NOT-STARTED,ADOPTED-AS-IS,Field schema definition,P1+,docs/architecture/prototype-parity/,
field_dad4d7c03679,public/pulse-html-prototype.html,,field-schema,,,,,inventory,Field: PAR max,PAR max,,,inventory.parMax,,clinic-scoped-unless-stated,,review-required,,,,,PLANNED,PLANNED,NOT-STARTED,NOT-STARTED,NOT-STARTED,ADOPTED-AS-IS,Field schema definition,P1+,docs/architecture/prototype-parity/,
field_da8da016e1fa,public/pulse-html-prototype.html,,field-schema,,,,,inventory,Field: Review / anomaly note,Review / anomaly note,,,inventory.reviewNote,,clinic-scoped-unless-stated,,review-required,,,,,PLANNED,PLANNED,NOT-STARTED,NOT-STARTED,NOT-STARTED,ADOPTED-AS-IS,Field schema definition,P1+,docs/architecture/prototype-parity/,
field_e95c492beb21,public/pulse-html-prototype.html,,field-schema,,,,,stock,Field: Stock item,Stock item,,,stock.name,,clinic-scoped-unless-stated,,review-required,,,,,PLANNED,PLANNED,NOT-STARTED,NOT-STARTED,NOT-STARTED,ADOPTED-AS-IS,Field schema definition,P1+,docs/architecture/prototype-parity/,
field_3f41466523c3,public/pulse-html-prototype.html,,field-schema,,,,,stock,Field: Location,Location,,,stock.location,,clinic-scoped-unless-stated,,review-required,,,,,PLANNED,PLANNED,NOT-STARTED,NOT-STARTED,NOT-STARTED,ADOPTED-AS-IS,Field schema definition,P1+,docs/architecture/prototype-parity/,
field_c344fcf9238b,public/pulse-html-prototype.html,,field-schema,,,,,stock,Field: Category,Category,,,stock.category,,clinic-scoped-unless-stated,,review-required,,,,,PLANNED,PLANNED,NOT-STARTED,NOT-STARTED,NOT-STARTED,ADOPTED-AS-IS,Field schema definition,P1+,docs/architecture/prototype-parity/,
field_5a362fc7a061,public/pulse-html-prototype.html,,field-schema,,,,,stock,Field: Quantity,Quantity,,,stock.qty,,clinic-scoped-unless-stated,,review-required,,,,,PLANNED,PLANNED,NOT-STARTED,NOT-STARTED,NOT-STARTED,ADOPTED-AS-IS,Field schema definition,P1+,docs/architecture/prototype-parity/,
field_3f11536f72be,public/pulse-html-prototype.html,,field-schema,,,,,stock,Field: PAR min,PAR min,,,stock.parMin,,clinic-scoped-unless-stated,,review-required,,,,,PLANNED,PLANNED,NOT-STARTED,NOT-STARTED,NOT-STARTED,ADOPTED-AS-IS,Field schema definition,P1+,docs/architecture/prototype-parity/,
field_fbdff9a74d20,public/pulse-html-prototype.html,,field-schema,,,,,stock,Field: PAR max,PAR max,,,stock.parMax,,clinic-scoped-unless-stated,,review-required,,,,,PLANNED,PLANNED,NOT-STARTED,NOT-STARTED,NOT-STARTED,ADOPTED-AS-IS,Field schema definition,P1+,docs/architecture/prototype-parity/,
field_36432e354d9d,public/pulse-html-prototype.html,,field-schema,,,,,stock,Field: Batch / invoice,Batch / invoice,,,stock.batch,,clinic-scoped-unless-stated,,review-required,,,,,PLANNED,PLANNED,NOT-STARTED,NOT-STARTED,NOT-STARTED,ADOPTED-AS-IS,Field schema definition,P1+,docs/architecture/prototype-parity/,
field_e0add4508ceb,public/pulse-html-prototype.html,,field-schema,,,,,stock,Field: Expiry date,Expiry date,,,stock.expiryDate,,clinic-scoped-unless-stated,,review-required,,,,,PLANNED,PLANNED,NOT-STARTED,NOT-STARTED,NOT-STARTED,ADOPTED-AS-IS,Field schema definition,P1+,docs/architecture/prototype-parity/,
field_0a930bcb56f3,public/pulse-html-prototype.html,,field-schema,,,,,stock,Field: Status,Status,,,stock.status,,clinic-scoped-unless-stated,,review-required,,,,,PLANNED,PLANNED,NOT-STARTED,NOT-STARTED,NOT-STARTED,ADOPTED-AS-IS,Field schema definition,P1+,docs/architecture/prototype-parity/,
field_c0ef706bdec9,public/pulse-html-prototype.html,,field-schema,,,,,equipment,Field: Equipment name,Equipment name,,,equipment.name,,clinic-scoped-unless-stated,,review-required,,,,,PLANNED,PLANNED,NOT-STARTED,NOT-STARTED,NOT-STARTED,ADOPTED-AS-IS,Field schema definition,P1+,docs/architecture/prototype-parity/,
field_b8d4000fd025,public/pulse-html-prototype.html,,field-schema,,,,,equipment,Field: Location,Location,,,equipment.location,,clinic-scoped-unless-stated,,review-required,,,,,PLANNED,PLANNED,NOT-STARTED,NOT-STARTED,NOT-STARTED,ADOPTED-AS-IS,Field schema definition,P1+,docs/architecture/prototype-parity/,
field_1731f43acaa4,public/pulse-html-prototype.html,,field-schema,,,,,equipment,Field: Room,Room,,,equipment.room,,clinic-scoped-unless-stated,,review-required,,,,,PLANNED,PLANNED,NOT-STARTED,NOT-STARTED,NOT-STARTED,ADOPTED-AS-IS,Field schema definition,P1+,docs/architecture/prototype-parity/,
field_fa105fb8a47d,public/pulse-html-prototype.html,,field-schema,,,,,equipment,Field: Category,Category,,,equipment.category,,clinic-scoped-unless-stated,,review-required,,,,,PLANNED,PLANNED,NOT-STARTED,NOT-STARTED,NOT-STARTED,ADOPTED-AS-IS,Field schema definition,P1+,docs/architecture/prototype-parity/,
field_c3dd6168baba,public/pulse-html-prototype.html,,field-schema,,,,,equipment,Field: Calibration due,Calibration due,,,equipment.calibrationDue,,clinic-scoped-unless-stated,,review-required,,,,,PLANNED,PLANNED,NOT-STARTED,NOT-STARTED,NOT-STARTED,ADOPTED-AS-IS,Field schema definition,P1+,docs/architecture/prototype-parity/,
field_45136d55b483,public/pulse-html-prototype.html,,field-schema,,,,,equipment,Field: Electrical test due,Electrical test due,,,equipment.electricalTestDue,,clinic-scoped-unless-stated,,review-required,,,,,PLANNED,PLANNED,NOT-STARTED,NOT-STARTED,NOT-STARTED,ADOPTED-AS-IS,Field schema definition,P1+,docs/architecture/prototype-parity/,
field_730135e3df57,public/pulse-html-prototype.html,,field-schema,,,,,equipment,Field: Status,Status,,,equipment.status,,clinic-scoped-unless-stated,,review-required,,,,,PLANNED,PLANNED,NOT-STARTED,NOT-STARTED,NOT-STARTED,ADOPTED-AS-IS,Field schema definition,P1+,docs/architecture/prototype-parity/,
field_9cd2572b0d6b,public/pulse-html-prototype.html,,field-schema,,,,,website,Field: Website name,Website name,,,website.name,,clinic-scoped-unless-stated,,review-required,,,,,PLANNED,PLANNED,NOT-STARTED,NOT-STARTED,NOT-STARTED,ADOPTED-AS-IS,Field schema definition,P1+,docs/architecture/prototype-parity/,
field_ebf9ffc488f5,public/pulse-html-prototype.html,,field-schema,,,,,website,Field: URL,URL,,,website.url,,clinic-scoped-unless-stated,,review-required,,,,,PLANNED,PLANNED,NOT-STARTED,NOT-STARTED,NOT-STARTED,ADOPTED-AS-IS,Field schema definition,P1+,docs/architecture/prototype-parity/,
field_8b7552862a9f,public/pulse-html-prototype.html,,field-schema,,,,,website,Field: Expected page text,Expected page text,,,website.expectedText,,clinic-scoped-unless-stated,,review-required,,,,,PLANNED,PLANNED,NOT-STARTED,NOT-STARTED,NOT-STARTED,ADOPTED-AS-IS,Field schema definition,P1+,docs/architecture/prototype-parity/,
field_2e142288c8d5,public/pulse-html-prototype.html,,field-schema,,,,,website,Field: SSL expiry date,SSL expiry date,,,website.sslExpiry,,clinic-scoped-unless-stated,,review-required,,,,,PLANNED,PLANNED,NOT-STARTED,NOT-STARTED,NOT-STARTED,ADOPTED-AS-IS,Field schema definition,P1+,docs/architecture/prototype-parity/,
field_72701e6f8765,public/pulse-html-prototype.html,,field-schema,,,,,website,Field: Owner,Owner,,,website.owner,,clinic-scoped-unless-stated,,review-required,,,,,PLANNED,PLANNED,NOT-STARTED,NOT-STARTED,NOT-STARTED,ADOPTED-AS-IS,Field schema definition,P1+,docs/architecture/prototype-parity/,
field_4c91e1bec502,public/pulse-html-prototype.html,,field-schema,,,,,website,Field: Status,Status,,,website.status,,clinic-scoped-unless-stated,,review-required,,,,,PLANNED,PLANNED,NOT-STARTED,NOT-STARTED,NOT-STARTED,ADOPTED-AS-IS,Field schema definition,P1+,docs/architecture/prototype-parity/,
field_d7058ab5731f,public/pulse-html-prototype.html,,field-schema,,,,,accreditation,Field: Evidence title,Evidence title,,,accreditation.title,,clinic-scoped-unless-stated,,review-required,,,,,PLANNED,PLANNED,NOT-STARTED,NOT-STARTED,NOT-STARTED,ADOPTED-AS-IS,Field schema definition,P1+,docs/architecture/prototype-parity/,
field_64e5056d671c,public/pulse-html-prototype.html,,field-schema,,,,,accreditation,Field: Location,Location,,,accreditation.location,,clinic-scoped-unless-stated,,review-required,,,,,PLANNED,PLANNED,NOT-STARTED,NOT-STARTED,NOT-STARTED,ADOPTED-AS-IS,Field schema definition,P1+,docs/architecture/prototype-parity/,
field_68865de47bda,public/pulse-html-prototype.html,,field-schema,,,,,accreditation,Field: Standard / criterion,Standard / criterion,,,accreditation.standard,,clinic-scoped-unless-stated,,review-required,,,,,PLANNED,PLANNED,NOT-STARTED,NOT-STARTED,NOT-STARTED,ADOPTED-AS-IS,Field schema definition,P1+,docs/architecture/prototype-parity/,
field_7dc13719ab83,public/pulse-html-prototype.html,,field-schema,,,,,accreditation,Field: Owner,Owner,,,accreditation.owner,,clinic-scoped-unless-stated,,review-required,,,,,PLANNED,PLANNED,NOT-STARTED,NOT-STARTED,NOT-STARTED,ADOPTED-AS-IS,Field schema definition,P1+,docs/architecture/prototype-parity/,
field_ff703379c0f3,public/pulse-html-prototype.html,,field-schema,,,,,accreditation,Field: Due date,Due date,,,accreditation.dueDate,,clinic-scoped-unless-stated,,review-required,,,,,PLANNED,PLANNED,NOT-STARTED,NOT-STARTED,NOT-STARTED,ADOPTED-AS-IS,Field schema definition,P1+,docs/architecture/prototype-parity/,
field_8b59cb730b93,public/pulse-html-prototype.html,,field-schema,,,,,accreditation,Field: Review date,Review date,,,accreditation.reviewDate,,clinic-scoped-unless-stated,,review-required,,,,,PLANNED,PLANNED,NOT-STARTED,NOT-STARTED,NOT-STARTED,ADOPTED-AS-IS,Field schema definition,P1+,docs/architecture/prototype-parity/,
field_383d32cf950b,public/pulse-html-prototype.html,,field-schema,,,,,accreditation,Field: Status,Status,,,accreditation.status,,clinic-scoped-unless-stated,,review-required,,,,,PLANNED,PLANNED,NOT-STARTED,NOT-STARTED,NOT-STARTED,ADOPTED-AS-IS,Field schema definition,P1+,docs/architecture/prototype-parity/,
field_6cf785ec803f,public/pulse-html-prototype.html,,field-schema,,,,,qi,Field: QI activity,QI activity,,,qi.title,,clinic-scoped-unless-stated,,review-required,,,,,PLANNED,PLANNED,NOT-STARTED,NOT-STARTED,NOT-STARTED,ADOPTED-AS-IS,Field schema definition,P1+,docs/architecture/prototype-parity/,
field_3446dd45a38d,public/pulse-html-prototype.html,,field-schema,,,,,qi,Field: QI area,QI area,,,qi.area,,clinic-scoped-unless-stated,,review-required,,,,,PLANNED,PLANNED,NOT-STARTED,NOT-STARTED,NOT-STARTED,ADOPTED-AS-IS,Field schema definition,P1+,docs/architecture/prototype-parity/,
field_8ebe271d5d4b,public/pulse-html-prototype.html,,field-schema,,,,,qi,Field: SMART goal,SMART goal,,,qi.goal,,clinic-scoped-unless-stated,,review-required,,,,,PLANNED,PLANNED,NOT-STARTED,NOT-STARTED,NOT-STARTED,ADOPTED-AS-IS,Field schema definition,P1+,docs/architecture/prototype-parity/,
field_4b61882b480f,public/pulse-html-prototype.html,,field-schema,,,,,qi,Field: Measure,Measure,,,qi.measure,,clinic-scoped-unless-stated,,review-required,,,,,PLANNED,PLANNED,NOT-STARTED,NOT-STARTED,NOT-STARTED,ADOPTED-AS-IS,Field schema definition,P1+,docs/architecture/prototype-parity/,
field_6a161a56f7f4,public/pulse-html-prototype.html,,field-schema,,,,,qi,Field: Lead,Lead,,,qi.owner,,clinic-scoped-unless-stated,,review-required,,,,,PLANNED,PLANNED,NOT-STARTED,NOT-STARTED,NOT-STARTED,ADOPTED-AS-IS,Field schema definition,P1+,docs/architecture/prototype-parity/,
field_2c367ce1d843,public/pulse-html-prototype.html,,field-schema,,,,,qi,Field: PDSA stage,PDSA stage,,,qi.status,,clinic-scoped-unless-stated,,review-required,,,,,PLANNED,PLANNED,NOT-STARTED,NOT-STARTED,NOT-STARTED,ADOPTED-AS-IS,Field schema definition,P1+,docs/architecture/prototype-parity/,
field_0f17b5255e48,public/pulse-html-prototype.html,,field-schema,,,,,policies,Field: Policy title,Policy title,,,policies.title,,clinic-scoped-unless-stated,,review-required,,,,,PLANNED,PLANNED,NOT-STARTED,NOT-STARTED,NOT-STARTED,ADOPTED-AS-IS,Field schema definition,P1+,docs/architecture/prototype-parity/,
field_c1e9a4bb2849,public/pulse-html-prototype.html,,field-schema,,,,,policies,Field: Version,Version,,,policies.version,,clinic-scoped-unless-stated,,review-required,,,,,PLANNED,PLANNED,NOT-STARTED,NOT-STARTED,NOT-STARTED,ADOPTED-AS-IS,Field schema definition,P1+,docs/architecture/prototype-parity/,
field_b70f02ed4e59,public/pulse-html-prototype.html,,field-schema,,,,,policies,Field: Owner,Owner,,,policies.owner,,clinic-scoped-unless-stated,,review-required,,,,,PLANNED,PLANNED,NOT-STARTED,NOT-STARTED,NOT-STARTED,ADOPTED-AS-IS,Field schema definition,P1+,docs/architecture/prototype-parity/,
field_7d03a8827e03,public/pulse-html-prototype.html,,field-schema,,,,,policies,Field: Next review date,Next review date,,,policies.reviewDate,,clinic-scoped-unless-stated,,review-required,,,,,PLANNED,PLANNED,NOT-STARTED,NOT-STARTED,NOT-STARTED,ADOPTED-AS-IS,Field schema definition,P1+,docs/architecture/prototype-parity/,
field_ae71a512e978,public/pulse-html-prototype.html,,field-schema,,,,,policies,Field: Status,Status,,,policies.status,,clinic-scoped-unless-stated,,review-required,,,,,PLANNED,PLANNED,NOT-STARTED,NOT-STARTED,NOT-STARTED,ADOPTED-AS-IS,Field schema definition,P1+,docs/architecture/prototype-parity/,
field_e4c235130632,public/pulse-html-prototype.html,,field-schema,,,,,policies,Field: Document kind,Document kind,,,policies.documentKind,,clinic-scoped-unless-stated,,review-required,,,,,PLANNED,PLANNED,NOT-STARTED,NOT-STARTED,NOT-STARTED,ADOPTED-AS-IS,Field schema definition,P1+,docs/architecture/prototype-parity/,
field_9594e5a26cae,public/pulse-html-prototype.html,,field-schema,,,,,policies,Field: Effective date,Effective date,,,policies.effectiveDate,,clinic-scoped-unless-stated,,review-required,,,,,PLANNED,PLANNED,NOT-STARTED,NOT-STARTED,NOT-STARTED,ADOPTED-AS-IS,Field schema definition,P1+,docs/architecture/prototype-parity/,
field_66cf2476629f,public/pulse-html-prototype.html,,field-schema,,,,,policies,Field: Publish scope,Publish scope,,,policies.publishScope,,clinic-scoped-unless-stated,,review-required,,,,,PLANNED,PLANNED,NOT-STARTED,NOT-STARTED,NOT-STARTED,ADOPTED-AS-IS,Field schema definition,P1+,docs/architecture/prototype-parity/,
field_6e71badf3669,public/pulse-html-prototype.html,,field-schema,,,,,policies,Field: Published locations,Published locations,,,policies.publishedLocations,,clinic-scoped-unless-stated,,review-required,,,,,PLANNED,PLANNED,NOT-STARTED,NOT-STARTED,NOT-STARTED,ADOPTED-AS-IS,Field schema definition,P1+,docs/architecture/prototype-parity/,
field_55346f2f6128,public/pulse-html-prototype.html,,field-schema,,,,,policies,Field: Replication choice,Replication choice,,,policies.replicationChoice,,clinic-scoped-unless-stated,,review-required,,,,,PLANNED,PLANNED,NOT-STARTED,NOT-STARTED,NOT-STARTED,ADOPTED-AS-IS,Field schema definition,P1+,docs/architecture/prototype-parity/,
field_94bd6577fcae,public/pulse-html-prototype.html,,field-schema,,,,,policies,Field: Rollback / reissue reason,Rollback / reissue reason,,,policies.rollbackReason,,clinic-scoped-unless-stated,,review-required,,,,,PLANNED,PLANNED,NOT-STARTED,NOT-STARTED,NOT-STARTED,ADOPTED-AS-IS,Field schema definition,P1+,docs/architecture/prototype-parity/,
field_458c1edab338,public/pulse-html-prototype.html,,field-schema,,,,,memos,Field: Memo title,Memo title,,,memos.title,,clinic-scoped-unless-stated,,review-required,,,,,PLANNED,PLANNED,NOT-STARTED,NOT-STARTED,NOT-STARTED,ADOPTED-AS-IS,Field schema definition,P1+,docs/architecture/prototype-parity/,
field_b23cf0172211,public/pulse-html-prototype.html,,field-schema,,,,,memos,Field: Audience,Audience,,,memos.audience,,clinic-scoped-unless-stated,,review-required,,,,,PLANNED,PLANNED,NOT-STARTED,NOT-STARTED,NOT-STARTED,ADOPTED-AS-IS,Field schema definition,P1+,docs/architecture/prototype-parity/,
field_73383650c609,public/pulse-html-prototype.html,,field-schema,,,,,memos,Field: Mandatory acknowledgement,Mandatory acknowledgement,,,memos.mandatory,,clinic-scoped-unless-stated,,review-required,,,,,PLANNED,PLANNED,NOT-STARTED,NOT-STARTED,NOT-STARTED,ADOPTED-AS-IS,Field schema definition,P1+,docs/architecture/prototype-parity/,
field_08585aec0e50,public/pulse-html-prototype.html,,field-schema,,,,,memos,Field: Message,Message,,,memos.body,,clinic-scoped-unless-stated,,review-required,,,,,PLANNED,PLANNED,NOT-STARTED,NOT-STARTED,NOT-STARTED,ADOPTED-AS-IS,Field schema definition,P1+,docs/architecture/prototype-parity/,
field_70956e7ebc62,public/pulse-html-prototype.html,,field-schema,,,,,memos,Field: Status,Status,,,memos.status,,clinic-scoped-unless-stated,,review-required,,,,,PLANNED,PLANNED,NOT-STARTED,NOT-STARTED,NOT-STARTED,ADOPTED-AS-IS,Field schema definition,P1+,docs/architecture/prototype-parity/,
field_3d360353624a,public/pulse-html-prototype.html,,field-schema,,,,,commbook,Field: Note,Note,,,commbook.note,,clinic-scoped-unless-stated,,review-required,,,,,PLANNED,PLANNED,NOT-STARTED,NOT-STARTED,NOT-STARTED,ADOPTED-AS-IS,Field schema definition,P1+,docs/architecture/prototype-parity/,
field_6fd69e3c543b,public/pulse-html-prototype.html,,field-schema,,,,,commbook,Field: Location,Location,,,commbook.location,,clinic-scoped-unless-stated,,review-required,,,,,PLANNED,PLANNED,NOT-STARTED,NOT-STARTED,NOT-STARTED,ADOPTED-AS-IS,Field schema definition,P1+,docs/architecture/prototype-parity/,
field_a067d2f1db0d,public/pulse-html-prototype.html,,field-schema,,,,,commbook,Field: Visibility,Visibility,,,commbook.visibility,,clinic-scoped-unless-stated,,review-required,,,,,PLANNED,PLANNED,NOT-STARTED,NOT-STARTED,NOT-STARTED,ADOPTED-AS-IS,Field schema definition,P1+,docs/architecture/prototype-parity/,
field_5143be5ccbbe,public/pulse-html-prototype.html,,field-schema,,,,,commbook,Field: Status,Status,,,commbook.status,,clinic-scoped-unless-stated,,review-required,,,,,PLANNED,PLANNED,NOT-STARTED,NOT-STARTED,NOT-STARTED,ADOPTED-AS-IS,Field schema definition,P1+,docs/architecture/prototype-parity/,
field_5f953897069d,public/pulse-html-prototype.html,,field-schema,,,,,email,Field: Campaign name,Campaign name,,,email.name,,clinic-scoped-unless-stated,,review-required,,,,,PLANNED,PLANNED,NOT-STARTED,NOT-STARTED,NOT-STARTED,ADOPTED-AS-IS,Field schema definition,P1+,docs/architecture/prototype-parity/,
field_ea45c0ec52d9,public/pulse-html-prototype.html,,field-schema,,,,,email,Field: Audience / segment,Audience / segment,,,email.audience,,clinic-scoped-unless-stated,,review-required,,,,,PLANNED,PLANNED,NOT-STARTED,NOT-STARTED,NOT-STARTED,ADOPTED-AS-IS,Field schema definition,P1+,docs/architecture/prototype-parity/,
field_d1af195b2d95,public/pulse-html-prototype.html,,field-schema,,,,,email,Field: Subject,Subject,,,email.subject,,clinic-scoped-unless-stated,,review-required,,,,,PLANNED,PLANNED,NOT-STARTED,NOT-STARTED,NOT-STARTED,ADOPTED-AS-IS,Field schema definition,P1+,docs/architecture/prototype-parity/,
field_f9b5c6977263,public/pulse-html-prototype.html,,field-schema,,,,,email,Field: Email body,Email body,,,email.body,,clinic-scoped-unless-stated,,review-required,,,,,PLANNED,PLANNED,NOT-STARTED,NOT-STARTED,NOT-STARTED,ADOPTED-AS-IS,Field schema definition,P1+,docs/architecture/prototype-parity/,
field_c83f5c3eca23,public/pulse-html-prototype.html,,field-schema,,,,,email,Field: Scheduled date,Scheduled date,,,email.scheduledAt,,clinic-scoped-unless-stated,,review-required,,,,,PLANNED,PLANNED,NOT-STARTED,NOT-STARTED,NOT-STARTED,ADOPTED-AS-IS,Field schema definition,P1+,docs/architecture/prototype-parity/,
field_b7501bad6e1e,public/pulse-html-prototype.html,,field-schema,,,,,email,Field: Status,Status,,,email.status,,clinic-scoped-unless-stated,,review-required,,,,,PLANNED,PLANNED,NOT-STARTED,NOT-STARTED,NOT-STARTED,ADOPTED-AS-IS,Field schema definition,P1+,docs/architecture/prototype-parity/,
field_6cf51589fc19,public/pulse-html-prototype.html,,field-schema,,,,,sms,Field: SMS campaign name,SMS campaign name,,,sms.name,,clinic-scoped-unless-stated,,review-required,,,,,PLANNED,PLANNED,NOT-STARTED,NOT-STARTED,NOT-STARTED,ADOPTED-AS-IS,Field schema definition,P1+,docs/architecture/prototype-parity/,
field_279787ff68cc,public/pulse-html-prototype.html,,field-schema,,,,,sms,Field: Audience / segment,Audience / segment,,,sms.audience,,clinic-scoped-unless-stated,,review-required,,,,,PLANNED,PLANNED,NOT-STARTED,NOT-STARTED,NOT-STARTED,ADOPTED-AS-IS,Field schema definition,P1+,docs/architecture/prototype-parity/,
field_d716fad66039,public/pulse-html-prototype.html,,field-schema,,,,,sms,Field: SMS message,SMS message,,,sms.message,,clinic-scoped-unless-stated,,review-required,,,,,PLANNED,PLANNED,NOT-STARTED,NOT-STARTED,NOT-STARTED,ADOPTED-AS-IS,Field schema definition,P1+,docs/architecture/prototype-parity/,
field_f4ad11084c78,public/pulse-html-prototype.html,,field-schema,,,,,sms,Field: Scheduled date,Scheduled date,,,sms.scheduledAt,,clinic-scoped-unless-stated,,review-required,,,,,PLANNED,PLANNED,NOT-STARTED,NOT-STARTED,NOT-STARTED,ADOPTED-AS-IS,Field schema definition,P1+,docs/architecture/prototype-parity/,
field_0bc6e4c76a3e,public/pulse-html-prototype.html,,field-schema,,,,,sms,Field: Status,Status,,,sms.status,,clinic-scoped-unless-stated,,review-required,,,,,PLANNED,PLANNED,NOT-STARTED,NOT-STARTED,NOT-STARTED,ADOPTED-AS-IS,Field schema definition,P1+,docs/architecture/prototype-parity/,
field_6a85f0596316,public/pulse-html-prototype.html,,field-schema,,,,,noticeboards,Field: Notice title,Notice title,,,noticeboards.title,,clinic-scoped-unless-stated,,review-required,,,,,PLANNED,PLANNED,NOT-STARTED,NOT-STARTED,NOT-STARTED,ADOPTED-AS-IS,Field schema definition,P1+,docs/architecture/prototype-parity/,
field_467447166bee,public/pulse-html-prototype.html,,field-schema,,,,,noticeboards,Field: Screen / location,Screen / location,,,noticeboards.screen,,clinic-scoped-unless-stated,,review-required,,,,,PLANNED,PLANNED,NOT-STARTED,NOT-STARTED,NOT-STARTED,ADOPTED-AS-IS,Field schema definition,P1+,docs/architecture/prototype-parity/,
field_39c9d857166c,public/pulse-html-prototype.html,,field-schema,,,,,noticeboards,Field: Content,Content,,,noticeboards.content,,clinic-scoped-unless-stated,,review-required,,,,,PLANNED,PLANNED,NOT-STARTED,NOT-STARTED,NOT-STARTED,ADOPTED-AS-IS,Field schema definition,P1+,docs/architecture/prototype-parity/,
field_7b2340b16364,public/pulse-html-prototype.html,,field-schema,,,,,noticeboards,Field: Status,Status,,,noticeboards.status,,clinic-scoped-unless-stated,,review-required,,,,,PLANNED,PLANNED,NOT-STARTED,NOT-STARTED,NOT-STARTED,ADOPTED-AS-IS,Field schema definition,P1+,docs/architecture/prototype-parity/,
field_57a7a5240b74,public/pulse-html-prototype.html,,field-schema,,,,,remote,Field: System / device,System / device,,,remote.system,,clinic-scoped-unless-stated,,review-required,,,,,PLANNED,PLANNED,NOT-STARTED,NOT-STARTED,NOT-STARTED,ADOPTED-AS-IS,Field schema definition,P1+,docs/architecture/prototype-parity/,
field_4a5a5051949b,public/pulse-html-prototype.html,,field-schema,,,,,remote,Field: Requesting user,Requesting user,,,remote.user,,clinic-scoped-unless-stated,,review-required,,,,,PLANNED,PLANNED,NOT-STARTED,NOT-STARTED,NOT-STARTED,ADOPTED-AS-IS,Field schema definition,P1+,docs/architecture/prototype-parity/,
field_9ae84c0eb14a,public/pulse-html-prototype.html,,field-schema,,,,,remote,Field: Reason,Reason,,,remote.reason,,clinic-scoped-unless-stated,,review-required,,,,,PLANNED,PLANNED,NOT-STARTED,NOT-STARTED,NOT-STARTED,ADOPTED-AS-IS,Field schema definition,P1+,docs/architecture/prototype-parity/,
field_b0c04a4ab7b1,public/pulse-html-prototype.html,,field-schema,,,,,remote,Field: Access expiry,Access expiry,,,remote.expiresAt,,clinic-scoped-unless-stated,,review-required,,,,,PLANNED,PLANNED,NOT-STARTED,NOT-STARTED,NOT-STARTED,ADOPTED-AS-IS,Field schema definition,P1+,docs/architecture/prototype-parity/,
field_b483d9d4c01c,public/pulse-html-prototype.html,,field-schema,,,,,remote,Field: Status,Status,,,remote.status,,clinic-scoped-unless-stated,,review-required,,,,,PLANNED,PLANNED,NOT-STARTED,NOT-STARTED,NOT-STARTED,ADOPTED-AS-IS,Field schema definition,P1+,docs/architecture/prototype-parity/,
field_b93a01a00a99,public/pulse-html-prototype.html,,field-schema,,,,,vault,Field: System,System,,,vault.system,,clinic-scoped-unless-stated,,review-required,,,,,PLANNED,PLANNED,NOT-STARTED,NOT-STARTED,NOT-STARTED,ADOPTED-AS-IS,Field schema definition,P1+,docs/architecture/prototype-parity/,
field_c89420e19167,public/pulse-html-prototype.html,,field-schema,,,,,vault,Field: Username,Username,,,vault.username,,clinic-scoped-unless-stated,,review-required,,,,,PLANNED,PLANNED,NOT-STARTED,NOT-STARTED,NOT-STARTED,ADOPTED-AS-IS,Field schema definition,P1+,docs/architecture/prototype-parity/,
field_9135e9b1d081,public/pulse-html-prototype.html,,field-schema,,,,,vault,Field: Secret,Secret,,,vault.secret,,clinic-scoped-unless-stated,,review-required,,,,,PLANNED,PLANNED,NOT-STARTED,NOT-STARTED,NOT-STARTED,ADOPTED-AS-IS,Field schema definition,P1+,docs/architecture/prototype-parity/,
field_5e219ebfbe5e,public/pulse-html-prototype.html,,field-schema,,,,,vault,Field: Owner,Owner,,,vault.owner,,clinic-scoped-unless-stated,,review-required,,,,,PLANNED,PLANNED,NOT-STARTED,NOT-STARTED,NOT-STARTED,ADOPTED-AS-IS,Field schema definition,P1+,docs/architecture/prototype-parity/,
field_b4065a46c9af,public/pulse-html-prototype.html,,field-schema,,,,,vault,Field: Review date,Review date,,,vault.reviewDate,,clinic-scoped-unless-stated,,review-required,,,,,PLANNED,PLANNED,NOT-STARTED,NOT-STARTED,NOT-STARTED,ADOPTED-AS-IS,Field schema definition,P1+,docs/architecture/prototype-parity/,
field_f10a3f82c162,public/pulse-html-prototype.html,,field-schema,,,,,vault,Field: Status,Status,,,vault.status,,clinic-scoped-unless-stated,,review-required,,,,,PLANNED,PLANNED,NOT-STARTED,NOT-STARTED,NOT-STARTED,ADOPTED-AS-IS,Field schema definition,P1+,docs/architecture/prototype-parity/,
field_4eac35785c34,public/pulse-html-prototype.html,,field-schema,,,,,cameras,Field: Location,Location,,,cameras.location,,clinic-scoped-unless-stated,,review-required,,,,,PLANNED,PLANNED,NOT-STARTED,NOT-STARTED,NOT-STARTED,ADOPTED-AS-IS,Field schema definition,P1+,docs/architecture/prototype-parity/,
field_1418af18fb05,public/pulse-html-prototype.html,,field-schema,,,,,cameras,Field: Camera zone,Camera zone,,,cameras.zone,,clinic-scoped-unless-stated,,review-required,,,,,PLANNED,PLANNED,NOT-STARTED,NOT-STARTED,NOT-STARTED,ADOPTED-AS-IS,Field schema definition,P1+,docs/architecture/prototype-parity/,
field_48e7e86d31f0,public/pulse-html-prototype.html,,field-schema,,,,,cameras,Field: Requester,Requester,,,cameras.requester,,clinic-scoped-unless-stated,,review-required,,,,,PLANNED,PLANNED,NOT-STARTED,NOT-STARTED,NOT-STARTED,ADOPTED-AS-IS,Field schema definition,P1+,docs/architecture/prototype-parity/,
field_cbdec83b6af9,public/pulse-html-prototype.html,,field-schema,,,,,cameras,Field: Access type,Access type,,,cameras.accessType,,clinic-scoped-unless-stated,,review-required,,,,,PLANNED,PLANNED,NOT-STARTED,NOT-STARTED,NOT-STARTED,ADOPTED-AS-IS,Field schema definition,P1+,docs/architecture/prototype-parity/,
field_e64a9117aada,public/pulse-html-prototype.html,,field-schema,,,,,cameras,Field: Reason,Reason,,,cameras.reason,,clinic-scoped-unless-stated,,review-required,,,,,PLANNED,PLANNED,NOT-STARTED,NOT-STARTED,NOT-STARTED,ADOPTED-AS-IS,Field schema definition,P1+,docs/architecture/prototype-parity/,
field_498818234de9,public/pulse-html-prototype.html,,field-schema,,,,,cameras,Field: Status,Status,,,cameras.status,,clinic-scoped-unless-stated,,review-required,,,,,PLANNED,PLANNED,NOT-STARTED,NOT-STARTED,NOT-STARTED,ADOPTED-AS-IS,Field schema definition,P1+,docs/architecture/prototype-parity/,
field_eaff3d2728bb,public/pulse-html-prototype.html,,field-schema,,,,,printers,Field: Printer name,Printer name,,,printers.name,,clinic-scoped-unless-stated,,review-required,,,,,PLANNED,PLANNED,NOT-STARTED,NOT-STARTED,NOT-STARTED,ADOPTED-AS-IS,Field schema definition,P1+,docs/architecture/prototype-parity/,
field_2613be94884b,public/pulse-html-prototype.html,,field-schema,,,,,printers,Field: Location,Location,,,printers.location,,clinic-scoped-unless-stated,,review-required,,,,,PLANNED,PLANNED,NOT-STARTED,NOT-STARTED,NOT-STARTED,ADOPTED-AS-IS,Field schema definition,P1+,docs/architecture/prototype-parity/,
field_c4401ad5c470,public/pulse-html-prototype.html,,field-schema,,,,,printers,Field: Brand,Brand,,,printers.brand,,clinic-scoped-unless-stated,,review-required,,,,,PLANNED,PLANNED,NOT-STARTED,NOT-STARTED,NOT-STARTED,ADOPTED-AS-IS,Field schema definition,P1+,docs/architecture/prototype-parity/,
field_86b1d1adb730,public/pulse-html-prototype.html,,field-schema,,,,,printers,Field: Model,Model,,,printers.model,,clinic-scoped-unless-stated,,review-required,,,,,PLANNED,PLANNED,NOT-STARTED,NOT-STARTED,NOT-STARTED,ADOPTED-AS-IS,Field schema definition,P1+,docs/architecture/prototype-parity/,
field_a42ed67c0d17,public/pulse-html-prototype.html,,field-schema,,,,,printers,Field: IP address,IP address,,,printers.ipAddress,,clinic-scoped-unless-stated,,review-required,,,,,PLANNED,PLANNED,NOT-STARTED,NOT-STARTED,NOT-STARTED,ADOPTED-AS-IS,Field schema definition,P1+,docs/architecture/prototype-parity/,
field_62af04301933,public/pulse-html-prototype.html,,field-schema,,,,,printers,Field: Room / area,Room / area,,,printers.room,,clinic-scoped-unless-stated,,review-required,,,,,PLANNED,PLANNED,NOT-STARTED,NOT-STARTED,NOT-STARTED,ADOPTED-AS-IS,Field schema definition,P1+,docs/architecture/prototype-parity/,
field_2fb9777a4023,public/pulse-html-prototype.html,,field-schema,,,,,printers,Field: Serial number,Serial number,,,printers.serial,,clinic-scoped-unless-stated,,review-required,,,,,PLANNED,PLANNED,NOT-STARTED,NOT-STARTED,NOT-STARTED,ADOPTED-AS-IS,Field schema definition,P1+,docs/architecture/prototype-parity/,
field_4c6679ba58cc,public/pulse-html-prototype.html,,field-schema,,,,,printers,Field: Mono counter,Mono counter,,,printers.counterMono,,clinic-scoped-unless-stated,,review-required,,,,,PLANNED,PLANNED,NOT-STARTED,NOT-STARTED,NOT-STARTED,ADOPTED-AS-IS,Field schema definition,P1+,docs/architecture/prototype-parity/,
field_951f6420541c,public/pulse-html-prototype.html,,field-schema,,,,,printers,Field: Colour counter,Colour counter,,,printers.counterColour,,clinic-scoped-unless-stated,,review-required,,,,,PLANNED,PLANNED,NOT-STARTED,NOT-STARTED,NOT-STARTED,ADOPTED-AS-IS,Field schema definition,P1+,docs/architecture/prototype-parity/,
field_4f1d05499e3e,public/pulse-html-prototype.html,,field-schema,,,,,printers,Field: Black toner %,Black toner %,,,printers.tonerBlack,,clinic-scoped-unless-stated,,review-required,,,,,PLANNED,PLANNED,NOT-STARTED,NOT-STARTED,NOT-STARTED,ADOPTED-AS-IS,Field schema definition,P1+,docs/architecture/prototype-parity/,
field_0fe1144be805,public/pulse-html-prototype.html,,field-schema,,,,,printers,Field: Colour toner %,Colour toner %,,,printers.tonerColour,,clinic-scoped-unless-stated,,review-required,,,,,PLANNED,PLANNED,NOT-STARTED,NOT-STARTED,NOT-STARTED,ADOPTED-AS-IS,Field schema definition,P1+,docs/architecture/prototype-parity/,
field_ac14d19af563,public/pulse-html-prototype.html,,field-schema,,,,,printers,Field: Service / lease review date,Service / lease review date,,,printers.serviceDue,,clinic-scoped-unless-stated,,review-required,,,,,PLANNED,PLANNED,NOT-STARTED,NOT-STARTED,NOT-STARTED,ADOPTED-AS-IS,Field schema definition,P1+,docs/architecture/prototype-parity/,
field_dfa85366a658,public/pulse-html-prototype.html,,field-schema,,,,,printers,Field: Supplier / service contact,Supplier / service contact,,,printers.supplier,,clinic-scoped-unless-stated,,review-required,,,,,PLANNED,PLANNED,NOT-STARTED,NOT-STARTED,NOT-STARTED,ADOPTED-AS-IS,Field schema definition,P1+,docs/architecture/prototype-parity/,
field_2f9f6a182b31,public/pulse-html-prototype.html,,field-schema,,,,,printers,Field: Status,Status,,,printers.status,,clinic-scoped-unless-stated,,review-required,,,,,PLANNED,PLANNED,NOT-STARTED,NOT-STARTED,NOT-STARTED,ADOPTED-AS-IS,Field schema definition,P1+,docs/architecture/prototype-parity/,
field_d70b557ca8a8,public/pulse-html-prototype.html,,field-schema,,,,,ticketing,Field: Issue / work order title,Issue / work order title,,,ticketing.title,,clinic-scoped-unless-stated,,review-required,,,,,PLANNED,PLANNED,NOT-STARTED,NOT-STARTED,NOT-STARTED,ADOPTED-AS-IS,Field schema definition,P1+,docs/architecture/prototype-parity/,
field_a796531383e9,public/pulse-html-prototype.html,,field-schema,,,,,ticketing,Field: Location,Location,,,ticketing.location,,clinic-scoped-unless-stated,,review-required,,,,,PLANNED,PLANNED,NOT-STARTED,NOT-STARTED,NOT-STARTED,ADOPTED-AS-IS,Field schema definition,P1+,docs/architecture/prototype-parity/,
field_16772482d1b7,public/pulse-html-prototype.html,,field-schema,,,,,ticketing,Field: Requester name / role,Requester name / role,,,ticketing.requester,,clinic-scoped-unless-stated,,review-required,,,,,PLANNED,PLANNED,NOT-STARTED,NOT-STARTED,NOT-STARTED,ADOPTED-AS-IS,Field schema definition,P1+,docs/architecture/prototype-parity/,
field_473664ddd26d,public/pulse-html-prototype.html,,field-schema,,,,,ticketing,Field: Category,Category,,,ticketing.category,,clinic-scoped-unless-stated,,review-required,,,,,PLANNED,PLANNED,NOT-STARTED,NOT-STARTED,NOT-STARTED,ADOPTED-AS-IS,Field schema definition,P1+,docs/architecture/prototype-parity/,
field_c0975347de67,public/pulse-html-prototype.html,,field-schema,,,,,ticketing,Field: Priority,Priority,,,ticketing.priority,,clinic-scoped-unless-stated,,review-required,,,,,PLANNED,PLANNED,NOT-STARTED,NOT-STARTED,NOT-STARTED,ADOPTED-AS-IS,Field schema definition,P1+,docs/architecture/prototype-parity/,
field_b204d5db3c5b,public/pulse-html-prototype.html,,field-schema,,,,,ticketing,Field: Asset ID / QR code,Asset ID / QR code,,,ticketing.assetId,,clinic-scoped-unless-stated,,review-required,,,,,PLANNED,PLANNED,NOT-STARTED,NOT-STARTED,NOT-STARTED,ADOPTED-AS-IS,Field schema definition,P1+,docs/architecture/prototype-parity/,
field_56ea73700eee,public/pulse-html-prototype.html,,field-schema,,,,,ticketing,Field: Public/clinical area affected,Public/clinical area affected,,,ticketing.publicAreaAffected,,clinic-scoped-unless-stated,,review-required,,,,,PLANNED,PLANNED,NOT-STARTED,NOT-STARTED,NOT-STARTED,ADOPTED-AS-IS,Field schema definition,P1+,docs/architecture/prototype-parity/,
field_a00ed5b9e0db,public/pulse-html-prototype.html,,field-schema,,,,,ticketing,Field: Infection control hazard,Infection control hazard,,,ticketing.infectionControl,,clinic-scoped-unless-stated,,review-required,,,,,PLANNED,PLANNED,NOT-STARTED,NOT-STARTED,NOT-STARTED,ADOPTED-AS-IS,Field schema definition,P1+,docs/architecture/prototype-parity/,
field_d1d80bdc9739,public/pulse-html-prototype.html,,field-schema,,,,,ticketing,Field: Assigned internal person / contractor,Assigned internal person / contractor,,,ticketing.assignedTo,,clinic-scoped-unless-stated,,review-required,,,,,PLANNED,PLANNED,NOT-STARTED,NOT-STARTED,NOT-STARTED,ADOPTED-AS-IS,Field schema definition,P1+,docs/architecture/prototype-parity/,
field_0eaa92789f61,public/pulse-html-prototype.html,,field-schema,,,,,ticketing,Field: Due date,Due date,,,ticketing.dueDate,,clinic-scoped-unless-stated,,review-required,,,,,PLANNED,PLANNED,NOT-STARTED,NOT-STARTED,NOT-STARTED,ADOPTED-AS-IS,Field schema definition,P1+,docs/architecture/prototype-parity/,
field_c42d736d52cf,public/pulse-html-prototype.html,,field-schema,,,,,ticketing,Field: Description,Description,,,ticketing.description,,clinic-scoped-unless-stated,,review-required,,,,,PLANNED,PLANNED,NOT-STARTED,NOT-STARTED,NOT-STARTED,ADOPTED-AS-IS,Field schema definition,P1+,docs/architecture/prototype-parity/,
field_ebe6ef4d4460,public/pulse-html-prototype.html,,field-schema,,,,,ticketing,Field: Completion evidence / attachment reference,Completion evidence / attachment reference,,,ticketing.completionEvidence,,clinic-scoped-unless-stated,,review-required,,,,,PLANNED,PLANNED,NOT-STARTED,NOT-STARTED,NOT-STARTED,ADOPTED-AS-IS,Field schema definition,P1+,docs/architecture/prototype-parity/,
field_bd8de44ad006,public/pulse-html-prototype.html,,field-schema,,,,,ticketing,Field: Status,Status,,,ticketing.status,,clinic-scoped-unless-stated,,review-required,,,,,PLANNED,PLANNED,NOT-STARTED,NOT-STARTED,NOT-STARTED,ADOPTED-AS-IS,Field schema definition,P1+,docs/architecture/prototype-parity/,
field_345b7d0d1994,public/pulse-html-prototype.html,,field-schema,,,,,finance,Field: Supplier,Supplier,,,finance.supplier,,clinic-scoped-unless-stated,,review-required,,,,,PLANNED,PLANNED,NOT-STARTED,NOT-STARTED,NOT-STARTED,ADOPTED-AS-IS,Field schema definition,P1+,docs/architecture/prototype-parity/,
field_53c379ef07fc,public/pulse-html-prototype.html,,field-schema,,,,,finance,Field: Location,Location,,,finance.location,,clinic-scoped-unless-stated,,review-required,,,,,PLANNED,PLANNED,NOT-STARTED,NOT-STARTED,NOT-STARTED,ADOPTED-AS-IS,Field schema definition,P1+,docs/architecture/prototype-parity/,
field_783219b3d0ec,public/pulse-html-prototype.html,,field-schema,,,,,finance,Field: Invoice number,Invoice number,,,finance.invoiceNumber,,clinic-scoped-unless-stated,,review-required,,,,,PLANNED,PLANNED,NOT-STARTED,NOT-STARTED,NOT-STARTED,ADOPTED-AS-IS,Field schema definition,P1+,docs/architecture/prototype-parity/,
field_db7686cf0c28,public/pulse-html-prototype.html,,field-schema,,,,,finance,Field: Invoice date,Invoice date,,,finance.invoiceDate,,clinic-scoped-unless-stated,,review-required,,,,,PLANNED,PLANNED,NOT-STARTED,NOT-STARTED,NOT-STARTED,ADOPTED-AS-IS,Field schema definition,P1+,docs/architecture/prototype-parity/,
field_bc199137fc51,public/pulse-html-prototype.html,,field-schema,,,,,finance,Field: Total inc GST,Total inc GST,,,finance.total,,clinic-scoped-unless-stated,,review-required,,,,,PLANNED,PLANNED,NOT-STARTED,NOT-STARTED,NOT-STARTED,ADOPTED-AS-IS,Field schema definition,P1+,docs/architecture/prototype-parity/,
field_ad48ca3a641a,public/pulse-html-prototype.html,,field-schema,,,,,finance,Field: GST amount,GST amount,,,finance.gst,,clinic-scoped-unless-stated,,review-required,,,,,PLANNED,PLANNED,NOT-STARTED,NOT-STARTED,NOT-STARTED,ADOPTED-AS-IS,Field schema definition,P1+,docs/architecture/prototype-parity/,
field_83d04bacadf6,public/pulse-html-prototype.html,,field-schema,,,,,finance,Field: Category,Category,,,finance.category,,clinic-scoped-unless-stated,,review-required,,,,,PLANNED,PLANNED,NOT-STARTED,NOT-STARTED,NOT-STARTED,ADOPTED-AS-IS,Field schema definition,P1+,docs/architecture/prototype-parity/,
field_0cd106ce12e9,public/pulse-html-prototype.html,,field-schema,,,,,finance,Field: OCR / review status,OCR / review status,,,finance.ocrStatus,,clinic-scoped-unless-stated,,review-required,,,,,PLANNED,PLANNED,NOT-STARTED,NOT-STARTED,NOT-STARTED,ADOPTED-AS-IS,Field schema definition,P1+,docs/architecture/prototype-parity/,
field_7da6f8e4063d,public/pulse-html-prototype.html,,field-schema,,,,,finance,Field: Invoice line items / OCR text,Invoice line items / OCR text,,,finance.lineItems,,clinic-scoped-unless-stated,,review-required,,,,,PLANNED,PLANNED,NOT-STARTED,NOT-STARTED,NOT-STARTED,ADOPTED-AS-IS,Field schema definition,P1+,docs/architecture/prototype-parity/,
field_fc3166fc809a,public/pulse-html-prototype.html,,field-schema,,,,,finance,Field: Approval threshold flag,Approval threshold flag,,,finance.approvalThreshold,,clinic-scoped-unless-stated,,review-required,,,,,PLANNED,PLANNED,NOT-STARTED,NOT-STARTED,NOT-STARTED,ADOPTED-AS-IS,Field schema definition,P1+,docs/architecture/prototype-parity/,
field_e831ea32d367,public/pulse-html-prototype.html,,field-schema,,,,,finance,Field: Status,Status,,,finance.status,,clinic-scoped-unless-stated,,review-required,,,,,PLANNED,PLANNED,NOT-STARTED,NOT-STARTED,NOT-STARTED,ADOPTED-AS-IS,Field schema definition,P1+,docs/architecture/prototype-parity/,
field_dacde751ccf8,public/pulse-html-prototype.html,,field-schema,,,,,leave,Field: Staff member,Staff member,,,leave.staffName,,clinic-scoped-unless-stated,,review-required,,,,,PLANNED,PLANNED,NOT-STARTED,NOT-STARTED,NOT-STARTED,ADOPTED-AS-IS,Field schema definition,P1+,docs/architecture/prototype-parity/,
field_85a85def9671,public/pulse-html-prototype.html,,field-schema,,,,,leave,Field: Role,Role,,,leave.role,,clinic-scoped-unless-stated,,review-required,,,,,PLANNED,PLANNED,NOT-STARTED,NOT-STARTED,NOT-STARTED,ADOPTED-AS-IS,Field schema definition,P1+,docs/architecture/prototype-parity/,
field_eeaab4c74096,public/pulse-html-prototype.html,,field-schema,,,,,leave,Field: Usual location,Usual location,,,leave.location,,clinic-scoped-unless-stated,,review-required,,,,,PLANNED,PLANNED,NOT-STARTED,NOT-STARTED,NOT-STARTED,ADOPTED-AS-IS,Field schema definition,P1+,docs/architecture/prototype-parity/,
field_bf4035ecfc70,public/pulse-html-prototype.html,,field-schema,,,,,leave,Field: Type,Type,,,leave.leaveType,,clinic-scoped-unless-stated,,review-required,,,,,PLANNED,PLANNED,NOT-STARTED,NOT-STARTED,NOT-STARTED,ADOPTED-AS-IS,Field schema definition,P1+,docs/architecture/prototype-parity/,
field_434254a9ba3a,public/pulse-html-prototype.html,,field-schema,,,,,leave,Field: From,From,,,leave.from,,clinic-scoped-unless-stated,,review-required,,,,,PLANNED,PLANNED,NOT-STARTED,NOT-STARTED,NOT-STARTED,ADOPTED-AS-IS,Field schema definition,P1+,docs/architecture/prototype-parity/,
field_9846bd82fb1a,public/pulse-html-prototype.html,,field-schema,,,,,leave,Field: To,To,,,leave.to,,clinic-scoped-unless-stated,,review-required,,,,,PLANNED,PLANNED,NOT-STARTED,NOT-STARTED,NOT-STARTED,ADOPTED-AS-IS,Field schema definition,P1+,docs/architecture/prototype-parity/,
field_c92819e285ed,public/pulse-html-prototype.html,,field-schema,,,,,leave,Field: Available leave balance hours,Available leave balance hours,,,leave.balanceHours,,clinic-scoped-unless-stated,,review-required,,,,,PLANNED,PLANNED,NOT-STARTED,NOT-STARTED,NOT-STARTED,ADOPTED-AS-IS,Field schema definition,P1+,docs/architecture/prototype-parity/,
field_fba3ec3796b6,public/pulse-html-prototype.html,,field-schema,,,,,leave,Field: Requested hours,Requested hours,,,leave.requestedHours,,clinic-scoped-unless-stated,,review-required,,,,,PLANNED,PLANNED,NOT-STARTED,NOT-STARTED,NOT-STARTED,ADOPTED-AS-IS,Field schema definition,P1+,docs/architecture/prototype-parity/,
field_1fa91fb59d8e,public/pulse-html-prototype.html,,field-schema,,,,,leave,Field: Covering person / doctor,Covering person / doctor,,,leave.coveringPerson,,clinic-scoped-unless-stated,,review-required,,,,,PLANNED,PLANNED,NOT-STARTED,NOT-STARTED,NOT-STARTED,ADOPTED-AS-IS,Field schema definition,P1+,docs/architecture/prototype-parity/,
field_1d35e6e6a9ea,public/pulse-html-prototype.html,,field-schema,,,,,leave,Field: Reason / note,Reason / note,,,leave.reason,,clinic-scoped-unless-stated,,review-required,,,,,PLANNED,PLANNED,NOT-STARTED,NOT-STARTED,NOT-STARTED,ADOPTED-AS-IS,Field schema definition,P1+,docs/architecture/prototype-parity/,
field_5a14c72a5d95,public/pulse-html-prototype.html,,field-schema,,,,,leave,Field: Status,Status,,,leave.status,,clinic-scoped-unless-stated,,review-required,,,,,PLANNED,PLANNED,NOT-STARTED,NOT-STARTED,NOT-STARTED,ADOPTED-AS-IS,Field schema definition,P1+,docs/architecture/prototype-parity/,
field_bf15638fa193,public/pulse-html-prototype.html,,field-schema,,,,,shiftswap,Field: Original staff member,Original staff member,,,shiftswap.originalStaff,,clinic-scoped-unless-stated,,review-required,,,,,PLANNED,PLANNED,NOT-STARTED,NOT-STARTED,NOT-STARTED,ADOPTED-AS-IS,Field schema definition,P1+,docs/architecture/prototype-parity/,
field_2ae947127963,public/pulse-html-prototype.html,,field-schema,,,,,shiftswap,Field: Proposed replacement,Proposed replacement,,,shiftswap.replacementStaff,,clinic-scoped-unless-stated,,review-required,,,,,PLANNED,PLANNED,NOT-STARTED,NOT-STARTED,NOT-STARTED,ADOPTED-AS-IS,Field schema definition,P1+,docs/architecture/prototype-parity/,
field_b99d4386253a,public/pulse-html-prototype.html,,field-schema,,,,,shiftswap,Field: Location,Location,,,shiftswap.location,,clinic-scoped-unless-stated,,review-required,,,,,PLANNED,PLANNED,NOT-STARTED,NOT-STARTED,NOT-STARTED,ADOPTED-AS-IS,Field schema definition,P1+,docs/architecture/prototype-parity/,
field_42c544fb0f24,public/pulse-html-prototype.html,,field-schema,,,,,shiftswap,Field: Shift date,Shift date,,,shiftswap.shiftDate,,clinic-scoped-unless-stated,,review-required,,,,,PLANNED,PLANNED,NOT-STARTED,NOT-STARTED,NOT-STARTED,ADOPTED-AS-IS,Field schema definition,P1+,docs/architecture/prototype-parity/,
field_e7cb7851e731,public/pulse-html-prototype.html,,field-schema,,,,,shiftswap,Field: Start time,Start time,,,shiftswap.start,,clinic-scoped-unless-stated,,review-required,,,,,PLANNED,PLANNED,NOT-STARTED,NOT-STARTED,NOT-STARTED,ADOPTED-AS-IS,Field schema definition,P1+,docs/architecture/prototype-parity/,
field_3aadf5e7752b,public/pulse-html-prototype.html,,field-schema,,,,,shiftswap,Field: End time,End time,,,shiftswap.end,,clinic-scoped-unless-stated,,review-required,,,,,PLANNED,PLANNED,NOT-STARTED,NOT-STARTED,NOT-STARTED,ADOPTED-AS-IS,Field schema definition,P1+,docs/architecture/prototype-parity/,
field_a5c44a2f5d5b,public/pulse-html-prototype.html,,field-schema,,,,,shiftswap,Field: Role,Role,,,shiftswap.role,,clinic-scoped-unless-stated,,review-required,,,,,PLANNED,PLANNED,NOT-STARTED,NOT-STARTED,NOT-STARTED,ADOPTED-AS-IS,Field schema definition,P1+,docs/architecture/prototype-parity/,
field_4b0680b8681f,public/pulse-html-prototype.html,,field-schema,,,,,shiftswap,Field: Opening / closing duty,Opening / closing duty,,,shiftswap.openClose,,clinic-scoped-unless-stated,,review-required,,,,,PLANNED,PLANNED,NOT-STARTED,NOT-STARTED,NOT-STARTED,ADOPTED-AS-IS,Field schema definition,P1+,docs/architecture/prototype-parity/,
field_a6a988651941,public/pulse-html-prototype.html,,field-schema,,,,,shiftswap,Field: Reason,Reason,,,shiftswap.reason,,clinic-scoped-unless-stated,,review-required,,,,,PLANNED,PLANNED,NOT-STARTED,NOT-STARTED,NOT-STARTED,ADOPTED-AS-IS,Field schema definition,P1+,docs/architecture/prototype-parity/,
field_c8c72df2263e,public/pulse-html-prototype.html,,field-schema,,,,,shiftswap,Field: Emergency / short notice change,Emergency / short notice change,,,shiftswap.emergencyChange,,clinic-scoped-unless-stated,,review-required,,,,,PLANNED,PLANNED,NOT-STARTED,NOT-STARTED,NOT-STARTED,ADOPTED-AS-IS,Field schema definition,P1+,docs/architecture/prototype-parity/,
field_551a6b694d4e,public/pulse-html-prototype.html,,field-schema,,,,,shiftswap,Field: Notification status,Notification status,,,shiftswap.notificationStatus,,clinic-scoped-unless-stated,,review-required,,,,,PLANNED,PLANNED,NOT-STARTED,NOT-STARTED,NOT-STARTED,ADOPTED-AS-IS,Field schema definition,P1+,docs/architecture/prototype-parity/,
field_dc9e3fae42be,public/pulse-html-prototype.html,,field-schema,,,,,shiftswap,Field: Status,Status,,,shiftswap.status,,clinic-scoped-unless-stated,,review-required,,,,,PLANNED,PLANNED,NOT-STARTED,NOT-STARTED,NOT-STARTED,ADOPTED-AS-IS,Field schema definition,P1+,docs/architecture/prototype-parity/,
field_8160d199bcc2,public/pulse-html-prototype.html,,field-schema,,,,,awardRules,Field: Rule-set name,Rule-set name,,,awardRules.name,,clinic-scoped-unless-stated,,review-required,,,,,PLANNED,PLANNED,NOT-STARTED,NOT-STARTED,NOT-STARTED,ADOPTED-AS-IS,Field schema definition,P1+,docs/architecture/prototype-parity/,
field_f59336ecae0d,public/pulse-html-prototype.html,,field-schema,,,,,awardRules,Field: Role mapping,Role mapping,,,awardRules.roleMapping,,clinic-scoped-unless-stated,,review-required,,,,,PLANNED,PLANNED,NOT-STARTED,NOT-STARTED,NOT-STARTED,ADOPTED-AS-IS,Field schema definition,P1+,docs/architecture/prototype-parity/,
field_e792c89cdfc0,public/pulse-html-prototype.html,,field-schema,,,,,awardRules,Field: Classification / level / pay point,Classification / level / pay point,,,awardRules.classification,,clinic-scoped-unless-stated,,review-required,,,,,PLANNED,PLANNED,NOT-STARTED,NOT-STARTED,NOT-STARTED,ADOPTED-AS-IS,Field schema definition,P1+,docs/architecture/prototype-parity/,
field_706cd0a82b15,public/pulse-html-prototype.html,,field-schema,,,,,awardRules,Field: Employment type,Employment type,,,awardRules.employmentType,,clinic-scoped-unless-stated,,review-required,,,,,PLANNED,PLANNED,NOT-STARTED,NOT-STARTED,NOT-STARTED,ADOPTED-AS-IS,Field schema definition,P1+,docs/architecture/prototype-parity/,
field_e15a17d78f76,public/pulse-html-prototype.html,,field-schema,,,,,awardRules,Field: Ordinary hourly rate,Ordinary hourly rate,,,awardRules.ordinaryRate,,clinic-scoped-unless-stated,,review-required,,,,,PLANNED,PLANNED,NOT-STARTED,NOT-STARTED,NOT-STARTED,ADOPTED-AS-IS,Field schema definition,P1+,docs/architecture/prototype-parity/,
field_38a21e07e5dc,public/pulse-html-prototype.html,,field-schema,,,,,awardRules,Field: Casual loading %,Casual loading %,,,awardRules.casualLoading,,clinic-scoped-unless-stated,,review-required,,,,,PLANNED,PLANNED,NOT-STARTED,NOT-STARTED,NOT-STARTED,ADOPTED-AS-IS,Field schema definition,P1+,docs/architecture/prototype-parity/,
field_5aed73bf9803,public/pulse-html-prototype.html,,field-schema,,,,,awardRules,Field: Evening / after-hours rate,Evening / after-hours rate,,,awardRules.eveningRate,,clinic-scoped-unless-stated,,review-required,,,,,PLANNED,PLANNED,NOT-STARTED,NOT-STARTED,NOT-STARTED,ADOPTED-AS-IS,Field schema definition,P1+,docs/architecture/prototype-parity/,
field_87b11d5b2cb2,public/pulse-html-prototype.html,,field-schema,,,,,awardRules,Field: Saturday rate,Saturday rate,,,awardRules.saturdayRate,,clinic-scoped-unless-stated,,review-required,,,,,PLANNED,PLANNED,NOT-STARTED,NOT-STARTED,NOT-STARTED,ADOPTED-AS-IS,Field schema definition,P1+,docs/architecture/prototype-parity/,
field_2607ad19cd1f,public/pulse-html-prototype.html,,field-schema,,,,,awardRules,Field: Sunday rate,Sunday rate,,,awardRules.sundayRate,,clinic-scoped-unless-stated,,review-required,,,,,PLANNED,PLANNED,NOT-STARTED,NOT-STARTED,NOT-STARTED,ADOPTED-AS-IS,Field schema definition,P1+,docs/architecture/prototype-parity/,
field_1e40bd17a24d,public/pulse-html-prototype.html,,field-schema,,,,,awardRules,Field: Public holiday rate,Public holiday rate,,,awardRules.publicHolidayRate,,clinic-scoped-unless-stated,,review-required,,,,,PLANNED,PLANNED,NOT-STARTED,NOT-STARTED,NOT-STARTED,ADOPTED-AS-IS,Field schema definition,P1+,docs/architecture/prototype-parity/,
field_606f770d0227,public/pulse-html-prototype.html,,field-schema,,,,,awardRules,Field: Xero earnings mapping,Xero earnings mapping,,,awardRules.xeroMapping,,clinic-scoped-unless-stated,,review-required,,,,,PLANNED,PLANNED,NOT-STARTED,NOT-STARTED,NOT-STARTED,ADOPTED-AS-IS,Field schema definition,P1+,docs/architecture/prototype-parity/,
field_263007180740,public/pulse-html-prototype.html,,field-schema,,,,,awardRules,Field: Effective date,Effective date,,,awardRules.effectiveDate,,clinic-scoped-unless-stated,,review-required,,,,,PLANNED,PLANNED,NOT-STARTED,NOT-STARTED,NOT-STARTED,ADOPTED-AS-IS,Field schema definition,P1+,docs/architecture/prototype-parity/,
field_5d922cb168bb,public/pulse-html-prototype.html,,field-schema,,,,,awardRules,Field: Payroll advisor sign-off recorded,Payroll advisor sign-off recorded,,,awardRules.advisorSignoff,,clinic-scoped-unless-stated,,review-required,,,,,PLANNED,PLANNED,NOT-STARTED,NOT-STARTED,NOT-STARTED,ADOPTED-AS-IS,Field schema definition,P1+,docs/architecture/prototype-parity/,
field_d4f7b2c1d96f,public/pulse-html-prototype.html,,field-schema,,,,,awardRules,Field: Status,Status,,,awardRules.status,,clinic-scoped-unless-stated,,review-required,,,,,PLANNED,PLANNED,NOT-STARTED,NOT-STARTED,NOT-STARTED,ADOPTED-AS-IS,Field schema definition,P1+,docs/architecture/prototype-parity/,
field_dcf5c28a5eb0,public/pulse-html-prototype.html,,field-schema,,,,,doctorportal,Field: Doctor name,Doctor name,,,doctorportal.doctorName,,clinic-scoped-unless-stated,,review-required,,,,,PLANNED,PLANNED,NOT-STARTED,NOT-STARTED,NOT-STARTED,ADOPTED-AS-IS,Field schema definition,P1+,docs/architecture/prototype-parity/,
field_c3664f839b82,public/pulse-html-prototype.html,,field-schema,,,,,doctorportal,Field: Location,Location,,,doctorportal.location,,clinic-scoped-unless-stated,,review-required,,,,,PLANNED,PLANNED,NOT-STARTED,NOT-STARTED,NOT-STARTED,ADOPTED-AS-IS,Field schema definition,P1+,docs/architecture/prototype-parity/,
field_faeb0e58708a,public/pulse-html-prototype.html,,field-schema,,,,,doctorportal,Field: Current period / quarter,Current period / quarter,,,doctorportal.period,,clinic-scoped-unless-stated,,review-required,,,,,PLANNED,PLANNED,NOT-STARTED,NOT-STARTED,NOT-STARTED,ADOPTED-AS-IS,Field schema definition,P1+,docs/architecture/prototype-parity/,
field_f4e52f761373,public/pulse-html-prototype.html,,field-schema,,,,,doctorportal,Field: Current earnings estimate,Current earnings estimate,,,doctorportal.currentEarnings,,clinic-scoped-unless-stated,,review-required,,,,,PLANNED,PLANNED,NOT-STARTED,NOT-STARTED,NOT-STARTED,ADOPTED-AS-IS,Field schema definition,P1+,docs/architecture/prototype-parity/,
field_3058eafa20df,public/pulse-html-prototype.html,,field-schema,,,,,doctorportal,Field: Estimated BBPIP GP share,Estimated BBPIP GP share,,,doctorportal.bbpipEstimate,,clinic-scoped-unless-stated,,review-required,,,,,PLANNED,PLANNED,NOT-STARTED,NOT-STARTED,NOT-STARTED,ADOPTED-AS-IS,Field schema definition,P1+,docs/architecture/prototype-parity/,
field_fc636a3aec9e,public/pulse-html-prototype.html,,field-schema,,,,,doctorportal,Field: Quarterly statement,Quarterly statement,,,doctorportal.quarterlyStatementStatus,,clinic-scoped-unless-stated,,review-required,,,,,PLANNED,PLANNED,NOT-STARTED,NOT-STARTED,NOT-STARTED,ADOPTED-AS-IS,Field schema definition,P1+,docs/architecture/prototype-parity/,
field_b9d8f4c1b744,public/pulse-html-prototype.html,,field-schema,,,,,doctorportal,Field: Last payslip date,Last payslip date,,,doctorportal.lastPayslipDate,,clinic-scoped-unless-stated,,review-required,,,,,PLANNED,PLANNED,NOT-STARTED,NOT-STARTED,NOT-STARTED,ADOPTED-AS-IS,Field schema definition,P1+,docs/architecture/prototype-parity/,
field_95fd2725481b,public/pulse-html-prototype.html,,field-schema,,,,,doctorportal,Field: Doctor visible notes,Doctor visible notes,,,doctorportal.accessNotes,,clinic-scoped-unless-stated,,review-required,,,,,PLANNED,PLANNED,NOT-STARTED,NOT-STARTED,NOT-STARTED,ADOPTED-AS-IS,Field schema definition,P1+,docs/architecture/prototype-parity/,
field_d960978721e8,public/pulse-html-prototype.html,,field-schema,,,,,doctorportal,Field: Status,Status,,,doctorportal.status,,clinic-scoped-unless-stated,,review-required,,,,,PLANNED,PLANNED,NOT-STARTED,NOT-STARTED,NOT-STARTED,ADOPTED-AS-IS,Field schema definition,P1+,docs/architecture/prototype-parity/,
field_88be74a67a19,public/pulse-html-prototype.html,,field-schema,,,,,stocktransfer,Field: Item name,Item name,,,stocktransfer.itemName,,clinic-scoped-unless-stated,,review-required,,,,,PLANNED,PLANNED,NOT-STARTED,NOT-STARTED,NOT-STARTED,ADOPTED-AS-IS,Field schema definition,P1+,docs/architecture/prototype-parity/,
field_aaffc578c4fc,public/pulse-html-prototype.html,,field-schema,,,,,stocktransfer,Field: From location,From location,,,stocktransfer.fromLocation,,clinic-scoped-unless-stated,,review-required,,,,,PLANNED,PLANNED,NOT-STARTED,NOT-STARTED,NOT-STARTED,ADOPTED-AS-IS,Field schema definition,P1+,docs/architecture/prototype-parity/,
field_7236384c53eb,public/pulse-html-prototype.html,,field-schema,,,,,stocktransfer,Field: To location,To location,,,stocktransfer.toLocation,,clinic-scoped-unless-stated,,review-required,,,,,PLANNED,PLANNED,NOT-STARTED,NOT-STARTED,NOT-STARTED,ADOPTED-AS-IS,Field schema definition,P1+,docs/architecture/prototype-parity/,
field_b15e38e4a3f1,public/pulse-html-prototype.html,,field-schema,,,,,stocktransfer,Field: Quantity,Quantity,,,stocktransfer.quantity,,clinic-scoped-unless-stated,,review-required,,,,,PLANNED,PLANNED,NOT-STARTED,NOT-STARTED,NOT-STARTED,ADOPTED-AS-IS,Field schema definition,P1+,docs/architecture/prototype-parity/,
field_5c6225c65f60,public/pulse-html-prototype.html,,field-schema,,,,,stocktransfer,Field: Batch / expiry,Batch / expiry,,,stocktransfer.batch,,clinic-scoped-unless-stated,,review-required,,,,,PLANNED,PLANNED,NOT-STARTED,NOT-STARTED,NOT-STARTED,ADOPTED-AS-IS,Field schema definition,P1+,docs/architecture/prototype-parity/,
field_81201a3a5a38,public/pulse-html-prototype.html,,field-schema,,,,,stocktransfer,Field: Sender approved,Sender approved,,,stocktransfer.senderApproved,,clinic-scoped-unless-stated,,review-required,,,,,PLANNED,PLANNED,NOT-STARTED,NOT-STARTED,NOT-STARTED,ADOPTED-AS-IS,Field schema definition,P1+,docs/architecture/prototype-parity/,
field_0945d56d2c23,public/pulse-html-prototype.html,,field-schema,,,,,stocktransfer,Field: Receiver approved,Receiver approved,,,stocktransfer.receiverApproved,,clinic-scoped-unless-stated,,review-required,,,,,PLANNED,PLANNED,NOT-STARTED,NOT-STARTED,NOT-STARTED,ADOPTED-AS-IS,Field schema definition,P1+,docs/architecture/prototype-parity/,
field_b79ec3ade778,public/pulse-html-prototype.html,,field-schema,,,,,stocktransfer,Field: Reason,Reason,,,stocktransfer.reason,,clinic-scoped-unless-stated,,review-required,,,,,PLANNED,PLANNED,NOT-STARTED,NOT-STARTED,NOT-STARTED,ADOPTED-AS-IS,Field schema definition,P1+,docs/architecture/prototype-parity/,
field_8b53e2527c9e,public/pulse-html-prototype.html,,field-schema,,,,,stocktransfer,Field: Status,Status,,,stocktransfer.status,,clinic-scoped-unless-stated,,review-required,,,,,PLANNED,PLANNED,NOT-STARTED,NOT-STARTED,NOT-STARTED,ADOPTED-AS-IS,Field schema definition,P1+,docs/architecture/prototype-parity/,
field_9000cf3905ca,public/pulse-html-prototype.html,,field-schema,,,,,consent,Field: Person name / audience label,Person name / audience label,,,consent.personName,,clinic-scoped-unless-stated,,review-required,,,,,PLANNED,PLANNED,NOT-STARTED,NOT-STARTED,NOT-STARTED,ADOPTED-AS-IS,Field schema definition,P1+,docs/architecture/prototype-parity/,
field_b60ea1d644d6,public/pulse-html-prototype.html,,field-schema,,,,,consent,Field: Channel,Channel,,,consent.channel,,clinic-scoped-unless-stated,,review-required,,,,,PLANNED,PLANNED,NOT-STARTED,NOT-STARTED,NOT-STARTED,ADOPTED-AS-IS,Field schema definition,P1+,docs/architecture/prototype-parity/,
field_656cd7453a25,public/pulse-html-prototype.html,,field-schema,,,,,consent,Field: Consent status,Consent status,,,consent.consentStatus,,clinic-scoped-unless-stated,,review-required,,,,,PLANNED,PLANNED,NOT-STARTED,NOT-STARTED,NOT-STARTED,ADOPTED-AS-IS,Field schema definition,P1+,docs/architecture/prototype-parity/,
field_1c285e482037,public/pulse-html-prototype.html,,field-schema,,,,,consent,Field: Consent source,Consent source,,,consent.consentSource,,clinic-scoped-unless-stated,,review-required,,,,,PLANNED,PLANNED,NOT-STARTED,NOT-STARTED,NOT-STARTED,ADOPTED-AS-IS,Field schema definition,P1+,docs/architecture/prototype-parity/,
field_2138a4e58f69,public/pulse-html-prototype.html,,field-schema,,,,,consent,Field: Consent / opt-out date,Consent / opt-out date,,,consent.consentDate,,clinic-scoped-unless-stated,,review-required,,,,,PLANNED,PLANNED,NOT-STARTED,NOT-STARTED,NOT-STARTED,ADOPTED-AS-IS,Field schema definition,P1+,docs/architecture/prototype-parity/,
field_9123e5d53acf,public/pulse-html-prototype.html,,field-schema,,,,,consent,Field: STOP / unsubscribe keyword,STOP / unsubscribe keyword,,,consent.optOutKeyword,,clinic-scoped-unless-stated,,review-required,,,,,PLANNED,PLANNED,NOT-STARTED,NOT-STARTED,NOT-STARTED,ADOPTED-AS-IS,Field schema definition,P1+,docs/architecture/prototype-parity/,
field_c329cdf84414,public/pulse-html-prototype.html,,field-schema,,,,,consent,Field: Evidence reference,Evidence reference,,,consent.evidenceReference,,clinic-scoped-unless-stated,,review-required,,,,,PLANNED,PLANNED,NOT-STARTED,NOT-STARTED,NOT-STARTED,ADOPTED-AS-IS,Field schema definition,P1+,docs/architecture/prototype-parity/,
field_1e18d9a81ec5,public/pulse-html-prototype.html,,field-schema,,,,,consent,Field: Status,Status,,,consent.status,,clinic-scoped-unless-stated,,review-required,,,,,PLANNED,PLANNED,NOT-STARTED,NOT-STARTED,NOT-STARTED,ADOPTED-AS-IS,Field schema definition,P1+,docs/architecture/prototype-parity/,
field_0fb0652add37,public/pulse-html-prototype.html,,field-schema,,,,,cameraInventory,Field: Camera name,Camera name,,,cameraInventory.cameraName,,clinic-scoped-unless-stated,,review-required,,,,,PLANNED,PLANNED,NOT-STARTED,NOT-STARTED,NOT-STARTED,ADOPTED-AS-IS,Field schema definition,P1+,docs/architecture/prototype-parity/,
field_7daeccb10552,public/pulse-html-prototype.html,,field-schema,,,,,cameraInventory,Field: Location,Location,,,cameraInventory.location,,clinic-scoped-unless-stated,,review-required,,,,,PLANNED,PLANNED,NOT-STARTED,NOT-STARTED,NOT-STARTED,ADOPTED-AS-IS,Field schema definition,P1+,docs/architecture/prototype-parity/,
field_501db85abd0a,public/pulse-html-prototype.html,,field-schema,,,,,cameraInventory,Field: Zone / area,Zone / area,,,cameraInventory.zone,,clinic-scoped-unless-stated,,review-required,,,,,PLANNED,PLANNED,NOT-STARTED,NOT-STARTED,NOT-STARTED,ADOPTED-AS-IS,Field schema definition,P1+,docs/architecture/prototype-parity/,
field_a478e96d57eb,public/pulse-html-prototype.html,,field-schema,,,,,cameraInventory,Field: Purpose,Purpose,,,cameraInventory.purpose,,clinic-scoped-unless-stated,,review-required,,,,,PLANNED,PLANNED,NOT-STARTED,NOT-STARTED,NOT-STARTED,ADOPTED-AS-IS,Field schema definition,P1+,docs/architecture/prototype-parity/,
field_eabdfb029908,public/pulse-html-prototype.html,,field-schema,,,,,cameraInventory,Field: Privacy classification,Privacy classification,,,cameraInventory.privacyClass,,clinic-scoped-unless-stated,,review-required,,,,,PLANNED,PLANNED,NOT-STARTED,NOT-STARTED,NOT-STARTED,ADOPTED-AS-IS,Field schema definition,P1+,docs/architecture/prototype-parity/,
field_98e9acb4ee55,public/pulse-html-prototype.html,,field-schema,,,,,cameraInventory,Field: NVR/VMS source,NVR/VMS source,,,cameraInventory.nvrSource,,clinic-scoped-unless-stated,,review-required,,,,,PLANNED,PLANNED,NOT-STARTED,NOT-STARTED,NOT-STARTED,ADOPTED-AS-IS,Field schema definition,P1+,docs/architecture/prototype-parity/,
field_3d228772968c,public/pulse-html-prototype.html,,field-schema,,,,,cameraInventory,Field: Retention days,Retention days,,,cameraInventory.retentionDays,,clinic-scoped-unless-stated,,review-required,,,,,PLANNED,PLANNED,NOT-STARTED,NOT-STARTED,NOT-STARTED,ADOPTED-AS-IS,Field schema definition,P1+,docs/architecture/prototype-parity/,
field_d6e200d7feb1,public/pulse-html-prototype.html,,field-schema,,,,,cameraInventory,Field: Audio status,Audio status,,,cameraInventory.audioStatus,,clinic-scoped-unless-stated,,review-required,,,,,PLANNED,PLANNED,NOT-STARTED,NOT-STARTED,NOT-STARTED,ADOPTED-AS-IS,Field schema definition,P1+,docs/architecture/prototype-parity/,
field_801e1b9a9761,public/pulse-html-prototype.html,,field-schema,,,,,cameraInventory,Field: Signage / staff notice evidence,Signage / staff notice evidence,,,cameraInventory.signageEvidence,,clinic-scoped-unless-stated,,review-required,,,,,PLANNED,PLANNED,NOT-STARTED,NOT-STARTED,NOT-STARTED,ADOPTED-AS-IS,Field schema definition,P1+,docs/architecture/prototype-parity/,
field_d4fc619f5642,public/pulse-html-prototype.html,,field-schema,,,,,cameraInventory,Field: Privacy/legal approval recorded,Privacy/legal approval recorded,,,cameraInventory.legalApproval,,clinic-scoped-unless-stated,,review-required,,,,,PLANNED,PLANNED,NOT-STARTED,NOT-STARTED,NOT-STARTED,ADOPTED-AS-IS,Field schema definition,P1+,docs/architecture/prototype-parity/,
field_7f6c93028b5f,public/pulse-html-prototype.html,,field-schema,,,,,cameraInventory,Field: Status,Status,,,cameraInventory.status,,clinic-scoped-unless-stated,,review-required,,,,,PLANNED,PLANNED,NOT-STARTED,NOT-STARTED,NOT-STARTED,ADOPTED-AS-IS,Field schema definition,P1+,docs/architecture/prototype-parity/,
field_417aef3007a3,public/pulse-html-prototype.html,,field-schema,,,,,users,Field: Name,Name,,,users.name,,clinic-scoped-unless-stated,,review-required,,,,,PLANNED,PLANNED,NOT-STARTED,NOT-STARTED,NOT-STARTED,ADOPTED-AS-IS,Field schema definition,P1+,docs/architecture/prototype-parity/,
field_81fd5af24993,public/pulse-html-prototype.html,,field-schema,,,,,users,Field: Email,Email,,,users.email,,clinic-scoped-unless-stated,,review-required,,,,,PLANNED,PLANNED,NOT-STARTED,NOT-STARTED,NOT-STARTED,ADOPTED-AS-IS,Field schema definition,P1+,docs/architecture/prototype-parity/,
field_aed084cfcb6c,public/pulse-html-prototype.html,,field-schema,,,,,users,Field: Primary role,Primary role,,,users.role,,clinic-scoped-unless-stated,,review-required,,,,,PLANNED,PLANNED,NOT-STARTED,NOT-STARTED,NOT-STARTED,ADOPTED-AS-IS,Field schema definition,P1+,docs/architecture/prototype-parity/,
field_b3e6f48c7ac9,public/pulse-html-prototype.html,,field-schema,,,,,users,Field: Department,Department,,,users.department,,clinic-scoped-unless-stated,,review-required,,,,,PLANNED,PLANNED,NOT-STARTED,NOT-STARTED,NOT-STARTED,ADOPTED-AS-IS,Field schema definition,P1+,docs/architecture/prototype-parity/,
field_589d8929c3f0,public/pulse-html-prototype.html,,field-schema,,,,,users,Field: Location access,Location access,,,users.locations,,clinic-scoped-unless-stated,,review-required,,,,,PLANNED,PLANNED,NOT-STARTED,NOT-STARTED,NOT-STARTED,ADOPTED-AS-IS,Field schema definition,P1+,docs/architecture/prototype-parity/,
field_87eb3b858dbe,public/pulse-html-prototype.html,,field-schema,,,,,users,Field: Sensitive access modules,Sensitive access modules,,,users.sensitiveAccess,,clinic-scoped-unless-stated,,review-required,,,,,PLANNED,PLANNED,NOT-STARTED,NOT-STARTED,NOT-STARTED,ADOPTED-AS-IS,Field schema definition,P1+,docs/architecture/prototype-parity/,
field_9c124db8f9e0,public/pulse-html-prototype.html,,field-schema,,,,,users,Field: MFA enabled,MFA enabled,,,users.mfaEnabled,,clinic-scoped-unless-stated,,review-required,,,,,PLANNED,PLANNED,NOT-STARTED,NOT-STARTED,NOT-STARTED,ADOPTED-AS-IS,Field schema definition,P1+,docs/architecture/prototype-parity/,
field_8c828853e2b6,public/pulse-html-prototype.html,,field-schema,,,,,users,Field: Training gate,Training gate,,,users.trainingGateStatus,,clinic-scoped-unless-stated,,review-required,,,,,PLANNED,PLANNED,NOT-STARTED,NOT-STARTED,NOT-STARTED,ADOPTED-AS-IS,Field schema definition,P1+,docs/architecture/prototype-parity/,
field_0ed8d6c0cc9d,public/pulse-html-prototype.html,,field-schema,,,,,users,Field: Status,Status,,,users.status,,clinic-scoped-unless-stated,,review-required,,,,,PLANNED,PLANNED,NOT-STARTED,NOT-STARTED,NOT-STARTED,ADOPTED-AS-IS,Field schema definition,P1+,docs/architecture/prototype-parity/,
field_6bb470a35655,public/pulse-html-prototype.html,,field-schema,,,,,departments,Field: Department name,Department name,,,departments.name,,clinic-scoped-unless-stated,,review-required,,,,,PLANNED,PLANNED,NOT-STARTED,NOT-STARTED,NOT-STARTED,ADOPTED-AS-IS,Field schema definition,P1+,docs/architecture/prototype-parity/,
field_d197ed108ae1,public/pulse-html-prototype.html,,field-schema,,,,,departments,Field: Manager / owner,Manager / owner,,,departments.manager,,clinic-scoped-unless-stated,,review-required,,,,,PLANNED,PLANNED,NOT-STARTED,NOT-STARTED,NOT-STARTED,ADOPTED-AS-IS,Field schema definition,P1+,docs/architecture/prototype-parity/,
field_1ada0dfb4687,public/pulse-html-prototype.html,,field-schema,,,,,departments,Field: Users / teams,Users / teams,,,departments.users,,clinic-scoped-unless-stated,,review-required,,,,,PLANNED,PLANNED,NOT-STARTED,NOT-STARTED,NOT-STARTED,ADOPTED-AS-IS,Field schema definition,P1+,docs/architecture/prototype-parity/,
field_4b257b1f72c6,public/pulse-html-prototype.html,,field-schema,,,,,departments,Field: Purpose,Purpose,,,departments.purpose,,clinic-scoped-unless-stated,,review-required,,,,,PLANNED,PLANNED,NOT-STARTED,NOT-STARTED,NOT-STARTED,ADOPTED-AS-IS,Field schema definition,P1+,docs/architecture/prototype-parity/,
field_691bfb31202a,public/pulse-html-prototype.html,,field-schema,,,,,departments,Field: Default dashboard,Default dashboard,,,departments.defaultDashboard,,clinic-scoped-unless-stated,,review-required,,,,,PLANNED,PLANNED,NOT-STARTED,NOT-STARTED,NOT-STARTED,ADOPTED-AS-IS,Field schema definition,P1+,docs/architecture/prototype-parity/,
field_1cdce6dfea98,public/pulse-html-prototype.html,,field-schema,,,,,departments,Field: Future workflow builder enabled,Future workflow builder enabled,,,departments.workflowBuilder,,clinic-scoped-unless-stated,,review-required,,,,,PLANNED,PLANNED,NOT-STARTED,NOT-STARTED,NOT-STARTED,ADOPTED-AS-IS,Field schema definition,P1+,docs/architecture/prototype-parity/,
field_d7141f69ff83,public/pulse-html-prototype.html,,field-schema,,,,,departments,Field: Department document library enabled,Department document library enabled,,,departments.documentsEnabled,,clinic-scoped-unless-stated,,review-required,,,,,PLANNED,PLANNED,NOT-STARTED,NOT-STARTED,NOT-STARTED,ADOPTED-AS-IS,Field schema definition,P1+,docs/architecture/prototype-parity/,
field_01126e5e5e4c,public/pulse-html-prototype.html,,field-schema,,,,,departments,Field: Status,Status,,,departments.status,,clinic-scoped-unless-stated,,review-required,,,,,PLANNED,PLANNED,NOT-STARTED,NOT-STARTED,NOT-STARTED,ADOPTED-AS-IS,Field schema definition,P1+,docs/architecture/prototype-parity/,
modal_adf092f4cbd0,public/pulse-html-prototype.html,"{""file"": ""public/pulse-html-prototype.html"", ""startOffset"": 176624, ""endOffset"": 177252, ""startLine"": 878, ""endLine"": 878}",prototype-runtime,,,,,,Modal/drawer: Complete checklist,,Complete checklist,,"checkSkipNote,checkEvidenceNote",,clinic-scoped-unless-stated,,operational,,,,,PROTOTYPE-ONLY,NOT-STARTED,NOT-STARTED,NOT-STARTED,NOT-STARTED,ADOPTED-WITH-CONTROL-HARDENING,Runtime modal retained as interaction requirement; replace alert/toast-only techniques,P1+,docs/architecture/prototype-parity/,
modal_b71658e49bfd,public/pulse-html-prototype.html,"{""file"": ""public/pulse-html-prototype.html"", ""startOffset"": 223715, ""endOffset"": 224349, ""startLine"": 1000, ""endLine"": 1000}",prototype-runtime,,,,,,Modal/drawer: Doctor payslip preview,,Doctor payslip preview,,,,clinic-scoped-unless-stated,,operational,,,,,PROTOTYPE-ONLY,NOT-STARTED,NOT-STARTED,NOT-STARTED,NOT-STARTED,ADOPTED-WITH-CONTROL-HARDENING,Runtime modal retained as interaction requirement; replace alert/toast-only techniques,P1+,docs/architecture/prototype-parity/,
modal_ad976ff33643,public/pulse-html-prototype.html,"{""file"": ""public/pulse-html-prototype.html"", ""startOffset"": 225302, ""endOffset"": 225567, ""startLine"": 1003, ""endLine"": 1003}",prototype-runtime,,,,,,Modal/drawer: Secret reveal request,,Secret reveal request,,revealReason,,clinic-scoped-unless-stated,,operational,,,,,PROTOTYPE-ONLY,NOT-STARTED,NOT-STARTED,NOT-STARTED,NOT-STARTED,ADOPTED-WITH-CONTROL-HARDENING,Runtime modal retained as interaction requirement; replace alert/toast-only techniques,P1+,docs/architecture/prototype-parity/,
modal_d1b370826ca1,public/pulse-html-prototype.html,"{""file"": ""public/pulse-html-prototype.html"", ""startOffset"": 225967, ""endOffset"": 226044, ""startLine"": 1004, ""endLine"": 1004}",prototype-runtime,,,,,,Modal/drawer: Secret,,Secret,,,,clinic-scoped-unless-stated,,operational,,,,,PROTOTYPE-ONLY,NOT-STARTED,NOT-STARTED,NOT-STARTED,NOT-STARTED,ADOPTED-WITH-CONTROL-HARDENING,Runtime modal retained as interaction requirement; replace alert/toast-only techniques,P1+,docs/architecture/prototype-parity/,
modal_f33b77595a56,public/pulse-html-prototype.html,"{""file"": ""public/pulse-html-prototype.html"", ""startOffset"": 279474, ""endOffset"": 279956, ""startLine"": 1403, ""endLine"": 1403}",prototype-runtime,,,,,,Modal/drawer: Supplier invoice approval PDF preview,,Supplier invoice approval PDF preview,,,,clinic-scoped-unless-stated,,operational,,,,,PROTOTYPE-ONLY,NOT-STARTED,NOT-STARTED,NOT-STARTED,NOT-STARTED,ADOPTED-WITH-CONTROL-HARDENING,Runtime modal retained as interaction requirement; replace alert/toast-only techniques,P1+,docs/architecture/prototype-parity/,
modal_d8c726678af4,public/pulse-html-prototype.html,"{""file"": ""public/pulse-html-prototype.html"", ""startOffset"": 308496, ""endOffset"": 309403, ""startLine"": 1751, ""endLine"": 1765}",prototype-runtime,,,,,,Modal/drawer: Scan Document / OCR,,Scan Document / OCR,,"ocrFile,ocrText",,clinic-scoped-unless-stated,,operational,,,,,PROTOTYPE-ONLY,NOT-STARTED,NOT-STARTED,NOT-STARTED,NOT-STARTED,ADOPTED-WITH-CONTROL-HARDENING,Runtime modal retained as interaction requirement; replace alert/toast-only techniques,P1+,docs/architecture/prototype-parity/,
modal_1a444ab36d9c,public/pulse-html-prototype.html,"{""file"": ""public/pulse-html-prototype.html"", ""startOffset"": 374580, ""endOffset"": 377271, ""startLine"": 2095, ""endLine"": 2095}",prototype-runtime,,,,,,Modal/drawer: Create Checklist,,Create Checklist,,"frequency,timeOfDay,workflowScope,assignment,department,responsibleRole,name,description,items,instructions,managerReviewRequired,publishNow",,clinic-scoped-unless-stated,,operational,,,,,PROTOTYPE-ONLY,NOT-STARTED,NOT-STARTED,NOT-STARTED,NOT-STARTED,ADOPTED-WITH-CONTROL-HARDENING,Runtime modal retained as interaction requirement; replace alert/toast-only techniques,P1+,docs/architecture/prototype-parity/,
modal_e2319c39e863,public/pulse-html-prototype.html,"{""file"": ""public/pulse-html-prototype.html"", ""startOffset"": 442087, ""endOffset"": 442273, ""startLine"": 2236, ""endLine"": 2236}",prototype-runtime,,,,,,Modal/drawer: Create Printer Work Order,,Create Printer Work Order,,printerId,,clinic-scoped-unless-stated,,operational,,,,,PROTOTYPE-ONLY,NOT-STARTED,NOT-STARTED,NOT-STARTED,NOT-STARTED,ADOPTED-WITH-CONTROL-HARDENING,Runtime modal retained as interaction requirement; replace alert/toast-only techniques,P1+,docs/architecture/prototype-parity/,
modal_d54e0e28a9ba,public/pulse-html-prototype.html,"{""file"": ""public/pulse-html-prototype.html"", ""startOffset"": 669783, ""endOffset"": 670814, ""startLine"": 3092, ""endLine"": 3092}",prototype-runtime,,,,,,Modal/drawer: Notification Preferences,,Notification Preferences,,,,clinic-scoped-unless-stated,,operational,,,,,PROTOTYPE-ONLY,NOT-STARTED,NOT-STARTED,NOT-STARTED,NOT-STARTED,ADOPTED-WITH-CONTROL-HARDENING,Runtime modal retained as interaction requirement; replace alert/toast-only techniques,P1+,docs/architecture/prototype-parity/,
modal_31c1c180516a,public/pulse-html-prototype.html,"{""file"": ""public/pulse-html-prototype.html"", ""startOffset"": 671039, ""endOffset"": 672007, ""startLine"": 3093, ""endLine"": 3093}",prototype-runtime,,,,,,Modal/drawer: Related Records,,Related Records,,,,clinic-scoped-unless-stated,,operational,,,,,PROTOTYPE-ONLY,NOT-STARTED,NOT-STARTED,NOT-STARTED,NOT-STARTED,ADOPTED-WITH-CONTROL-HARDENING,Runtime modal retained as interaction requirement; replace alert/toast-only techniques,P1+,docs/architecture/prototype-parity/,
modal_0d21ddc49818,public/pulse-html-prototype.html,"{""file"": ""public/pulse-html-prototype.html"", ""startOffset"": 672114, ""endOffset"": 673179, ""startLine"": 3094, ""endLine"": 3094}",prototype-runtime,,,,,,Modal/drawer: Help & Support,,Help & Support,,"type,page,description,impact",,clinic-scoped-unless-stated,,operational,,,,,PROTOTYPE-ONLY,NOT-STARTED,NOT-STARTED,NOT-STARTED,NOT-STARTED,ADOPTED-WITH-CONTROL-HARDENING,Runtime modal retained as interaction requirement; replace alert/toast-only techniques,P1+,docs/architecture/prototype-parity/,
modal_4a4b1d2bf49f,public/pulse-html-prototype.html,"{""file"": ""public/pulse-html-prototype.html"", ""startOffset"": 745749, ""endOffset"": 746770, ""startLine"": 3783, ""endLine"": 3783}",prototype-runtime,,,,,,Modal/drawer: Add Enterprise Risk,,Add Enterprise Risk,,title,,clinic-scoped-unless-stated,,operational,,,,,PROTOTYPE-ONLY,NOT-STARTED,NOT-STARTED,NOT-STARTED,NOT-STARTED,ADOPTED-WITH-CONTROL-HARDENING,Runtime modal retained as interaction requirement; replace alert/toast-only techniques,P1+,docs/architecture/prototype-parity/,
modal_fc4dc39b3ee7,public/pulse-html-prototype.html,"{""file"": ""public/pulse-html-prototype.html"", ""startOffset"": 747016, ""endOffset"": 747779, ""startLine"": 3784, ""endLine"": 3784}",prototype-runtime,,,,,,Modal/drawer: Create Compliance Gap Action,,Create Compliance Gap Action,,,,clinic-scoped-unless-stated,,operational,,,,,PROTOTYPE-ONLY,NOT-STARTED,NOT-STARTED,NOT-STARTED,NOT-STARTED,ADOPTED-WITH-CONTROL-HARDENING,Runtime modal retained as interaction requirement; replace alert/toast-only techniques,P1+,docs/architecture/prototype-parity/,
modal_15663c38ce1a,public/pulse-html-prototype.html,"{""file"": ""public/pulse-html-prototype.html"", ""startOffset"": 748106, ""endOffset"": 748307, ""startLine"": 3785, ""endLine"": 3785}",prototype-runtime,,,,,,Modal/drawer: Action Detail,,Action Detail,,,,clinic-scoped-unless-stated,,operational,,,,,PROTOTYPE-ONLY,NOT-STARTED,NOT-STARTED,NOT-STARTED,NOT-STARTED,ADOPTED-WITH-CONTROL-HARDENING,Runtime modal retained as interaction requirement; replace alert/toast-only techniques,P1+,docs/architecture/prototype-parity/,
modal_8813d62c4445,public/pulse-html-prototype.html,"{""file"": ""public/pulse-html-prototype.html"", ""startOffset"": 749646, ""endOffset"": 750485, ""startLine"": 3790, ""endLine"": 3790}",prototype-runtime,,,,,,Modal/drawer: Analytics Filters,,Analytics Filters,,,,clinic-scoped-unless-stated,,operational,,,,,PROTOTYPE-ONLY,NOT-STARTED,NOT-STARTED,NOT-STARTED,NOT-STARTED,ADOPTED-WITH-CONTROL-HARDENING,Runtime modal retained as interaction requirement; replace alert/toast-only techniques,P1+,docs/architecture/prototype-parity/,
modal_952eb9df633f,public/pulse-html-prototype.html,"{""file"": ""public/pulse-html-prototype.html"", ""startOffset"": 816176, ""endOffset"": 816406, ""startLine"": 4138, ""endLine"": 4138}",prototype-runtime,,,,,,Modal/drawer: Access Restricted,,Access Restricted,,,,clinic-scoped-unless-stated,,operational,,,,,PROTOTYPE-ONLY,NOT-STARTED,NOT-STARTED,NOT-STARTED,NOT-STARTED,ADOPTED-WITH-CONTROL-HARDENING,Runtime modal retained as interaction requirement; replace alert/toast-only techniques,P1+,docs/architecture/prototype-parity/,
modal_ccb2f78c40b1,public/pulse-html-prototype.html,"{""file"": ""public/pulse-html-prototype.html"", ""startOffset"": 817450, ""endOffset"": 817937, ""startLine"": 4146, ""endLine"": 4146}",prototype-runtime,,,,,,Modal/drawer: Executive Health Calculation,,Executive Health Calculation,,,,clinic-scoped-unless-stated,,operational,,,,,PROTOTYPE-ONLY,NOT-STARTED,NOT-STARTED,NOT-STARTED,NOT-STARTED,ADOPTED-WITH-CONTROL-HARDENING,Runtime modal retained as interaction requirement; replace alert/toast-only techniques,P1+,docs/architecture/prototype-parity/,
modal_fd72bda85110,public/pulse-html-prototype.html,"{""file"": ""public/pulse-html-prototype.html"", ""startOffset"": 821101, ""endOffset"": 821631, ""startLine"": 4151, ""endLine"": 4151}",prototype-runtime,,,,,,Modal/drawer: Reassign Action,,Reassign Action,,,,clinic-scoped-unless-stated,,operational,,,,,PROTOTYPE-ONLY,NOT-STARTED,NOT-STARTED,NOT-STARTED,NOT-STARTED,ADOPTED-WITH-CONTROL-HARDENING,Runtime modal retained as interaction requirement; replace alert/toast-only techniques,P1+,docs/architecture/prototype-parity/,
modal_88050573c6e6,public/pulse-html-prototype.html,"{""file"": ""public/pulse-html-prototype.html"", ""startOffset"": 821872, ""endOffset"": 822047, ""startLine"": 4152, ""endLine"": 4152}",prototype-runtime,,,,,,Modal/drawer: Request Changes,,Request Changes,,,,clinic-scoped-unless-stated,,operational,,,,,PROTOTYPE-ONLY,NOT-STARTED,NOT-STARTED,NOT-STARTED,NOT-STARTED,ADOPTED-WITH-CONTROL-HARDENING,Runtime modal retained as interaction requirement; replace alert/toast-only techniques,P1+,docs/architecture/prototype-parity/,
modal_d1a6b565f9f5,public/pulse-html-prototype.html,"{""file"": ""public/pulse-html-prototype.html"", ""startOffset"": 822286, ""endOffset"": 823070, ""startLine"": 4153, ""endLine"": 4153}",prototype-runtime,,,,,,Modal/drawer: Approval Delegations,,Approval Delegations,,,,clinic-scoped-unless-stated,,operational,,,,,PROTOTYPE-ONLY,NOT-STARTED,NOT-STARTED,NOT-STARTED,NOT-STARTED,ADOPTED-WITH-CONTROL-HARDENING,Runtime modal retained as interaction requirement; replace alert/toast-only techniques,P1+,docs/architecture/prototype-parity/,
modal_213180684855,public/pulse-html-prototype.html,"{""file"": ""public/pulse-html-prototype.html"", ""startOffset"": 825827, ""endOffset"": 826710, ""startLine"": 4159, ""endLine"": 4159}",prototype-runtime,,,,,,Modal/drawer: Role Access Matrix,,Role Access Matrix,,,,clinic-scoped-unless-stated,,operational,,,,,PROTOTYPE-ONLY,NOT-STARTED,NOT-STARTED,NOT-STARTED,NOT-STARTED,ADOPTED-WITH-CONTROL-HARDENING,Runtime modal retained as interaction requirement; replace alert/toast-only techniques,P1+,docs/architecture/prototype-parity/,
modal_edb7eb76818b,public/pulse-html-prototype.html,"{""file"": ""public/pulse-html-prototype.html"", ""startOffset"": 873807, ""endOffset"": 874070, ""startLine"": 4505, ""endLine"": 4505}",prototype-runtime,,,,,,Modal/drawer: Access Restricted,,Access Restricted,,,,clinic-scoped-unless-stated,,operational,,,,,PROTOTYPE-ONLY,NOT-STARTED,NOT-STARTED,NOT-STARTED,NOT-STARTED,ADOPTED-WITH-CONTROL-HARDENING,Runtime modal retained as interaction requirement; replace alert/toast-only techniques,P1+,docs/architecture/prototype-parity/,
modal_8e9929409109,public/pulse-html-prototype.html,"{""file"": ""public/pulse-html-prototype.html"", ""startOffset"": 905711, ""endOffset"": 906871, ""startLine"": 4551, ""endLine"": 4551}",prototype-runtime,,,,,,Modal/drawer: Enterprise Sign-In Journey,,Enterprise Sign-In Journey,,,,clinic-scoped-unless-stated,,operational,,,,,PROTOTYPE-ONLY,NOT-STARTED,NOT-STARTED,NOT-STARTED,NOT-STARTED,ADOPTED-WITH-CONTROL-HARDENING,Runtime modal retained as interaction requirement; replace alert/toast-only techniques,P1+,docs/architecture/prototype-parity/,
modal_6ed6822feb9c,public/pulse-html-prototype.html,"{""file"": ""public/pulse-html-prototype.html"", ""startOffset"": 907079, ""endOffset"": 907968, ""startLine"": 4552, ""endLine"": 4552}",prototype-runtime,,,,,,Modal/drawer: Access Review,,Access Review,,,,clinic-scoped-unless-stated,,operational,,,,,PROTOTYPE-ONLY,NOT-STARTED,NOT-STARTED,NOT-STARTED,NOT-STARTED,ADOPTED-WITH-CONTROL-HARDENING,Runtime modal retained as interaction requirement; replace alert/toast-only techniques,P1+,docs/architecture/prototype-parity/,
modal_c058940b3deb,public/pulse-html-prototype.html,"{""file"": ""public/pulse-html-prototype.html"", ""startOffset"": 908229, ""endOffset"": 908946, ""startLine"": 4553, ""endLine"": 4553}",prototype-runtime,,,,,,Modal/drawer: Start Cross-Location Emergency Intervention,,Start Cross-Location Emergency Intervention,,"title,priority,owner",,clinic-scoped-unless-stated,,operational,,,,,PROTOTYPE-ONLY,NOT-STARTED,NOT-STARTED,NOT-STARTED,NOT-STARTED,ADOPTED-WITH-CONTROL-HARDENING,Runtime modal retained as interaction requirement; replace alert/toast-only techniques,P1+,docs/architecture/prototype-parity/,
modal_91e46d571e4a,public/pulse-html-prototype.html,"{""file"": ""public/pulse-html-prototype.html"", ""startOffset"": 911825, ""endOffset"": 912107, ""startLine"": 4558, ""endLine"": 4558}",prototype-runtime,,,,,,Modal/drawer: Link & Deduplicate Alerts,,Link & Deduplicate Alerts,,,,clinic-scoped-unless-stated,,operational,,,,,PROTOTYPE-ONLY,NOT-STARTED,NOT-STARTED,NOT-STARTED,NOT-STARTED,ADOPTED-WITH-CONTROL-HARDENING,Runtime modal retained as interaction requirement; replace alert/toast-only techniques,P1+,docs/architecture/prototype-parity/,
modal_ac050c48aafc,public/pulse-html-prototype.html,"{""file"": ""public/pulse-html-prototype.html"", ""startOffset"": 912729, ""endOffset"": 912927, ""startLine"": 4560, ""endLine"": 4560}",prototype-runtime,,,,,,Modal/drawer: Grant Temporary Cross-Clinic Access,,Grant Temporary Cross-Clinic Access,,person,,clinic-scoped-unless-stated,,operational,,,,,PROTOTYPE-ONLY,NOT-STARTED,NOT-STARTED,NOT-STARTED,NOT-STARTED,ADOPTED-WITH-CONTROL-HARDENING,Runtime modal retained as interaction requirement; replace alert/toast-only techniques,P1+,docs/architecture/prototype-parity/,
modal_0d75b173b9d2,public/pulse-html-prototype.html,"{""file"": ""public/pulse-html-prototype.html"", ""startOffset"": 915356, ""endOffset"": 915560, ""startLine"": 4563, ""endLine"": 4563}",prototype-runtime,,,,,,Modal/drawer: Immediate Administrative Credential Suspension,,Immediate Administrative Credential Suspension,,person,,clinic-scoped-unless-stated,,operational,,,,,PROTOTYPE-ONLY,NOT-STARTED,NOT-STARTED,NOT-STARTED,NOT-STARTED,ADOPTED-WITH-CONTROL-HARDENING,Runtime modal retained as interaction requirement; replace alert/toast-only techniques,P1+,docs/architecture/prototype-parity/,
modal_c993b8df2e3f,public/pulse-html-prototype.html,"{""file"": ""public/pulse-html-prototype.html"", ""startOffset"": 917303, ""endOffset"": 917491, ""startLine"": 4565, ""endLine"": 4565}",prototype-runtime,,,,,,Modal/drawer: Retrospective Contract Amendment,,Retrospective Contract Amendment,,doctor,,clinic-scoped-unless-stated,,operational,,,,,PROTOTYPE-ONLY,NOT-STARTED,NOT-STARTED,NOT-STARTED,NOT-STARTED,ADOPTED-WITH-CONTROL-HARDENING,Runtime modal retained as interaction requirement; replace alert/toast-only techniques,P1+,docs/architecture/prototype-parity/,
modal_2c1033579657,public/pulse-html-prototype.html,"{""file"": ""public/pulse-html-prototype.html"", ""startOffset"": 919296, ""endOffset"": 920236, ""startLine"": 4567, ""endLine"": 4567}",prototype-runtime,,,,,,Modal/drawer: Request Authorised Roster Override,,Request Authorised Roster Override,,reason,,clinic-scoped-unless-stated,,operational,,,,,PROTOTYPE-ONLY,NOT-STARTED,NOT-STARTED,NOT-STARTED,NOT-STARTED,ADOPTED-WITH-CONTROL-HARDENING,Runtime modal retained as interaction requirement; replace alert/toast-only techniques,P1+,docs/architecture/prototype-parity/,
modal_5ff54d694c78,public/pulse-html-prototype.html,"{""file"": ""public/pulse-html-prototype.html"", ""startOffset"": 920906, ""endOffset"": 922189, ""startLine"": 4569, ""endLine"": 4569}",prototype-runtime,,,,,,Modal/drawer: Mobile Location Exception Triage,,Mobile Location Exception Triage,,reason,,clinic-scoped-unless-stated,,operational,,,,,PROTOTYPE-ONLY,NOT-STARTED,NOT-STARTED,NOT-STARTED,NOT-STARTED,ADOPTED-WITH-CONTROL-HARDENING,Runtime modal retained as interaction requirement; replace alert/toast-only techniques,P1+,docs/architecture/prototype-parity/,
modal_44ec6b5be33b,public/pulse-html-prototype.html,"{""file"": ""public/pulse-html-prototype.html"", ""startOffset"": 922706, ""endOffset"": 923130, ""startLine"": 4571, ""endLine"": 4571}",prototype-runtime,,,,,,Modal/drawer: Offline Operational Capture,,Offline Operational Capture,,"type,clinic",,clinic-scoped-unless-stated,,operational,,,,,PROTOTYPE-ONLY,NOT-STARTED,NOT-STARTED,NOT-STARTED,NOT-STARTED,ADOPTED-WITH-CONTROL-HARDENING,Runtime modal retained as interaction requirement; replace alert/toast-only techniques,P1+,docs/architecture/prototype-parity/,
modal_e0b840186f63,public/pulse-html-prototype.html,"{""file"": ""public/pulse-html-prototype.html"", ""startOffset"": 924394, ""endOffset"": 925381, ""startLine"": 4573, ""endLine"": 4573}",prototype-runtime,,,,,,Modal/drawer: Reconciliation Review,,Reconciliation Review,,,,clinic-scoped-unless-stated,,operational,,,,,PROTOTYPE-ONLY,NOT-STARTED,NOT-STARTED,NOT-STARTED,NOT-STARTED,ADOPTED-WITH-CONTROL-HARDENING,Runtime modal retained as interaction requirement; replace alert/toast-only techniques,P1+,docs/architecture/prototype-parity/,
modal_4ee0ec7df165,public/pulse-html-prototype.html,"{""file"": ""public/pulse-html-prototype.html"", ""startOffset"": 926335, ""endOffset"": 927323, ""startLine"": 4576, ""endLine"": 4576}",prototype-runtime,,,,,,Modal/drawer: Third-Party Payroll Export Rejection Triage,,Third-Party Payroll Export Rejection Triage,,,,clinic-scoped-unless-stated,,operational,,,,,PROTOTYPE-ONLY,NOT-STARTED,NOT-STARTED,NOT-STARTED,NOT-STARTED,ADOPTED-WITH-CONTROL-HARDENING,Runtime modal retained as interaction requirement; replace alert/toast-only techniques,P1+,docs/architecture/prototype-parity/,
modal_1cbc665a9129,public/pulse-html-prototype.html,"{""file"": ""public/pulse-html-prototype.html"", ""startOffset"": 928123, ""endOffset"": 928589, ""startLine"": 4578, ""endLine"": 4578}",prototype-runtime,,,,,,Modal/drawer: Cross-Clinic Consolidated Doctor Reconciliation,,Cross-Clinic Consolidated Doctor Reconciliation,,,,clinic-scoped-unless-stated,,operational,,,,,PROTOTYPE-ONLY,NOT-STARTED,NOT-STARTED,NOT-STARTED,NOT-STARTED,ADOPTED-WITH-CONTROL-HARDENING,Runtime modal retained as interaction requirement; replace alert/toast-only techniques,P1+,docs/architecture/prototype-parity/,
modal_cf8a535f0daf,public/pulse-html-prototype.html,"{""file"": ""public/pulse-html-prototype.html"", ""startOffset"": 929977, ""endOffset"": 931516, ""startLine"": 4581, ""endLine"": 4581}",prototype-runtime,,,,,,Modal/drawer: Provision New Medical Group Tenant,,Provision New Medical Group Tenant,,"name,abn,country,admin,plan",,clinic-scoped-unless-stated,,operational,,,,,PROTOTYPE-ONLY,NOT-STARTED,NOT-STARTED,NOT-STARTED,NOT-STARTED,ADOPTED-WITH-CONTROL-HARDENING,Runtime modal retained as interaction requirement; replace alert/toast-only techniques,P1+,docs/architecture/prototype-parity/,
modal_cb355011063e,public/pulse-html-prototype.html,"{""file"": ""public/pulse-html-prototype.html"", ""startOffset"": 933382, ""endOffset"": 934126, ""startLine"": 4584, ""endLine"": 4584}",prototype-runtime,,,,,,Modal/drawer: Change Tenant Status,,Change Tenant Status,,v31TenantStatus,,clinic-scoped-unless-stated,,operational,,,,,PROTOTYPE-ONLY,NOT-STARTED,NOT-STARTED,NOT-STARTED,NOT-STARTED,ADOPTED-WITH-CONTROL-HARDENING,Runtime modal retained as interaction requirement; replace alert/toast-only techniques,P1+,docs/architecture/prototype-parity/,
modal_0be2f7c37ad3,public/pulse-html-prototype.html,"{""file"": ""public/pulse-html-prototype.html"", ""startOffset"": 934782, ""endOffset"": 935519, ""startLine"": 4586, ""endLine"": 4586}",prototype-runtime,,,,,,Modal/drawer: Modify Subscription Tier,,Modify Subscription Tier,,,,clinic-scoped-unless-stated,,operational,,,,,PROTOTYPE-ONLY,NOT-STARTED,NOT-STARTED,NOT-STARTED,NOT-STARTED,ADOPTED-WITH-CONTROL-HARDENING,Runtime modal retained as interaction requirement; replace alert/toast-only techniques,P1+,docs/architecture/prototype-parity/,
modal_f717d77e32d6,public/pulse-html-prototype.html,"{""file"": ""public/pulse-html-prototype.html"", ""startOffset"": 935812, ""endOffset"": 936969, ""startLine"": 4587, ""endLine"": 4587}",prototype-runtime,,,,,,Modal/drawer: Schedule Product Release,,Schedule Product Release,,,,clinic-scoped-unless-stated,,operational,,,,,PROTOTYPE-ONLY,NOT-STARTED,NOT-STARTED,NOT-STARTED,NOT-STARTED,ADOPTED-WITH-CONTROL-HARDENING,Runtime modal retained as interaction requirement; replace alert/toast-only techniques,P1+,docs/architecture/prototype-parity/,
modal_9ae9a53e2e65,public/pulse-html-prototype.html,"{""file"": ""public/pulse-html-prototype.html"", ""startOffset"": 937463, ""endOffset"": 937627, ""startLine"": 4589, ""endLine"": 4589}",prototype-runtime,,,,,,Modal/drawer: Request Client-Approved Support Pass,,Request Client-Approved Support Pass,,,,clinic-scoped-unless-stated,,operational,,,,,PROTOTYPE-ONLY,NOT-STARTED,NOT-STARTED,NOT-STARTED,NOT-STARTED,ADOPTED-WITH-CONTROL-HARDENING,Runtime modal retained as interaction requirement; replace alert/toast-only techniques,P1+,docs/architecture/prototype-parity/,
modal_2d7ac8118c0f,public/pulse-html-prototype.html,"{""file"": ""public/pulse-html-prototype.html"", ""startOffset"": 970418, ""endOffset"": 970667, ""startLine"": 4735, ""endLine"": 4735}",prototype-runtime,,,,,,Modal/drawer: Access Restricted,,Access Restricted,,,,clinic-scoped-unless-stated,,operational,,,,,PROTOTYPE-ONLY,NOT-STARTED,NOT-STARTED,NOT-STARTED,NOT-STARTED,ADOPTED-WITH-CONTROL-HARDENING,Runtime modal retained as interaction requirement; replace alert/toast-only techniques,P1+,docs/architecture/prototype-parity/,
modal_196f3f6f24f0,public/pulse-html-prototype.html,"{""file"": ""public/pulse-html-prototype.html"", ""startOffset"": 1015840, ""endOffset"": 1017105, ""startLine"": 4787, ""endLine"": 4787}",prototype-runtime,,,,,,Modal/drawer: Create Recruitment Vacancy,,Create Recruitment Vacancy,,"title,clinic,type,owner,closing",,clinic-scoped-unless-stated,,operational,,,,,PROTOTYPE-ONLY,NOT-STARTED,NOT-STARTED,NOT-STARTED,NOT-STARTED,ADOPTED-WITH-CONTROL-HARDENING,Runtime modal retained as interaction requirement; replace alert/toast-only techniques,P1+,docs/architecture/prototype-parity/,
modal_23157e547e26,public/pulse-html-prototype.html,"{""file"": ""public/pulse-html-prototype.html"", ""startOffset"": 1018850, ""endOffset"": 1019253, ""startLine"": 4792, ""endLine"": 4792}",prototype-runtime,,,,,,Modal/drawer: Add Candidate,,Add Candidate,,"name,email,vacancy",,clinic-scoped-unless-stated,,operational,,,,,PROTOTYPE-ONLY,NOT-STARTED,NOT-STARTED,NOT-STARTED,NOT-STARTED,ADOPTED-WITH-CONTROL-HARDENING,Runtime modal retained as interaction requirement; replace alert/toast-only techniques,P1+,docs/architecture/prototype-parity/,
modal_0029984f36ba,public/pulse-html-prototype.html,"{""file"": ""public/pulse-html-prototype.html"", ""startOffset"": 1021919, ""endOffset"": 1022737, ""startLine"": 4797, ""endLine"": 4797}",prototype-runtime,,,,,,Modal/drawer: Promote Candidate to Staff Profile,,Promote Candidate to Staff Profile,,"v32PromoteRole,v32PromoteStart",,clinic-scoped-unless-stated,,operational,,,,,PROTOTYPE-ONLY,NOT-STARTED,NOT-STARTED,NOT-STARTED,NOT-STARTED,ADOPTED-WITH-CONTROL-HARDENING,Runtime modal retained as interaction requirement; replace alert/toast-only techniques,P1+,docs/architecture/prototype-parity/,
modal_98b3c5b0a60f,public/pulse-html-prototype.html,"{""file"": ""public/pulse-html-prototype.html"", ""startOffset"": 1023645, ""endOffset"": 1023797, ""startLine"": 4799, ""endLine"": 4799}",prototype-runtime,,,,,,Modal/drawer: Schedule Interview,,Schedule Interview,,,,clinic-scoped-unless-stated,,operational,,,,,PROTOTYPE-ONLY,NOT-STARTED,NOT-STARTED,NOT-STARTED,NOT-STARTED,ADOPTED-WITH-CONTROL-HARDENING,Runtime modal retained as interaction requirement; replace alert/toast-only techniques,P1+,docs/architecture/prototype-parity/,
modal_c97705acc5ad,public/pulse-html-prototype.html,"{""file"": ""public/pulse-html-prototype.html"", ""startOffset"": 1027891, ""endOffset"": 1028662, ""startLine"": 4805, ""endLine"": 4805}",prototype-runtime,,,,,,Modal/drawer: Publish Emergency Website Notice,,Publish Emergency Website Notice,,,,clinic-scoped-unless-stated,,operational,,,,,PROTOTYPE-ONLY,NOT-STARTED,NOT-STARTED,NOT-STARTED,NOT-STARTED,ADOPTED-WITH-CONTROL-HARDENING,Runtime modal retained as interaction requirement; replace alert/toast-only techniques,P1+,docs/architecture/prototype-parity/,
modal_eca05e6a2c8a,public/pulse-html-prototype.html,"{""file"": ""public/pulse-html-prototype.html"", ""startOffset"": 1028931, ""endOffset"": 1029784, ""startLine"": 4806, ""endLine"": 4806}",prototype-runtime,,,,,,Modal/drawer: Initialize Fiscal Forecast Model,,Initialize Fiscal Forecast Model,,,,clinic-scoped-unless-stated,,operational,,,,,PROTOTYPE-ONLY,NOT-STARTED,NOT-STARTED,NOT-STARTED,NOT-STARTED,ADOPTED-WITH-CONTROL-HARDENING,Runtime modal retained as interaction requirement; replace alert/toast-only techniques,P1+,docs/architecture/prototype-parity/,
modal_1c8546059f38,public/pulse-html-prototype.html,"{""file"": ""public/pulse-html-prototype.html"", ""startOffset"": 1030324, ""endOffset"": 1030950, ""startLine"": 4808, ""endLine"": 4808}",prototype-runtime,,,,,,Modal/drawer: Import Actual Ledger Data,,Import Actual Ledger Data,,,,clinic-scoped-unless-stated,,operational,,,,,PROTOTYPE-ONLY,NOT-STARTED,NOT-STARTED,NOT-STARTED,NOT-STARTED,ADOPTED-WITH-CONTROL-HARDENING,Runtime modal retained as interaction requirement; replace alert/toast-only techniques,P1+,docs/architecture/prototype-parity/,
modal_d15d23bbd83b,public/pulse-html-prototype.html,"{""file"": ""public/pulse-html-prototype.html"", ""startOffset"": 1031221, ""endOffset"": 1032124, ""startLine"": 4809, ""endLine"": 4809}",prototype-runtime,,,,,,Modal/drawer: Request Over-Budget Roster Override,,Request Over-Budget Roster Override,,,,clinic-scoped-unless-stated,,operational,,,,,PROTOTYPE-ONLY,NOT-STARTED,NOT-STARTED,NOT-STARTED,NOT-STARTED,ADOPTED-WITH-CONTROL-HARDENING,Runtime modal retained as interaction requirement; replace alert/toast-only techniques,P1+,docs/architecture/prototype-parity/,
modal_88a3ad96bdcf,public/pulse-html-prototype.html,"{""file"": ""public/pulse-html-prototype.html"", ""startOffset"": 1032441, ""endOffset"": 1033460, ""startLine"": 4810, ""endLine"": 4810}",prototype-runtime,,,,,,Modal/drawer: Financial Variance Triage,,Financial Variance Triage,,v32VariancePlan,,clinic-scoped-unless-stated,,operational,,,,,PROTOTYPE-ONLY,NOT-STARTED,NOT-STARTED,NOT-STARTED,NOT-STARTED,ADOPTED-WITH-CONTROL-HARDENING,Runtime modal retained as interaction requirement; replace alert/toast-only techniques,P1+,docs/architecture/prototype-parity/,
modal_65f052a98601,public/pulse-html-prototype.html,"{""file"": ""public/pulse-html-prototype.html"", ""startOffset"": 1033869, ""endOffset"": 1034690, ""startLine"": 4812, ""endLine"": 4812}",prototype-runtime,,,,,,Modal/drawer: Add Forecast Assumption,,Add Forecast Assumption,,,,clinic-scoped-unless-stated,,operational,,,,,PROTOTYPE-ONLY,NOT-STARTED,NOT-STARTED,NOT-STARTED,NOT-STARTED,ADOPTED-WITH-CONTROL-HARDENING,Runtime modal retained as interaction requirement; replace alert/toast-only techniques,P1+,docs/architecture/prototype-parity/,
modal_70043ad78ba7,public/pulse-html-prototype.html,"{""file"": ""public/pulse-html-prototype.html"", ""startOffset"": 1035137, ""endOffset"": 1035964, ""startLine"": 4814, ""endLine"": 4814}",prototype-runtime,,,,,,Modal/drawer: Publish & Disseminate Roster,,Publish & Disseminate Roster,,,,clinic-scoped-unless-stated,,operational,,,,,PROTOTYPE-ONLY,NOT-STARTED,NOT-STARTED,NOT-STARTED,NOT-STARTED,ADOPTED-WITH-CONTROL-HARDENING,Runtime modal retained as interaction requirement; replace alert/toast-only techniques,P1+,docs/architecture/prototype-parity/,
modal_8a942d7cd94e,public/pulse-html-prototype.html,"{""file"": ""public/pulse-html-prototype.html"", ""startOffset"": 1036315, ""endOffset"": 1037117, ""startLine"": 4815, ""endLine"": 4815}",prototype-runtime,,,,,,Modal/drawer: Rooms & Areas Checklist Configurator,,Rooms & Areas Checklist Configurator,,,,clinic-scoped-unless-stated,,operational,,,,,PROTOTYPE-ONLY,NOT-STARTED,NOT-STARTED,NOT-STARTED,NOT-STARTED,ADOPTED-WITH-CONTROL-HARDENING,Runtime modal retained as interaction requirement; replace alert/toast-only techniques,P1+,docs/architecture/prototype-parity/,
modal_2a26fa8d101b,public/pulse-html-prototype.html,"{""file"": ""public/pulse-html-prototype.html"", ""startOffset"": 1037399, ""endOffset"": 1037831, ""startLine"": 4816, ""endLine"": 4816}",prototype-runtime,,,,,,Modal/drawer: Practice Scale-Up / Scale-Down Directive,,Practice Scale-Up / Scale-Down Directive,,,,clinic-scoped-unless-stated,,operational,,,,,PROTOTYPE-ONLY,NOT-STARTED,NOT-STARTED,NOT-STARTED,NOT-STARTED,ADOPTED-WITH-CONTROL-HARDENING,Runtime modal retained as interaction requirement; replace alert/toast-only techniques,P1+,docs/architecture/prototype-parity/,
modal_832a41ac93e9,public/pulse-html-prototype.html,"{""file"": ""public/pulse-html-prototype.html"", ""startOffset"": 1039032, ""endOffset"": 1039890, ""startLine"": 4817, ""endLine"": 4817}",prototype-runtime,,,,,,Modal/drawer: Quality Assurance Training Escalation,,Quality Assurance Training Escalation,,,,clinic-scoped-unless-stated,,operational,,,,,PROTOTYPE-ONLY,NOT-STARTED,NOT-STARTED,NOT-STARTED,NOT-STARTED,ADOPTED-WITH-CONTROL-HARDENING,Runtime modal retained as interaction requirement; replace alert/toast-only techniques,P1+,docs/architecture/prototype-parity/,
modal_050c53ea9997,public/pulse-html-prototype.html,"{""file"": ""public/pulse-html-prototype.html"", ""startOffset"": 1040479, ""endOffset"": 1041530, ""startLine"": 4819, ""endLine"": 4819}",prototype-runtime,,,,,,Modal/drawer: Grant Temporary Mobile Clocking,,Grant Temporary Mobile Clocking,,,,clinic-scoped-unless-stated,,operational,,,,,PROTOTYPE-ONLY,NOT-STARTED,NOT-STARTED,NOT-STARTED,NOT-STARTED,ADOPTED-WITH-CONTROL-HARDENING,Runtime modal retained as interaction requirement; replace alert/toast-only techniques,P1+,docs/architecture/prototype-parity/,
modal_879d9a016025,public/pulse-html-prototype.html,"{""file"": ""public/pulse-html-prototype.html"", ""startOffset"": 1238231, ""endOffset"": 1239370, ""startLine"": 5998, ""endLine"": 6009}",prototype-runtime,,,,,,Modal/drawer: Monthly Management Pack — June 2026,,Monthly Management Pack — June 2026,,,,clinic-scoped-unless-stated,,operational,,,,,PROTOTYPE-ONLY,NOT-STARTED,NOT-STARTED,NOT-STARTED,NOT-STARTED,ADOPTED-WITH-CONTROL-HARDENING,Runtime modal retained as interaction requirement; replace alert/toast-only techniques,P1+,docs/architecture/prototype-parity/,
modal_34ee92f4d87b,public/pulse-html-prototype.html,"{""file"": ""public/pulse-html-prototype.html"", ""startOffset"": 1239918, ""endOffset"": 1241373, ""startLine"": 6020, ""endLine"": 6037}",prototype-runtime,,,,,,Modal/drawer: Publish Announcement,,Publish Announcement,,"m1AnnTitle,m1AnnType,m1AnnMsg,m1AnnAck,Optional PDF or ACT reference",,clinic-scoped-unless-stated,,operational,,,,,PROTOTYPE-ONLY,NOT-STARTED,NOT-STARTED,NOT-STARTED,NOT-STARTED,ADOPTED-WITH-CONTROL-HARDENING,Runtime modal retained as interaction requirement; replace alert/toast-only techniques,P1+,docs/architecture/prototype-parity/,
modal_95c4bf33cbc3,public/pulse-html-prototype.html,"{""file"": ""public/pulse-html-prototype.html"", ""startOffset"": 1242427, ""endOffset"": 1242930, ""startLine"": 6051, ""endLine"": 6055}",prototype-runtime,,,,,,Modal/drawer: Create Action,,Create Action,,"m1NewTitle,m1NewPri,m1NewCat",,clinic-scoped-unless-stated,,operational,,,,,PROTOTYPE-ONLY,NOT-STARTED,NOT-STARTED,NOT-STARTED,NOT-STARTED,ADOPTED-WITH-CONTROL-HARDENING,Runtime modal retained as interaction requirement; replace alert/toast-only techniques,P1+,docs/architecture/prototype-parity/,
modal_9e9b138e58b0,public/pulse-html-prototype.html,"{""file"": ""public/pulse-html-prototype.html"", ""startOffset"": 1245864, ""endOffset"": 1246359, ""startLine"": 6081, ""endLine"": 6083}",prototype-runtime,,,,,,Modal/drawer: Customise Dashboard,,Customise Dashboard,,,,clinic-scoped-unless-stated,,operational,,,,,PROTOTYPE-ONLY,NOT-STARTED,NOT-STARTED,NOT-STARTED,NOT-STARTED,ADOPTED-WITH-CONTROL-HARDENING,Runtime modal retained as interaction requirement; replace alert/toast-only techniques,P1+,docs/architecture/prototype-parity/,
modal_bf1a9ffb1c89,public/pulse-html-prototype.html,"{""file"": ""public/pulse-html-prototype.html"", ""startOffset"": 1246956, ""endOffset"": 1247344, ""startLine"": 6093, ""endLine"": 6095}",prototype-runtime,,,,,,Modal/drawer: Export & Scheduled Reports,,Export & Scheduled Reports,,m1ExpFmt,,clinic-scoped-unless-stated,,operational,,,,,PROTOTYPE-ONLY,NOT-STARTED,NOT-STARTED,NOT-STARTED,NOT-STARTED,ADOPTED-WITH-CONTROL-HARDENING,Runtime modal retained as interaction requirement; replace alert/toast-only techniques,P1+,docs/architecture/prototype-parity/,
modal_dbce1f7da4be,public/pulse-html-prototype.html,"{""file"": ""public/pulse-html-prototype.html"", ""startOffset"": 1248312, ""endOffset"": 1248469, ""startLine"": 6109, ""endLine"": 6109}",prototype-runtime,,,,,,Modal/drawer: Notifications,,Notifications,,,,clinic-scoped-unless-stated,,operational,,,,,PROTOTYPE-ONLY,NOT-STARTED,NOT-STARTED,NOT-STARTED,NOT-STARTED,ADOPTED-WITH-CONTROL-HARDENING,Runtime modal retained as interaction requirement; replace alert/toast-only techniques,P1+,docs/architecture/prototype-parity/,
modal_37c50916ba43,public/pulse-html-prototype.html,"{""file"": ""public/pulse-html-prototype.html"", ""startOffset"": 1248612, ""endOffset"": 1249130, ""startLine"": 6114, ""endLine"": 6122}",prototype-runtime,,,,,,Modal/drawer: End-of-Day Summary,,End-of-Day Summary,,,,clinic-scoped-unless-stated,,operational,,,,,PROTOTYPE-ONLY,NOT-STARTED,NOT-STARTED,NOT-STARTED,NOT-STARTED,ADOPTED-WITH-CONTROL-HARDENING,Runtime modal retained as interaction requirement; replace alert/toast-only techniques,P1+,docs/architecture/prototype-parity/,
conflict_7c51f3fa880f,public/pulse-html-prototype.html,"{""file"": ""public/pulse-html-prototype.html"", ""startOffset"": 176522, ""endOffset"": 176530, ""startLine"": 878, ""endLine"": 878}",prototype-runtime,,,,,,Scope conflict: patient-record,"check-item""><input type=""checkbox"" data-check-index=""${i}"" ${checked.has(i)?'checked':''}><span>${escapeHtml(item)}</spa",,,,,clinic-scoped-unless-stated,,boundary-conflict,,,,,EXCLUDED-WITH-REASON,EXCLUDED-WITH-REASON,NOT-STARTED,NOT-STARTED,NOT-STARTED,EXCLUDED-BY-PRODUCT-BOUNDARY,Boundary=patient-clinical; redesign to retain operational outcome without patient/payment execution,P0-decision,docs/architecture/prototype-parity/,
conflict_fbb7ed5c5518,public/pulse-html-prototype.html,"{""file"": ""public/pulse-html-prototype.html"", ""startOffset"": 177577, ""endOffset"": 177585, ""startLine"": 879, ""endLine"": 879}",prototype-runtime,,,,,,Scope conflict: patient-record,ed=[...document.querySelectorAll('[data-check-index]')].filter(x=>x.checked).map(x=>Number(x.dataset.checkIndex));r.comp,,,,,clinic-scoped-unless-stated,,boundary-conflict,,,,,EXCLUDED-WITH-REASON,EXCLUDED-WITH-REASON,NOT-STARTED,NOT-STARTED,NOT-STARTED,EXCLUDED-BY-PRODUCT-BOUNDARY,Boundary=patient-clinical; redesign to retain operational outcome without patient/payment execution,P0-decision,docs/architecture/prototype-parity/,
conflict_086403425059,public/pulse-html-prototype.html,"{""file"": ""public/pulse-html-prototype.html"", ""startOffset"": 177638, ""endOffset"": 177645, ""startLine"": 879, ""endLine"": 879}",prototype-runtime,,,,,,Scope conflict: patient-record,r(x=>x.checked).map(x=>Number(x.dataset.checkIndex));r.completedItems=checked;r.skippedItems=document.getElementById('ch,,,,,clinic-scoped-unless-stated,,boundary-conflict,,,,,EXCLUDED-WITH-REASON,EXCLUDED-WITH-REASON,NOT-STARTED,NOT-STARTED,NOT-STARTED,EXCLUDED-BY-PRODUCT-BOUNDARY,Boundary=patient-clinical; redesign to retain operational outcome without patient/payment execution,P0-decision,docs/architecture/prototype-parity/,
conflict_49fd0baf18d1,public/pulse-html-prototype.html,"{""file"": ""public/pulse-html-prototype.html"", ""startOffset"": 211730, ""endOffset"": 211742, ""startLine"": 974, ""endLine"": 974}",prototype-runtime,,,,,,Scope conflict: patient-record,"','mental health','pregnancy','script','prescription','cancer','diabetes','hiv','std'];const low=String(text).toLowerCas",,,,,clinic-scoped-unless-stated,,boundary-conflict,,,,,EXCLUDED-WITH-REASON,EXCLUDED-WITH-REASON,NOT-STARTED,NOT-STARTED,NOT-STARTED,EXCLUDED-BY-PRODUCT-BOUNDARY,Boundary=patient-clinical; redesign to retain operational outcome without patient/payment execution,P0-decision,docs/architecture/prototype-parity/,
conflict_3bacdac1064a,public/pulse-html-prototype.html,"{""file"": ""public/pulse-html-prototype.html"", ""startOffset"": 508905, ""endOffset"": 508919, ""startLine"": 2870, ""endLine"": 2870}",prototype-runtime,,,,,,Scope conflict: patient-record,"itical actions remain above the fold."",""Patient records and appointment workflows are not displayed.""],""kind"":""Expanded""",,,,,clinic-scoped-unless-stated,,boundary-conflict,,,,,EXCLUDED-WITH-REASON,EXCLUDED-WITH-REASON,NOT-STARTED,NOT-STARTED,NOT-STARTED,EXCLUDED-BY-PRODUCT-BOUNDARY,Boundary=patient-clinical; redesign to retain operational outcome without patient/payment execution,P0-decision,docs/architecture/prototype-parity/,
conflict_5e51df9e7d7b,public/pulse-html-prototype.html,"{""file"": ""public/pulse-html-prototype.html"", ""startOffset"": 605578, ""endOffset"": 605586, ""startLine"": 2870, ""endLine"": 2870}",prototype-runtime,,,,,,Scope conflict: patient-record,"rnal regulator, insurer, legal or other referral decisions are recorded where applicable."",""Final outcome and lessons fe",,,,,clinic-scoped-unless-stated,,boundary-conflict,,,,,EXCLUDED-WITH-REASON,EXCLUDED-WITH-REASON,NOT-STARTED,NOT-STARTED,NOT-STARTED,EXCLUDED-BY-PRODUCT-BOUNDARY,Boundary=patient-clinical; redesign to retain operational outcome without patient/payment execution,P0-decision,docs/architecture/prototype-parity/,
conflict_6e0818a7e250,public/pulse-html-prototype.html,"{""file"": ""public/pulse-html-prototype.html"", ""startOffset"": 606956, ""endOffset"": 606970, ""startLine"": 2870, ""endLine"": 2870}",prototype-runtime,,,,,,Scope conflict: patient-record,"."",""Workarounds do not create duplicate patient records in this platform."",""Recovery is not complete until critical back",,,,,clinic-scoped-unless-stated,,boundary-conflict,,,,,EXCLUDED-WITH-REASON,EXCLUDED-WITH-REASON,NOT-STARTED,NOT-STARTED,NOT-STARTED,EXCLUDED-BY-PRODUCT-BOUNDARY,Boundary=patient-clinical; redesign to retain operational outcome without patient/payment execution,P0-decision,docs/architecture/prototype-parity/,
conflict_9663f7d9ebc7,public/pulse-html-prototype.html,"{""file"": ""public/pulse-html-prototype.html"", ""startOffset"": 619759, ""endOffset"": 619773, ""startLine"": 2870, ""endLine"": 2870}",prototype-runtime,,,,,,Scope conflict: patient-record,"ier and opens contributing summary, not patient records."",""Manager clicks Create Action to address roster, opening hours",,,,,clinic-scoped-unless-stated,,boundary-conflict,,,,,EXCLUDED-WITH-REASON,EXCLUDED-WITH-REASON,NOT-STARTED,NOT-STARTED,NOT-STARTED,EXCLUDED-BY-PRODUCT-BOUNDARY,Boundary=patient-clinical; redesign to retain operational outcome without patient/payment execution,P0-decision,docs/architecture/prototype-parity/,
conflict_2dca4279045e,public/pulse-html-prototype.html,"{""file"": ""public/pulse-html-prototype.html"", ""startOffset"": 637975, ""endOffset"": 637988, ""startLine"": 2939, ""endLine"": 2939}",prototype-runtime,,,,,,Scope conflict: patient-record,"gistration, demographics, appointments, clinical notes, Medicare/private patient billing and patient invoices remain in",,,,,clinic-scoped-unless-stated,,boundary-conflict,,,,,EXCLUDED-WITH-REASON,EXCLUDED-WITH-REASON,NOT-STARTED,NOT-STARTED,NOT-STARTED,EXCLUDED-BY-PRODUCT-BOUNDARY,Boundary=patient-clinical; redesign to retain operational outcome without patient/payment execution,P0-decision,docs/architecture/prototype-parity/,
conflict_6b9139f99b6b,public/pulse-html-prototype.html,"{""file"": ""public/pulse-html-prototype.html"", ""startOffset"": 884518, ""endOffset"": 884532, ""startLine"": 4521, ""endLine"": 4521}",prototype-runtime,,,,,,Scope conflict: patient-record,"is platform must not create a duplicate patient record.</div><div class=""v31-kpis""><div class=""v31-kpi""><span>Staged Ite",,,,,clinic-scoped-unless-stated,,boundary-conflict,,,,,EXCLUDED-WITH-REASON,EXCLUDED-WITH-REASON,NOT-STARTED,NOT-STARTED,NOT-STARTED,EXCLUDED-BY-PRODUCT-BOUNDARY,Boundary=patient-clinical; redesign to retain operational outcome without patient/payment execution,P0-decision,docs/architecture/prototype-parity/,
conflict_e9c574f000cc,public/pulse-html-prototype.html,"{""file"": ""public/pulse-html-prototype.html"", ""startOffset"": 957229, ""endOffset"": 957237, ""startLine"": 4677, ""endLine"": 4677}",prototype-runtime,,,,,,Scope conflict: patient-record,"stage:'Offer Accepted',source:'Employee referral',score:94,clinic:'Woolloongabba',email:'leah.chen@example.com',status:'",,,,,clinic-scoped-unless-stated,,boundary-conflict,,,,,EXCLUDED-WITH-REASON,EXCLUDED-WITH-REASON,NOT-STARTED,NOT-STARTED,NOT-STARTED,EXCLUDED-BY-PRODUCT-BOUNDARY,Boundary=patient-clinical; redesign to retain operational outcome without patient/payment execution,P0-decision,docs/architecture/prototype-parity/,
conflict_782635531f2f,public/pulse-html-prototype.html,"{""file"": ""public/pulse-html-prototype.html"", ""startOffset"": 989733, ""endOffset"": 989747, ""startLine"": 4757, ""endLine"": 4757}",prototype-runtime,,,,,,Scope conflict: patient-record,"ontent and operational enquiry routing. Patient records, clinical advice, appointment records and patient billing remain",,,,,clinic-scoped-unless-stated,,boundary-conflict,,,,,EXCLUDED-WITH-REASON,EXCLUDED-WITH-REASON,NOT-STARTED,NOT-STARTED,NOT-STARTED,EXCLUDED-BY-PRODUCT-BOUNDARY,Boundary=patient-clinical; redesign to retain operational outcome without patient/payment execution,P0-decision,docs/architecture/prototype-parity/,
conflict_f261f59c50bd,public/pulse-html-prototype.html,"{""file"": ""public/pulse-html-prototype.html"", ""startOffset"": 1019516, ""endOffset"": 1019524, ""startLine"": 4792, ""endLine"": 4792}",prototype-runtime,,,,,,Scope conflict: patient-record,"<option>Indeed</option><option>Employee referral</option></select></div></form>`,`<button class=""btn line"" onclick=""clos",,,,,clinic-scoped-unless-stated,,boundary-conflict,,,,,EXCLUDED-WITH-REASON,EXCLUDED-WITH-REASON,NOT-STARTED,NOT-STARTED,NOT-STARTED,EXCLUDED-BY-PRODUCT-BOUNDARY,Boundary=patient-clinical; redesign to retain operational outcome without patient/payment execution,P0-decision,docs/architecture/prototype-parity/,
conflict_aa074824aca7,public/pulse-html-prototype.html,"{""file"": ""public/pulse-html-prototype.html"", ""startOffset"": 1138072, ""endOffset"": 1138079, ""startLine"": 5115, ""endLine"": 5115}",prototype-runtime,,,,,,Scope conflict: patient-record,"""><button class=""v33-mini-btn"" onclick=""checkInContractorV33('${w.id}')"">Check In</button><button class=""v33-mini-btn pr",,,,,clinic-scoped-unless-stated,,boundary-conflict,,,,,EXCLUDED-WITH-REASON,EXCLUDED-WITH-REASON,NOT-STARTED,NOT-STARTED,NOT-STARTED,EXCLUDED-BY-PRODUCT-BOUNDARY,Boundary=patient-clinical; redesign to retain operational outcome without patient/payment execution,P0-decision,docs/architecture/prototype-parity/,
conflict_3aad3632f186,public/pulse-html-prototype.html,"{""file"": ""public/pulse-html-prototype.html"", ""startOffset"": 1139226, ""endOffset"": 1139233, ""startLine"": 5115, ""endLine"": 5115}",prototype-runtime,,,,,,Scope conflict: patient-record,"tions""><button class=""primary"" onclick=""checkInContractorV33('WO-811')"">Check In</button></div></div><div class=""v33-pag",,,,,clinic-scoped-unless-stated,,boundary-conflict,,,,,EXCLUDED-WITH-REASON,EXCLUDED-WITH-REASON,NOT-STARTED,NOT-STARTED,NOT-STARTED,EXCLUDED-BY-PRODUCT-BOUNDARY,Boundary=patient-clinical; redesign to retain operational outcome without patient/payment execution,P0-decision,docs/architecture/prototype-parity/,
conflict_052d07f6d4a0,public/pulse-html-prototype.html,"{""file"": ""public/pulse-html-prototype.html"", ""startOffset"": 1139450, ""endOffset"": 1139457, ""startLine"": 5115, ""endLine"": 5115}",prototype-runtime,,,,,,Scope conflict: patient-record,"p><div class=""actions""><button onclick=""checkInContractorV33('WO-807')"">View Visit</button></div></div></div>`}else{body",,,,,clinic-scoped-unless-stated,,boundary-conflict,,,,,EXCLUDED-WITH-REASON,EXCLUDED-WITH-REASON,NOT-STARTED,NOT-STARTED,NOT-STARTED,EXCLUDED-BY-PRODUCT-BOUNDARY,Boundary=patient-clinical; redesign to retain operational outcome without patient/payment execution,P0-decision,docs/architecture/prototype-parity/,
conflict_74e9b3ab0d84,public/pulse-html-prototype.html,"{""file"": ""public/pulse-html-prototype.html"", ""startOffset"": 1156539, ""endOffset"": 1156546, ""startLine"": 5126, ""endLine"": 5126}",prototype-runtime,,,,,,Scope conflict: patient-record,d} created from ${ticketId}`)} window.checkInContractorV33=function(id){const w=v33.workOrders.find(x=>x.id===id);open,,,,,clinic-scoped-unless-stated,,boundary-conflict,,,,,EXCLUDED-WITH-REASON,EXCLUDED-WITH-REASON,NOT-STARTED,NOT-STARTED,NOT-STARTED,EXCLUDED-BY-PRODUCT-BOUNDARY,Boundary=patient-clinical; redesign to retain operational outcome without patient/payment execution,P0-decision,docs/architecture/prototype-parity/,
conflict_c570cd5dc8e6,public/pulse-html-prototype.html,"{""file"": ""public/pulse-html-prototype.html"", ""startOffset"": 1156641, ""endOffset"": 1156649, ""startLine"": 5126, ""endLine"": 5126}",prototype-runtime,,,,,,Scope conflict: patient-record,"x=>x.id===id);openV33Dialog('Contractor Check-In',`${w.id} · ${w.supplier}`,`<div class=""form-grid""><div class=""field""><",,,,,clinic-scoped-unless-stated,,boundary-conflict,,,,,EXCLUDED-WITH-REASON,EXCLUDED-WITH-REASON,NOT-STARTED,NOT-STARTED,NOT-STARTED,EXCLUDED-BY-PRODUCT-BOUNDARY,Boundary=patient-clinical; redesign to retain operational outcome without patient/payment execution,P0-decision,docs/architecture/prototype-parity/,
conflict_5f96c71f42b3,public/pulse-html-prototype.html,"{""file"": ""public/pulse-html-prototype.html"", ""startOffset"": 1209529, ""endOffset"": 1209537, ""startLine"": 5697, ""endLine"": 5697}",prototype-runtime,,,,,,Scope conflict: patient-record,"ction-card""> <label class=""m1-check-inline""><input class=""m1-act-check"" type=""checkbox"" value=""${a.id}""/></lab",,,,,clinic-scoped-unless-stated,,boundary-conflict,,,,,EXCLUDED-WITH-REASON,EXCLUDED-WITH-REASON,NOT-STARTED,NOT-STARTED,NOT-STARTED,EXCLUDED-BY-PRODUCT-BOUNDARY,Boundary=patient-clinical; redesign to retain operational outcome without patient/payment execution,P0-decision,docs/architecture/prototype-parity/,
conflict_91724a69bc1d,public/pulse-html-prototype.html,"{""file"": ""public/pulse-html-prototype.html"", ""startOffset"": 1254369, ""endOffset"": 1254377, ""startLine"": 6189, ""endLine"": 6189}",prototype-runtime,,,,,,Scope conflict: patient-record,"40px rgba(15,23,42,.16)} .m1-check,.m1-check-inline{display:flex;gap:8px;align-items:center;font-size:12px;font-weight:",,,,,clinic-scoped-unless-stated,,boundary-conflict,,,,,EXCLUDED-WITH-REASON,EXCLUDED-WITH-REASON,NOT-STARTED,NOT-STARTED,NOT-STARTED,EXCLUDED-BY-PRODUCT-BOUNDARY,Boundary=patient-clinical; redesign to retain operational outcome without patient/payment execution,P0-decision,docs/architecture/prototype-parity/,
conflict_94a630d43fbe,public/pulse-html-prototype.html,"{""file"": ""public/pulse-html-prototype.html"", ""startOffset"": 67385, ""endOffset"": 67393, ""startLine"": 712, ""endLine"": 712}",prototype-runtime,,,,,,Scope conflict: patient-billing,"',default:0},{name:'itemVersion',label:'MBS item master version',type:'text',default:'Current'},{name:'finalAdvice',labe",,,,,clinic-scoped-unless-stated,,boundary-conflict,,,,,EXCLUDED-WITH-REASON,EXCLUDED-WITH-REASON,NOT-STARTED,NOT-STARTED,NOT-STARTED,EXCLUDED-BY-PRODUCT-BOUNDARY,Boundary=financial-patient; redesign to retain operational outcome without patient/payment execution,P0-decision,docs/architecture/prototype-parity/,
conflict_3a095c436f1f,public/pulse-html-prototype.html,"{""file"": ""public/pulse-html-prototype.html"", ""startOffset"": 299779, ""endOffset"": 299787, ""startLine"": 1658, ""endLine"": 1658}",prototype-runtime,,,,,,Scope conflict: patient-billing,"name:'eligibleItemRows',label:'Eligible MBS item rows / item master notes',type:'textarea',full:true}, {name:'exclud",,,,,clinic-scoped-unless-stated,,boundary-conflict,,,,,EXCLUDED-WITH-REASON,EXCLUDED-WITH-REASON,NOT-STARTED,NOT-STARTED,NOT-STARTED,EXCLUDED-BY-PRODUCT-BOUNDARY,Boundary=financial-patient; redesign to retain operational outcome without patient/payment execution,P0-decision,docs/architecture/prototype-parity/,
conflict_95c4e61428a8,public/pulse-html-prototype.html,"{""file"": ""public/pulse-html-prototype.html"", ""startOffset"": 368146, ""endOffset"": 368154, ""startLine"": 2062, ""endLine"": 2062}",prototype-runtime,,,,,,Scope conflict: patient-billing,d Best Practice extraction for eligible MBS item forecast and reconciliation'}); SECTIONS.length=0; SECTIONS.push(,,,,,clinic-scoped-unless-stated,,boundary-conflict,,,,,EXCLUDED-WITH-REASON,EXCLUDED-WITH-REASON,NOT-STARTED,NOT-STARTED,NOT-STARTED,EXCLUDED-BY-PRODUCT-BOUNDARY,Boundary=financial-patient; redesign to retain operational outcome without patient/payment execution,P0-decision,docs/architecture/prototype-parity/,
conflict_52f7791e1641,public/pulse-html-prototype.html,"{""file"": ""public/pulse-html-prototype.html"", ""startOffset"": 638028, ""endOffset"": 638043, ""startLine"": 2939, ""endLine"": 2939}",prototype-runtime,,,,,,Scope conflict: patient-billing,"s, Medicare/private patient billing and patient invoices remain in Best Practice or the relevant clinical system.</span>",,,,,clinic-scoped-unless-stated,,boundary-conflict,,,,,EXCLUDED-WITH-REASON,EXCLUDED-WITH-REASON,NOT-STARTED,NOT-STARTED,NOT-STARTED,EXCLUDED-BY-PRODUCT-BOUNDARY,Boundary=financial-patient; redesign to retain operational outcome without patient/payment execution,P0-decision,docs/architecture/prototype-parity/,
