⨯ SyntaxError: Unexpected end of JSON input
    at JSON.parse (<anonymous>) {
  page: '/staffpay'
}
[browser] Uncaught SyntaxError: Unexpected end of JSON input
    at JSON.parse (<anonymous>)
[browser] Uncaught Error: Hydration failed because the server rendered HTML didn't match the client. As a result this tree will be regenerated on the client. This can happen if a SSR-ed Client Component used:

- A server/client branch `if (typeof window !== 'undefined')`.
- Variable input such as `Date.now()` or `Math.random()` which changes each time it's called.
- Date formatting in a user's locale which doesn't match the server.
- External changing data without sending a snapshot of it along with the HTML.
- Invalid HTML tag nesting.

It can also happen if the client has a browser extension installed which messes with the HTML before React loaded.

https://react.dev/link/hydration-mismatch

  ...
    <SegmentViewNode type="page" pagePath="(portal)/[...">
      <SegmentTrieNode>
      <ModulePage>
        <ModuleWorkspace module={{id:"staffpay", ...}}>
          <PageHeader>
          ...
            <ModuleBody module={{id:"staffpay", ...}}>
              <StaffPayModule>
                <StaffPayWorkspace>
                  <StaffPayProvider>
                    <Suspense fallback={<div>}>
                      <DeepLinkSync>
                      <WorkspaceInner>
                        <div className="m07-shell ..." data-m07-shell="batch6-export" data-workspace-nav="horizontal">
                          <style>
                          <header className="rounded-2x...">
                            <p>
                            <p>
                            <p>
+                           <p className="mt-2 text-xs text-[var(--muted)]" role="status">
-                           <div className="mt-4">
                            ...
                          ...

    at <unknown> (https://react.dev/link/hydration-mismatch)
    at p (<anonymous>)
    at WorkspaceInner (src\modules\m07-staff-pay\StaffPayWorkspace.tsx:114:11)
    at StaffPayWorkspace (src\modules\m07-staff-pay\StaffPayWorkspace.tsx:140:9)
    at StaffPayModule (src\modules\m07-staff-pay\StaffPayModule.tsx:10:10)
    at resolveModuleEntry (src\components\workspaces\ModuleWorkspace.tsx:81:14)
    at ModuleBody (src\components\workspaces\ModuleWorkspace.tsx:122:17)
    at ModuleWorkspace (src\components\workspaces\ModuleWorkspace.tsx:177:11)
    at ModulePage (src\app\(portal)\[module]\page.tsx:78:10)
  112 |         <p className="mt-2 text-xs text-[var(--muted)]">{M07_NON_CERTIFIED_DISCLAIMER}</p>
  113 |         {bootstrap ? (
> 114 |           <p className="mt-2 text-xs text-[var(--muted)]" role="status">
      |           ^
  115 |             Storage bootstrap · schema v9 · v9Ran={String(bootstrap.v9Ran ?? false)}
  116 |           </p>
  117 |         ) : null}
[browser] Uncaught Error: Hydration failed because the server rendered HTML didn't match the client. As a result this tree will be regenerated on the client. This can happen if a SSR-ed Client Component used:

- A server/client branch `if (typeof window !== 'undefined')`.
- Variable input such as `Date.now()` or `Math.random()` which changes each time it's called.
- Date formatting in a user's locale which doesn't match the server.
- External changing data without sending a snapshot of it along with the HTML.
- Invalid HTML tag nesting.

It can also happen if the client has a browser extension installed which messes with the HTML before React loaded.

https://react.dev/link/hydration-mismatch

  ...
    <SegmentViewNode type="page" pagePath="(portal)/[...">
      <SegmentTrieNode>
      <ModulePage>
        <ModuleWorkspace module={{id:"staffpay", ...}}>
          <PageHeader>
          ...
            <ModuleBody module={{id:"staffpay", ...}}>
              <StaffPayModule>
                <StaffPayWorkspace>
                  <StaffPayProvider>
                    <Suspense fallback={<div>}>
                      <DeepLinkSync>
                      <WorkspaceInner>
                        <div className="m07-shell ..." data-m07-shell="batch6-export" data-workspace-nav="horizontal">
                          <style>
                          <header className="rounded-2x...">
                            <p>
                            <p>
                            <p>
+                           <p className="mt-2 text-xs text-[var(--muted)]" role="status">
-                           <div className="mt-4">
                            ...
                          ...

    at <unknown> (https://react.dev/link/hydration-mismatch)
    at p (<anonymous>)
    at WorkspaceInner (src\modules\m07-staff-pay\StaffPayWorkspace.tsx:114:11)
    at StaffPayWorkspace (src\modules\m07-staff-pay\StaffPayWorkspace.tsx:140:9)
    at StaffPayModule (src\modules\m07-staff-pay\StaffPayModule.tsx:10:10)
    at resolveModuleEntry (src\components\workspaces\ModuleWorkspace.tsx:81:14)
    at ModuleBody (src\components\workspaces\ModuleWorkspace.tsx:122:17)
    at ModuleWorkspace (src\components\workspaces\ModuleWorkspace.tsx:177:11)
    at ModulePage (src\app\(portal)\[module]\page.tsx:78:10)
  112 |         <p className="mt-2 text-xs text-[var(--muted)]">{M07_NON_CERTIFIED_DISCLAIMER}</p>
  113 |         {bootstrap ? (
> 114 |           <p className="mt-2 text-xs text-[var(--muted)]" role="status">
      |           ^
  115 |             Storage bootstrap · schema v9 · v9Ran={String(bootstrap.v9Ran ?? false)}
  116 |           </p>
  117 |         ) : null}
[browser] Uncaught Error: Hydration failed because the server rendered text didn't match the client. As a result this tree will be regenerated on the client. This can happen if a SSR-ed Client Component used:

- A server/client branch `if (typeof window !== 'undefined')`.
- Variable input such as `Date.now()` or `Math.random()` which changes each time it's called.
- Date formatting in a user's locale which doesn't match the server.
- External changing data without sending a snapshot of it along with the HTML.
- Invalid HTML tag nesting.

It can also happen if the client has a browser extension installed which messes with the HTML before React loaded.

https://react.dev/link/hydration-mismatch

  ...
    <Suspense fallback={<div>}>
      <DeepLinkSync>
        <StaffDoctorsWorkspaceChrome section="overview" onNavigate={function DeepLinkSync.useCallback[navigateSection]}>
          <div className="grid min-w..." data-workspace-nav="horizontal">
            <div>
            <div className="min-w-0">
              <SectionBody section="overview">
                <OverviewSection>
                  <div className="grid gap-4">
                    <div>
                    <div className="grid gap-3...">
                      <button type="button" className="text-left" onClick={function onClick}>
                        <Metric label="Active staff" value={41} icon="users" tone="success">
                          <div className="flex items...">
                            <div>
                              <div>
                              <div className="mt-1 text-[28px] font-extrabold tracking-tight text-[var(--ink)]">
+                               41
-                               0
                            ...
                      ...
                    ...

    at <unknown> (https://react.dev/link/hydration-mismatch)
    at div (<anonymous>)
    at Metric (src\components\ui\Metric.tsx:36:9)
    at OverviewSection (src\modules\m04-staff-doctors\sections\OverviewSection.tsx:31:11)
    at SectionBody (src\modules\m04-staff-doctors\StaffDoctorsWorkspace.tsx:39:14)
    at StaffDoctorsWorkspaceChrome (src\modules\m04-staff-doctors\StaffDoctorsWorkspace.tsx:119:9)
    at DeepLinkSync (src\modules\m04-staff-doctors\StaffDoctorsWorkspace.tsx:88:10)
    at StaffDoctorsWorkspace (src\modules\m04-staff-doctors\StaffDoctorsWorkspace.tsx:135:9)
    at StaffDoctorsModule (src\modules\m04-staff-doctors\StaffDoctorsModule.tsx:10:10)
    at resolveModuleEntry (src\components\workspaces\ModuleWorkspace.tsx:75:14)
    at ModuleBody (src\components\workspaces\ModuleWorkspace.tsx:122:17)
    at ModuleWorkspace (src\components\workspaces\ModuleWorkspace.tsx:177:11)
    at ModulePage (src\app\(portal)\[module]\page.tsx:78:10)
  34 |           {label}
  35 |         </div>
> 36 |         <div className="mt-1 text-[28px] font-extrabold tracking-tight text-[var(--ink)]">
     |         ^
  37 |           {value}
  38 |         </div>
  39 |       </div>
[browser] Can't perform a React state update on a component that hasn't mounted yet. This indicates that you have a side-effect in your render function that asynchronously tries to update the component. Move this work to useEffect instead. 
[browser] Uncaught Error: Internal Next.js error: Router action dispatched before initialization.
[browser] Uncaught Error: Internal Next.js error: Router action dispatched before initialization.
[browser] Uncaught Error: Hydration failed because the server rendered text didn't match the client. As a result this tree will be regenerated on the client. This can happen if a SSR-ed Client Component used:

- A server/client branch `if (typeof window !== 'undefined')`.
- Variable input such as `Date.now()` or `Math.random()` which changes each time it's called.
- Date formatting in a user's locale which doesn't match the server.
- External changing data without sending a snapshot of it along with the HTML.
- Invalid HTML tag nesting.

It can also happen if the client has a browser extension installed which messes with the HTML before React loaded.

https://react.dev/link/hydration-mismatch

  ...
    <Suspense fallback={<div>}>
      <DeepLinkSync>
        <StaffDoctorsWorkspaceChrome section="overview" onNavigate={function DeepLinkSync.useCallback[navigateSection]}>
          <div className="grid min-w..." data-workspace-nav="horizontal">
            <div>
            <div className="min-w-0">
              <SectionBody section="overview">
                <OverviewSection>
                  <div className="grid gap-4">
                    <div>
                    <div className="grid gap-3...">
                      <button type="button" className="text-left" onClick={function onClick}>
                        <Metric label="Active staff" value={41} icon="users" tone="success">
                          <div className="flex items...">
                            <div>
                              <div>
                              <div className="mt-1 text-[28px] font-extrabold tracking-tight text-[var(--ink)]">
+                               41
-                               0
                            ...
                      ...
                    ...

    at <unknown> (https://react.dev/link/hydration-mismatch)
    at div (<anonymous>)
    at Metric (src\components\ui\Metric.tsx:36:9)
    at OverviewSection (src\modules\m04-staff-doctors\sections\OverviewSection.tsx:31:11)
    at SectionBody (src\modules\m04-staff-doctors\StaffDoctorsWorkspace.tsx:39:14)
    at StaffDoctorsWorkspaceChrome (src\modules\m04-staff-doctors\StaffDoctorsWorkspace.tsx:119:9)
    at DeepLinkSync (src\modules\m04-staff-doctors\StaffDoctorsWorkspace.tsx:88:10)
    at StaffDoctorsWorkspace (src\modules\m04-staff-doctors\StaffDoctorsWorkspace.tsx:135:9)
    at StaffDoctorsModule (src\modules\m04-staff-doctors\StaffDoctorsModule.tsx:10:10)
    at resolveModuleEntry (src\components\workspaces\ModuleWorkspace.tsx:75:14)
    at ModuleBody (src\components\workspaces\ModuleWorkspace.tsx:122:17)
    at ModuleWorkspace (src\components\workspaces\ModuleWorkspace.tsx:177:11)
    at ModulePage (src\app\(portal)\[module]\page.tsx:78:10)
  34 |           {label}
  35 |         </div>
> 36 |         <div className="mt-1 text-[28px] font-extrabold tracking-tight text-[var(--ink)]">
     |         ^
  37 |           {value}
  38 |         </div>
  39 |       </div>
[browser] A tree hydrated but some attributes of the server rendered HTML didn't match the client properties. This won't be patched up. This can happen if a SSR-ed Client Component used:

- A server/client branch `if (typeof window !== 'undefined')`.
- Variable input such as `Date.now()` or `Math.random()` which changes each time it's called.
- Date formatting in a user's locale which doesn't match the server.
- External changing data without sending a snapshot of it along with the HTML.
- Invalid HTML tag nesting.

It can also happen if the client has a browser extension installed which messes with the HTML before React loaded.

https://react.dev/link/hydration-mismatch

  ...
    <HotReload globalError={[...]} webSocket={WebSocket} staticIndicatorState={{pathname:null, ...}}>
      <AppDevOverlayErrorBoundary globalError={[...]}>
        <ReplaySsrOnlyErrors>
        <DevRootHTTPAccessFallbackBoundary>
          <HTTPAccessFallbackBoundary notFound={<NotAllowedRootHTTPFallbackError>}>
            <HTTPAccessFallbackErrorBoundary pathname="/staff-doc..." notFound={<NotAllowedRootHTTPFallbackError>} ...>
              <RedirectBoundary>
                <RedirectErrorBoundary router={{...}}>
                  <Head>
                  <__next_root_layout_boundary__>
                    <SegmentViewNode type="layout" pagePath="layout.tsx">
                      <SegmentTrieNode>
                      <link>
                      <RootLayout>
                        <html lang="en" className="h-full">
                          <body
+                           className="min-h-full antialiased"
-                           className="min-h-full antialiased theme-dark"
                          >
                  ...
 
[browser] Uncaught Error: Hydration failed because the server rendered text didn't match the client. As a result this tree will be regenerated on the client. This can happen if a SSR-ed Client Component used:

- A server/client branch `if (typeof window !== 'undefined')`.
- Variable input such as `Date.now()` or `Math.random()` which changes each time it's called.
- Date formatting in a user's locale which doesn't match the server.
- External changing data without sending a snapshot of it along with the HTML.
- Invalid HTML tag nesting.

It can also happen if the client has a browser extension installed which messes with the HTML before React loaded.

https://react.dev/link/hydration-mismatch

  ...
    <Suspense fallback={<div>}>
      <DeepLinkSync>
        <StaffDoctorsWorkspaceChrome section="overview" onNavigate={function DeepLinkSync.useCallback[navigateSection]}>
          <div className="grid min-w..." data-workspace-nav="horizontal">
            <div>
            <div className="min-w-0">
              <SectionBody section="overview">
                <OverviewSection>
                  <div className="grid gap-4">
                    <div>
                    <div className="grid gap-3...">
                      <button type="button" className="text-left" onClick={function onClick}>
                        <Metric label="Active staff" value={41} icon="users" tone="success">
                          <div className="flex items...">
                            <div>
                              <div>
                              <div className="mt-1 text-[28px] font-extrabold tracking-tight text-[var(--ink)]">
+                               41
-                               0
                            ...
                      ...
                    ...

    at <unknown> (https://react.dev/link/hydration-mismatch)
    at div (<anonymous>)
    at Metric (src\components\ui\Metric.tsx:36:9)
    at OverviewSection (src\modules\m04-staff-doctors\sections\OverviewSection.tsx:31:11)
    at SectionBody (src\modules\m04-staff-doctors\StaffDoctorsWorkspace.tsx:39:14)
    at StaffDoctorsWorkspaceChrome (src\modules\m04-staff-doctors\StaffDoctorsWorkspace.tsx:119:9)
    at DeepLinkSync (src\modules\m04-staff-doctors\StaffDoctorsWorkspace.tsx:88:10)
    at StaffDoctorsWorkspace (src\modules\m04-staff-doctors\StaffDoctorsWorkspace.tsx:135:9)
    at StaffDoctorsModule (src\modules\m04-staff-doctors\StaffDoctorsModule.tsx:10:10)
    at resolveModuleEntry (src\components\workspaces\ModuleWorkspace.tsx:75:14)
    at ModuleBody (src\components\workspaces\ModuleWorkspace.tsx:122:17)
    at ModuleWorkspace (src\components\workspaces\ModuleWorkspace.tsx:177:11)
    at ModulePage (src\app\(portal)\[module]\page.tsx:78:10)
  34 |           {label}
  35 |         </div>
> 36 |         <div className="mt-1 text-[28px] font-extrabold tracking-tight text-[var(--ink)]">
     |         ^
  37 |           {value}
  38 |         </div>
  39 |       </div>
[browser] Uncaught Error: Hydration failed because the server rendered text didn't match the client. As a result this tree will be regenerated on the client. This can happen if a SSR-ed Client Component used:

- A server/client branch `if (typeof window !== 'undefined')`.
- Variable input such as `Date.now()` or `Math.random()` which changes each time it's called.
- Date formatting in a user's locale which doesn't match the server.
- External changing data without sending a snapshot of it along with the HTML.
- Invalid HTML tag nesting.

It can also happen if the client has a browser extension installed which messes with the HTML before React loaded.

https://react.dev/link/hydration-mismatch

  ...
    <Suspense fallback={<div>}>
      <DeepLinkSync>
        <StaffDoctorsWorkspaceChrome section="overview" onNavigate={function DeepLinkSync.useCallback[navigateSection]}>
          <div className="grid min-w..." data-workspace-nav="horizontal">
            <div>
            <div className="min-w-0">
              <SectionBody section="overview">
                <OverviewSection>
                  <div className="grid gap-4">
                    <div>
                    <div className="grid gap-3...">
                      <button type="button" className="text-left" onClick={function onClick}>
                        <Metric label="Active staff" value={41} icon="users" tone="success">
                          <div className="flex items...">
                            <div>
                              <div>
                              <div className="mt-1 text-[28px] font-extrabold tracking-tight text-[var(--ink)]">
+                               41
-                               0
                            ...
                      ...
                    ...

    at <unknown> (https://react.dev/link/hydration-mismatch)
    at div (<anonymous>)
    at Metric (src\components\ui\Metric.tsx:36:9)
    at OverviewSection (src\modules\m04-staff-doctors\sections\OverviewSection.tsx:31:11)
    at SectionBody (src\modules\m04-staff-doctors\StaffDoctorsWorkspace.tsx:39:14)
    at StaffDoctorsWorkspaceChrome (src\modules\m04-staff-doctors\StaffDoctorsWorkspace.tsx:119:9)
    at DeepLinkSync (src\modules\m04-staff-doctors\StaffDoctorsWorkspace.tsx:88:10)
    at StaffDoctorsWorkspace (src\modules\m04-staff-doctors\StaffDoctorsWorkspace.tsx:135:9)
    at StaffDoctorsModule (src\modules\m04-staff-doctors\StaffDoctorsModule.tsx:10:10)
    at resolveModuleEntry (src\components\workspaces\ModuleWorkspace.tsx:75:14)
    at ModuleBody (src\components\workspaces\ModuleWorkspace.tsx:122:17)
    at ModuleWorkspace (src\components\workspaces\ModuleWorkspace.tsx:177:11)
    at ModulePage (src\app\(portal)\[module]\page.tsx:78:10)
  34 |           {label}
  35 |         </div>
> 36 |         <div className="mt-1 text-[28px] font-extrabold tracking-tight text-[var(--ink)]">
     |         ^
  37 |           {value}
  38 |         </div>
  39 |       </div>
[browser] Can't perform a React state update on a component that hasn't mounted yet. This indicates that you have a side-effect in your render function that asynchronously tries to update the component. Move this work to useEffect instead. 
[browser] Can't perform a React state update on a component that hasn't mounted yet. This indicates that you have a side-effect in your render function that asynchronously tries to update the component. Move this work to useEffect instead. 
[browser] Uncaught Error: Hydration failed because the server rendered HTML didn't match the client. As a result this tree will be regenerated on the client. This can happen if a SSR-ed Client Component used:

- A server/client branch `if (typeof window !== 'undefined')`.
- Variable input such as `Date.now()` or `Math.random()` which changes each time it's called.
- Date formatting in a user's locale which doesn't match the server.
- External changing data without sending a snapshot of it along with the HTML.
- Invalid HTML tag nesting.

It can also happen if the client has a browser extension installed which messes with the HTML before React loaded.

https://react.dev/link/hydration-mismatch

  ...
    <RosterModule>
      <RosterWorkspace>
        <RosterProvider>
          <Suspense fallback={<div>}>
            <DeepLinkSync>
              <RosterWorkspaceChrome section="roster-board" ...>
                <div className="grid min-w..." data-workspace-nav="horizontal">
                  <div>
                  <div className="min-w-0">
                    <SectionBody section="roster-board">
                      <RosterBoardSection>
                        <SectionFrame sectionId="roster-board" title="Roster Board">
                          <div className="grid gap-4" data-testid="m05-sectio..." data-m05-section="roster-board" ...>
                            <div>
                            <OfflineState>
                            <div
-                             data-ux-state="offline"
-                             data-testid="m05-ux-offline"
                            >
+                             <p className="m-0 mt-1 text-sm text-[var(--muted)]">
-                             <div
-                               className="rounded-[var(--radius)] border border-[var(--v34-card-line)] bg-[var(--card..."
-                             >
                            ...

    at <unknown> (https://react.dev/link/hydration-mismatch)
    at p (<anonymous>)
    at RosterBoardSection (src\modules\m05-roster\sections\RosterBoardSection.tsx:330:9)
    at SectionBody (src\modules\m05-roster\RosterWorkspace.tsx:48:14)
    at RosterWorkspaceChrome (src\modules\m05-roster\RosterWorkspace.tsx:232:11)
    at DeepLinkSync (src\modules\m05-roster\RosterWorkspace.tsx:167:10)
    at RosterWorkspace (src\modules\m05-roster\RosterWorkspace.tsx:259:9)
    at RosterModule (src\modules\m05-roster\RosterModule.tsx:9:10)
    at resolveModuleEntry (src\components\workspaces\ModuleWorkspace.tsx:77:14)
    at ModuleBody (src\components\workspaces\ModuleWorkspace.tsx:122:17)
    at ModuleWorkspace (src\components\workspaces\ModuleWorkspace.tsx:177:11)
    at ModulePage (src\app\(portal)\[module]\page.tsx:78:10)
  328 |       <OfflineState />
  329 |       <div>
> 330 |         <p className="m-0 mt-1 text-sm text-[var(--muted)]">
      |         ^
  331 |           Build weekly rosters — periods, shifts and assignments. Every assignment runs
  332 |           authoritative M04/platform eligibility.
  333 |         </p>
[browser] Can't perform a React state update on a component that hasn't mounted yet. This indicates that you have a side-effect in your render function that asynchronously tries to update the component. Move this work to useEffect instead. 
⚠ Fast Refresh had to perform a full reload. Read more: https://nextjs.org/docs/messages/fast-refresh-reload
[browser] Uncaught Error: Hydration failed because the server rendered HTML didn't match the client. As a result this tree will be regenerated on the client. This can happen if a SSR-ed Client Component used:

- A server/client branch `if (typeof window !== 'undefined')`.
- Variable input such as `Date.now()` or `Math.random()` which changes each time it's called.
- Date formatting in a user's locale which doesn't match the server.
- External changing data without sending a snapshot of it along with the HTML.
- Invalid HTML tag nesting.

It can also happen if the client has a browser extension installed which messes with the HTML before React loaded.

https://react.dev/link/hydration-mismatch

  ...
    <RosterModule>
      <RosterWorkspace>
        <RosterProvider>
          <Suspense fallback={<div>}>
            <DeepLinkSync>
              <RosterWorkspaceChrome section="roster-board" ...>
                <div className="grid min-w..." data-workspace-nav="horizontal">
                  <div>
                  <div className="min-w-0">
                    <SectionBody section="roster-board">
                      <RosterBoardSection>
                        <SectionFrame sectionId="roster-board" title="Roster Board">
                          <div className="grid gap-4" data-testid="m05-sectio..." data-m05-section="roster-board" ...>
                            <div>
                            <OfflineState>
                            <div
-                             data-ux-state="offline"
-                             data-testid="m05-ux-offline"
                            >
+                             <p className="m-0 mt-1 text-sm text-[var(--muted)]">
-                             <div
-                               className="rounded-[var(--radius)] border border-[var(--v34-card-line)] bg-[var(--card..."
-                             >
                            ...

    at <unknown> (https://react.dev/link/hydration-mismatch)
    at p (<anonymous>)
    at RosterBoardSection (src\modules\m05-roster\sections\RosterBoardSection.tsx:330:9)
    at SectionBody (src\modules\m05-roster\RosterWorkspace.tsx:48:14)
    at RosterWorkspaceChrome (src\modules\m05-roster\RosterWorkspace.tsx:232:11)
    at DeepLinkSync (src\modules\m05-roster\RosterWorkspace.tsx:167:10)
    at RosterWorkspace (src\modules\m05-roster\RosterWorkspace.tsx:259:9)
    at RosterModule (src\modules\m05-roster\RosterModule.tsx:9:10)
    at resolveModuleEntry (src\components\workspaces\ModuleWorkspace.tsx:77:14)
    at ModuleBody (src\components\workspaces\ModuleWorkspace.tsx:122:17)
    at ModuleWorkspace (src\components\workspaces\ModuleWorkspace.tsx:177:11)
    at ModulePage (src\app\(portal)\[module]\page.tsx:78:10)
  328 |       <OfflineState />
  329 |       <div>
> 330 |         <p className="m-0 mt-1 text-sm text-[var(--muted)]">
      |         ^
  331 |           Build weekly rosters — periods, shifts and assignments. Every assignment runs
  332 |           authoritative M04/platform eligibility.
  333 |         </p>
⨯ SyntaxError: Unexpected end of JSON input
    at JSON.parse (<anonymous>) {
  page: '/roster'
}
[browser] Uncaught Error: Hydration failed because the server rendered HTML didn't match the client. As a result this tree will be regenerated on the client. This can happen if a SSR-ed Client Component used:

- A server/client branch `if (typeof window !== 'undefined')`.
- Variable input such as `Date.now()` or `Math.random()` which changes each time it's called.
- Date formatting in a user's locale which doesn't match the server.
- External changing data without sending a snapshot of it along with the HTML.
- Invalid HTML tag nesting.

It can also happen if the client has a browser extension installed which messes with the HTML before React loaded.

https://react.dev/link/hydration-mismatch

  ...
    <RosterModule>
      <RosterWorkspace>
        <RosterProvider>
          <Suspense fallback={<div>}>
            <DeepLinkSync>
              <RosterWorkspaceChrome section="roster-board" ...>
                <div className="grid min-w..." data-workspace-nav="horizontal">
                  <div>
                  <div className="min-w-0">
                    <SectionBody section="roster-board">
                      <RosterBoardSection>
                        <SectionFrame sectionId="roster-board" title="Roster Board">
                          <div className="grid gap-4" data-testid="m05-sectio..." data-m05-section="roster-board" ...>
                            <div>
                            <OfflineState>
                            <div
-                             data-ux-state="offline"
-                             data-testid="m05-ux-offline"
                            >
+                             <p className="m-0 mt-1 text-sm text-[var(--muted)]">
-                             <div
-                               className="rounded-[var(--radius)] border border-[var(--v34-card-line)] bg-[var(--card..."
-                             >
                            ...

    at <unknown> (https://react.dev/link/hydration-mismatch)
    at p (<anonymous>)
    at RosterBoardSection (src\modules\m05-roster\sections\RosterBoardSection.tsx:330:9)
    at SectionBody (src\modules\m05-roster\RosterWorkspace.tsx:48:14)
    at RosterWorkspaceChrome (src\modules\m05-roster\RosterWorkspace.tsx:232:11)
    at DeepLinkSync (src\modules\m05-roster\RosterWorkspace.tsx:167:10)
    at RosterWorkspace (src\modules\m05-roster\RosterWorkspace.tsx:259:9)
    at RosterModule (src\modules\m05-roster\RosterModule.tsx:9:10)
    at resolveModuleEntry (src\components\workspaces\ModuleWorkspace.tsx:77:14)
    at ModuleBody (src\components\workspaces\ModuleWorkspace.tsx:122:17)
    at ModuleWorkspace (src\components\workspaces\ModuleWorkspace.tsx:177:11)
    at ModulePage (src\app\(portal)\[module]\page.tsx:78:10)
  328 |       <OfflineState />
  329 |       <div>
> 330 |         <p className="m-0 mt-1 text-sm text-[var(--muted)]">
      |         ^
  331 |           Build weekly rosters — periods, shifts and assignments. Every assignment runs
  332 |           authoritative M04/platform eligibility.
  333 |         </p>
[browser] Uncaught SyntaxError: Unexpected end of JSON input
    at JSON.parse (<anonymous>)
[browser] A tree hydrated but some attributes of the server rendered HTML didn't match the client properties. This won't be patched up. This can happen if a SSR-ed Client Component used:

- A server/client branch `if (typeof window !== 'undefined')`.
- Variable input such as `Date.now()` or `Math.random()` which changes each time it's called.
- Date formatting in a user's locale which doesn't match the server.
- External changing data without sending a snapshot of it along with the HTML.
- Invalid HTML tag nesting.

It can also happen if the client has a browser extension installed which messes with the HTML before React loaded.

https://react.dev/link/hydration-mismatch

  ...
    <HotReload globalError={[...]} webSocket={WebSocket} staticIndicatorState={{pathname:null, ...}}>
      <AppDevOverlayErrorBoundary globalError={[...]}>
        <ReplaySsrOnlyErrors>
        <DevRootHTTPAccessFallbackBoundary>
          <HTTPAccessFallbackBoundary notFound={<NotAllowedRootHTTPFallbackError>}>
            <HTTPAccessFallbackErrorBoundary pathname="/time-atte..." notFound={<NotAllowedRootHTTPFallbackError>} ...>
              <RedirectBoundary>
                <RedirectErrorBoundary router={{...}}>
                  <Head>
                  <__next_root_layout_boundary__>
                    <SegmentViewNode type="layout" pagePath="layout.tsx">
                      <SegmentTrieNode>
                      <link>
                      <RootLayout>
                        <html lang="en" className="h-full">
                          <body
+                           className="min-h-full antialiased"
-                           className="min-h-full antialiased theme-dark"
                          >
                  ...
 
[browser] Can't perform a React state update on a component that hasn't mounted yet. This indicates that you have a side-effect in your render function that asynchronously tries to update the component. Move this work to useEffect instead. 
[browser] A tree hydrated but some attributes of the server rendered HTML didn't match the client properties. This won't be patched up. This can happen if a SSR-ed Client Component used:

- A server/client branch `if (typeof window !== 'undefined')`.
- Variable input such as `Date.now()` or `Math.random()` which changes each time it's called.
- Date formatting in a user's locale which doesn't match the server.
- External changing data without sending a snapshot of it along with the HTML.
- Invalid HTML tag nesting.

It can also happen if the client has a browser extension installed which messes with the HTML before React loaded.

https://react.dev/link/hydration-mismatch

  ...
    <HotReload globalError={[...]} webSocket={WebSocket} staticIndicatorState={{pathname:null, ...}}>
      <AppDevOverlayErrorBoundary globalError={[...]}>
        <ReplaySsrOnlyErrors>
        <DevRootHTTPAccessFallbackBoundary>
          <HTTPAccessFallbackBoundary notFound={<NotAllowedRootHTTPFallbackError>}>
            <HTTPAccessFallbackErrorBoundary pathname="/staffpay" notFound={<NotAllowedRootHTTPFallbackError>} ...>
              <RedirectBoundary>
                <RedirectErrorBoundary router={{...}}>
                  <Head>
                  <__next_root_layout_boundary__>
                    <SegmentViewNode type="layout" pagePath="layout.tsx">
                      <SegmentTrieNode>
                      <link>
                      <RootLayout>
                        <html lang="en" className="h-full">
                          <body
+                           className="min-h-full antialiased"
-                           className="min-h-full antialiased theme-dark"
                          >
                  ...
 
⚠ Fast Refresh had to perform a full reload. Read more: https://nextjs.org/docs/messages/fast-refresh-reload
[browser] Uncaught Error: Hydration failed because the server rendered HTML didn't match the client. As a result this tree will be regenerated on the client. This can happen if a SSR-ed Client Component used:

- A server/client branch `if (typeof window !== 'undefined')`.
- Variable input such as `Date.now()` or `Math.random()` which changes each time it's called.
- Date formatting in a user's locale which doesn't match the server.
- External changing data without sending a snapshot of it along with the HTML.
- Invalid HTML tag nesting.

It can also happen if the client has a browser extension installed which messes with the HTML before React loaded.

https://react.dev/link/hydration-mismatch

  ...
    <SegmentViewNode type="page" pagePath="(portal)/[...">
      <SegmentTrieNode>
      <ModulePage>
        <ModuleWorkspace module={{id:"staffpay", ...}}>
          <PageHeader>
          ...
            <ModuleBody module={{id:"staffpay", ...}}>
              <StaffPayModule>
                <StaffPayWorkspace>
                  <StaffPayProvider>
                    <Suspense fallback={<div>}>
                      <DeepLinkSync>
                      <WorkspaceInner>
                        <div className="m07-shell ..." data-m07-shell="batch6-export" data-workspace-nav="horizontal">
                          <style>
                          <header className="rounded-2x...">
                            <p>
                            <p>
                            <p>
+                           <p className="mt-2 text-xs text-[var(--muted)]" role="status">
-                           <div className="mt-4">
                            ...
                          ...

    at <unknown> (https://react.dev/link/hydration-mismatch)
    at p (<anonymous>)
    at WorkspaceInner (src\modules\m07-staff-pay\StaffPayWorkspace.tsx:114:11)
    at StaffPayWorkspace (src\modules\m07-staff-pay\StaffPayWorkspace.tsx:140:9)
    at StaffPayModule (src\modules\m07-staff-pay\StaffPayModule.tsx:10:10)
    at resolveModuleEntry (src\components\workspaces\ModuleWorkspace.tsx:81:14)
    at ModuleBody (src\components\workspaces\ModuleWorkspace.tsx:122:17)
    at ModuleWorkspace (src\components\workspaces\ModuleWorkspace.tsx:177:11)
    at ModulePage (src\app\(portal)\[module]\page.tsx:78:10)
  112 |         <p className="mt-2 text-xs text-[var(--muted)]">{M07_NON_CERTIFIED_DISCLAIMER}</p>
  113 |         {bootstrap ? (
> 114 |           <p className="mt-2 text-xs text-[var(--muted)]" role="status">
      |           ^
  115 |             Storage bootstrap · schema v9 · v9Ran={String(bootstrap.v9Ran ?? false)}
  116 |           </p>
  117 |         ) : null}
[browser] Uncaught Error: Hydration failed because the server rendered HTML didn't match the client. As a result this tree will be regenerated on the client. This can happen if a SSR-ed Client Component used:

- A server/client branch `if (typeof window !== 'undefined')`.
- Variable input such as `Date.now()` or `Math.random()` which changes each time it's called.
- Date formatting in a user's locale which doesn't match the server.
- External changing data without sending a snapshot of it along with the HTML.
- Invalid HTML tag nesting.

It can also happen if the client has a browser extension installed which messes with the HTML before React loaded.

https://react.dev/link/hydration-mismatch

  ...
    <SegmentViewNode type="page" pagePath="(portal)/[...">
      <SegmentTrieNode>
      <ModulePage>
        <ModuleWorkspace module={{id:"staffpay", ...}}>
          <PageHeader>
          ...
            <ModuleBody module={{id:"staffpay", ...}}>
              <StaffPayModule>
                <StaffPayWorkspace>
                  <StaffPayProvider>
                    <Suspense fallback={<div>}>
                      <DeepLinkSync>
                      <WorkspaceInner>
                        <div className="m07-shell ..." data-m07-shell="batch6-export" data-workspace-nav="horizontal">
                          <style>
                          <header className="rounded-2x...">
                            <p>
                            <p>
                            <p>
+                           <p className="mt-2 text-xs text-[var(--muted)]" role="status">
-                           <div className="mt-4">
                            ...
                          ...

    at <unknown> (https://react.dev/link/hydration-mismatch)
    at p (<anonymous>)
    at WorkspaceInner (src\modules\m07-staff-pay\StaffPayWorkspace.tsx:114:11)
    at StaffPayWorkspace (src\modules\m07-staff-pay\StaffPayWorkspace.tsx:140:9)
    at StaffPayModule (src\modules\m07-staff-pay\StaffPayModule.tsx:10:10)
    at resolveModuleEntry (src\components\workspaces\ModuleWorkspace.tsx:81:14)
    at ModuleBody (src\components\workspaces\ModuleWorkspace.tsx:122:17)
    at ModuleWorkspace (src\components\workspaces\ModuleWorkspace.tsx:177:11)
    at ModulePage (src\app\(portal)\[module]\page.tsx:78:10)
  112 |         <p className="mt-2 text-xs text-[var(--muted)]">{M07_NON_CERTIFIED_DISCLAIMER}</p>
  113 |         {bootstrap ? (
> 114 |           <p className="mt-2 text-xs text-[var(--muted)]" role="status">
      |           ^
  115 |             Storage bootstrap · schema v9 · v9Ran={String(bootstrap.v9Ran ?? false)}
  116 |           </p>
  117 |         ) : null}
[browser] A tree hydrated but some attributes of the server rendered HTML didn't match the client properties. This won't be patched up. This can happen if a SSR-ed Client Component used:

- A server/client branch `if (typeof window !== 'undefined')`.
- Variable input such as `Date.now()` or `Math.random()` which changes each time it's called.
- Date formatting in a user's locale which doesn't match the server.
- External changing data without sending a snapshot of it along with the HTML.
- Invalid HTML tag nesting.

It can also happen if the client has a browser extension installed which messes with the HTML before React loaded.

https://react.dev/link/hydration-mismatch

  ...
    <HotReload globalError={[...]} webSocket={WebSocket} staticIndicatorState={{pathname:null, ...}}>
      <AppDevOverlayErrorBoundary globalError={[...]}>
        <ReplaySsrOnlyErrors>
        <DevRootHTTPAccessFallbackBoundary>
          <HTTPAccessFallbackBoundary notFound={<NotAllowedRootHTTPFallbackError>}>
            <HTTPAccessFallbackErrorBoundary pathname="/staffpay" notFound={<NotAllowedRootHTTPFallbackError>} ...>
              <RedirectBoundary>
                <RedirectErrorBoundary router={{...}}>
                  <Head>
                  <__next_root_layout_boundary__>
                    <SegmentViewNode type="layout" pagePath="layout.tsx">
                      <SegmentTrieNode>
                      <link>
                      <RootLayout>
                        <html lang="en" className="h-full">
                          <body
+                           className="min-h-full antialiased"
-                           className="min-h-full antialiased theme-dark"
                          >
                  ...
 
[browser] Uncaught Error: Hydration failed because the server rendered HTML didn't match the client. As a result this tree will be regenerated on the client. This can happen if a SSR-ed Client Component used:

- A server/client branch `if (typeof window !== 'undefined')`.
- Variable input such as `Date.now()` or `Math.random()` which changes each time it's called.
- Date formatting in a user's locale which doesn't match the server.
- External changing data without sending a snapshot of it along with the HTML.
- Invalid HTML tag nesting.

It can also happen if the client has a browser extension installed which messes with the HTML before React loaded.

https://react.dev/link/hydration-mismatch

  ...
    <SegmentViewNode type="page" pagePath="(portal)/[...">
      <SegmentTrieNode>
      <ModulePage>
        <ModuleWorkspace module={{id:"staffpay", ...}}>
          <PageHeader>
          ...
            <ModuleBody module={{id:"staffpay", ...}}>
              <StaffPayModule>
                <StaffPayWorkspace>
                  <StaffPayProvider>
                    <Suspense fallback={<div>}>
                      <DeepLinkSync>
                      <WorkspaceInner>
                        <div className="m07-shell ..." data-m07-shell="batch6-export" data-workspace-nav="horizontal">
                          <style>
                          <header className="rounded-2x...">
                            <p>
                            <p>
                            <p>
+                           <p className="mt-2 text-xs text-[var(--muted)]" role="status">
-                           <div className="mt-4">
                            ...
                          ...

    at <unknown> (https://react.dev/link/hydration-mismatch)
    at p (<anonymous>)
    at WorkspaceInner (src\modules\m07-staff-pay\StaffPayWorkspace.tsx:114:11)
    at StaffPayWorkspace (src\modules\m07-staff-pay\StaffPayWorkspace.tsx:140:9)
    at StaffPayModule (src\modules\m07-staff-pay\StaffPayModule.tsx:10:10)
    at resolveModuleEntry (src\components\workspaces\ModuleWorkspace.tsx:81:14)
    at ModuleBody (src\components\workspaces\ModuleWorkspace.tsx:122:17)
    at ModuleWorkspace (src\components\workspaces\ModuleWorkspace.tsx:177:11)
    at ModulePage (src\app\(portal)\[module]\page.tsx:78:10)
  112 |         <p className="mt-2 text-xs text-[var(--muted)]">{M07_NON_CERTIFIED_DISCLAIMER}</p>
  113 |         {bootstrap ? (
> 114 |           <p className="mt-2 text-xs text-[var(--muted)]" role="status">
      |           ^
  115 |             Storage bootstrap · schema v9 · v9Ran={String(bootstrap.v9Ran ?? false)}
  116 |           </p>
  117 |         ) : null}
[browser] Uncaught Error: Hydration failed because the server rendered HTML didn't match the client. As a result this tree will be regenerated on the client. This can happen if a SSR-ed Client Component used:

- A server/client branch `if (typeof window !== 'undefined')`.
- Variable input such as `Date.now()` or `Math.random()` which changes each time it's called.
- Date formatting in a user's locale which doesn't match the server.
- External changing data without sending a snapshot of it along with the HTML.
- Invalid HTML tag nesting.

It can also happen if the client has a browser extension installed which messes with the HTML before React loaded.

https://react.dev/link/hydration-mismatch

  ...
    <SegmentViewNode type="page" pagePath="(portal)/[...">
      <SegmentTrieNode>
      <ModulePage>
        <ModuleWorkspace module={{id:"staffpay", ...}}>
          <PageHeader>
          ...
            <ModuleBody module={{id:"staffpay", ...}}>
              <StaffPayModule>
                <StaffPayWorkspace>
                  <StaffPayProvider>
                    <Suspense fallback={<div>}>
                      <DeepLinkSync>
                      <WorkspaceInner>
                        <div className="m07-shell ..." data-m07-shell="batch6-export" data-workspace-nav="horizontal">
                          <style>
                          <header className="rounded-2x...">
                            <p>
                            <p>
                            <p>
+                           <p className="mt-2 text-xs text-[var(--muted)]" role="status">
-                           <div className="mt-4">
                            ...
                          ...

    at <unknown> (https://react.dev/link/hydration-mismatch)
    at p (<anonymous>)
    at WorkspaceInner (src\modules\m07-staff-pay\StaffPayWorkspace.tsx:114:11)
    at StaffPayWorkspace (src\modules\m07-staff-pay\StaffPayWorkspace.tsx:140:9)
    at StaffPayModule (src\modules\m07-staff-pay\StaffPayModule.tsx:10:10)
    at resolveModuleEntry (src\components\workspaces\ModuleWorkspace.tsx:81:14)
    at ModuleBody (src\components\workspaces\ModuleWorkspace.tsx:122:17)
    at ModuleWorkspace (src\components\workspaces\ModuleWorkspace.tsx:177:11)
    at ModulePage (src\app\(portal)\[module]\page.tsx:78:10)
  112 |         <p className="mt-2 text-xs text-[var(--muted)]">{M07_NON_CERTIFIED_DISCLAIMER}</p>
  113 |         {bootstrap ? (
> 114 |           <p className="mt-2 text-xs text-[var(--muted)]" role="status">
      |           ^
  115 |             Storage bootstrap · schema v9 · v9Ran={String(bootstrap.v9Ran ?? false)}
  116 |           </p>
  117 |         ) : null}
[browser] A tree hydrated but some attributes of the server rendered HTML didn't match the client properties. This won't be patched up. This can happen if a SSR-ed Client Component used:

- A server/client branch `if (typeof window !== 'undefined')`.
- Variable input such as `Date.now()` or `Math.random()` which changes each time it's called.
- Date formatting in a user's locale which doesn't match the server.
- External changing data without sending a snapshot of it along with the HTML.
- Invalid HTML tag nesting.

It can also happen if the client has a browser extension installed which messes with the HTML before React loaded.

https://react.dev/link/hydration-mismatch

  ...
    <HotReload globalError={[...]} webSocket={WebSocket} staticIndicatorState={{pathname:null, ...}}>
      <AppDevOverlayErrorBoundary globalError={[...]}>
        <ReplaySsrOnlyErrors>
        <DevRootHTTPAccessFallbackBoundary>
          <HTTPAccessFallbackBoundary notFound={<NotAllowedRootHTTPFallbackError>}>
            <HTTPAccessFallbackErrorBoundary pathname="/staffpay" notFound={<NotAllowedRootHTTPFallbackError>} ...>
              <RedirectBoundary>
                <RedirectErrorBoundary router={{...}}>
                  <Head>
                  <__next_root_layout_boundary__>
                    <SegmentViewNode type="layout" pagePath="layout.tsx">
                      <SegmentTrieNode>
                      <link>
                      <RootLayout>
                        <html lang="en" className="h-full">
                          <body
+                           className="min-h-full antialiased"
-                           className="min-h-full antialiased theme-dark"
                          >
                  ...
 
[browser] Uncaught Error: Hydration failed because the server rendered HTML didn't match the client. As a result this tree will be regenerated on the client. This can happen if a SSR-ed Client Component used:

- A server/client branch `if (typeof window !== 'undefined')`.
- Variable input such as `Date.now()` or `Math.random()` which changes each time it's called.
- Date formatting in a user's locale which doesn't match the server.
- External changing data without sending a snapshot of it along with the HTML.
- Invalid HTML tag nesting.

It can also happen if the client has a browser extension installed which messes with the HTML before React loaded.

https://react.dev/link/hydration-mismatch

  ...
    <SegmentViewNode type="page" pagePath="(portal)/[...">
      <SegmentTrieNode>
      <ModulePage>
        <ModuleWorkspace module={{id:"staffpay", ...}}>
          <PageHeader>
          ...
            <ModuleBody module={{id:"staffpay", ...}}>
              <StaffPayModule>
                <StaffPayWorkspace>
                  <StaffPayProvider>
                    <Suspense fallback={<div>}>
                      <DeepLinkSync>
                      <WorkspaceInner>
                        <div className="m07-shell ..." data-m07-shell="batch6-export" data-workspace-nav="horizontal">
                          <style>
                          <header className="rounded-2x...">
                            <p>
                            <p>
                            <p>
+                           <p className="mt-2 text-xs text-[var(--muted)]" role="status">
-                           <div className="mt-4">
                            ...
                          ...

    at <unknown> (https://react.dev/link/hydration-mismatch)
    at p (<anonymous>)
    at WorkspaceInner (src\modules\m07-staff-pay\StaffPayWorkspace.tsx:114:11)
    at StaffPayWorkspace (src\modules\m07-staff-pay\StaffPayWorkspace.tsx:140:9)
    at StaffPayModule (src\modules\m07-staff-pay\StaffPayModule.tsx:10:10)
    at resolveModuleEntry (src\components\workspaces\ModuleWorkspace.tsx:81:14)
    at ModuleBody (src\components\workspaces\ModuleWorkspace.tsx:122:17)
    at ModuleWorkspace (src\components\workspaces\ModuleWorkspace.tsx:177:11)
    at ModulePage (src\app\(portal)\[module]\page.tsx:78:10)
  112 |         <p className="mt-2 text-xs text-[var(--muted)]">{M07_NON_CERTIFIED_DISCLAIMER}</p>
  113 |         {bootstrap ? (
> 114 |           <p className="mt-2 text-xs text-[var(--muted)]" role="status">
      |           ^
  115 |             Storage bootstrap · schema v9 · v9Ran={String(bootstrap.v9Ran ?? false)}
  116 |           </p>
  117 |         ) : null}
[browser] Can't perform a React state update on a component that hasn't mounted yet. This indicates that you have a side-effect in your render function that asynchronously tries to update the component. Move this work to useEffect instead. 
[browser] Uncaught Error: Hydration failed because the server rendered HTML didn't match the client. As a result this tree will be regenerated on the client. This can happen if a SSR-ed Client Component used:

- A server/client branch `if (typeof window !== 'undefined')`.
- Variable input such as `Date.now()` or `Math.random()` which changes each time it's called.
- Date formatting in a user's locale which doesn't match the server.
- External changing data without sending a snapshot of it along with the HTML.
- Invalid HTML tag nesting.

It can also happen if the client has a browser extension installed which messes with the HTML before React loaded.

https://react.dev/link/hydration-mismatch

  ...
    <SegmentViewNode type="page" pagePath="(portal)/[...">
      <SegmentTrieNode>
      <ModulePage>
        <ModuleWorkspace module={{id:"staffpay", ...}}>
          <PageHeader>
          ...
            <ModuleBody module={{id:"staffpay", ...}}>
              <StaffPayModule>
                <StaffPayWorkspace>
                  <StaffPayProvider>
                    <Suspense fallback={<div>}>
                      <DeepLinkSync>
                      <WorkspaceInner>
                        <div className="m07-shell ..." data-m07-shell="batch6-export" data-workspace-nav="horizontal">
                          <style>
                          <header className="rounded-2x...">
                            <p>
                            <p>
                            <p>
+                           <p className="mt-2 text-xs text-[var(--muted)]" role="status">
-                           <div className="mt-4">
                            ...
                          ...

    at <unknown> (https://react.dev/link/hydration-mismatch)
    at p (<anonymous>)
    at WorkspaceInner (src\modules\m07-staff-pay\StaffPayWorkspace.tsx:114:11)
    at StaffPayWorkspace (src\modules\m07-staff-pay\StaffPayWorkspace.tsx:140:9)
    at StaffPayModule (src\modules\m07-staff-pay\StaffPayModule.tsx:10:10)
    at resolveModuleEntry (src\components\workspaces\ModuleWorkspace.tsx:81:14)
    at ModuleBody (src\components\workspaces\ModuleWorkspace.tsx:122:17)
    at ModuleWorkspace (src\components\workspaces\ModuleWorkspace.tsx:177:11)
    at ModulePage (src\app\(portal)\[module]\page.tsx:78:10)
  112 |         <p className="mt-2 text-xs text-[var(--muted)]">{M07_NON_CERTIFIED_DISCLAIMER}</p>
  113 |         {bootstrap ? (
> 114 |           <p className="mt-2 text-xs text-[var(--muted)]" role="status">
      |           ^
  115 |             Storage bootstrap · schema v9 · v9Ran={String(bootstrap.v9Ran ?? false)}
  116 |           </p>
  117 |         ) : null}
[browser] A tree hydrated but some attributes of the server rendered HTML didn't match the client properties. This won't be patched up. This can happen if a SSR-ed Client Component used:

- A server/client branch `if (typeof window !== 'undefined')`.
- Variable input such as `Date.now()` or `Math.random()` which changes each time it's called.
- Date formatting in a user's locale which doesn't match the server.
- External changing data without sending a snapshot of it along with the HTML.
- Invalid HTML tag nesting.

It can also happen if the client has a browser extension installed which messes with the HTML before React loaded.

https://react.dev/link/hydration-mismatch

  ...
    <HotReload globalError={[...]} webSocket={WebSocket} staticIndicatorState={{pathname:null, ...}}>
      <AppDevOverlayErrorBoundary globalError={[...]}>
        <ReplaySsrOnlyErrors>
        <DevRootHTTPAccessFallbackBoundary>
          <HTTPAccessFallbackBoundary notFound={<NotAllowedRootHTTPFallbackError>}>
            <HTTPAccessFallbackErrorBoundary pathname="/staffpay" notFound={<NotAllowedRootHTTPFallbackError>} ...>
              <RedirectBoundary>
                <RedirectErrorBoundary router={{...}}>
                  <Head>
                  <__next_root_layout_boundary__>
                    <SegmentViewNode type="layout" pagePath="layout.tsx">
                      <SegmentTrieNode>
                      <link>
                      <RootLayout>
                        <html lang="en" className="h-full">
                          <body
+                           className="min-h-full antialiased"
-                           className="min-h-full antialiased theme-dark"
                          >
                  ...
 
[browser] Uncaught Error: Hydration failed because the server rendered HTML didn't match the client. As a result this tree will be regenerated on the client. This can happen if a SSR-ed Client Component used:

- A server/client branch `if (typeof window !== 'undefined')`.
- Variable input such as `Date.now()` or `Math.random()` which changes each time it's called.
- Date formatting in a user's locale which doesn't match the server.
- External changing data without sending a snapshot of it along with the HTML.
- Invalid HTML tag nesting.

It can also happen if the client has a browser extension installed which messes with the HTML before React loaded.

https://react.dev/link/hydration-mismatch

  ...
    <SegmentViewNode type="page" pagePath="(portal)/[...">
      <SegmentTrieNode>
      <ModulePage>
        <ModuleWorkspace module={{id:"staffpay", ...}}>
          <PageHeader>
          ...
            <ModuleBody module={{id:"staffpay", ...}}>
              <StaffPayModule>
                <StaffPayWorkspace>
                  <StaffPayProvider>
                    <Suspense fallback={<div>}>
                      <DeepLinkSync>
                      <WorkspaceInner>
                        <div className="m07-shell ..." data-m07-shell="batch6-export" data-workspace-nav="horizontal">
                          <style>
                          <header className="rounded-2x...">
                            <p>
                            <p>
                            <p>
+                           <p className="mt-2 text-xs text-[var(--muted)]" role="status">
-                           <div className="mt-4">
                            ...
                          ...

    at <unknown> (https://react.dev/link/hydration-mismatch)
    at p (<anonymous>)
    at WorkspaceInner (src\modules\m07-staff-pay\StaffPayWorkspace.tsx:114:11)
    at StaffPayWorkspace (src\modules\m07-staff-pay\StaffPayWorkspace.tsx:140:9)
    at StaffPayModule (src\modules\m07-staff-pay\StaffPayModule.tsx:10:10)
    at resolveModuleEntry (src\components\workspaces\ModuleWorkspace.tsx:81:14)
    at ModuleBody (src\components\workspaces\ModuleWorkspace.tsx:122:17)
    at ModuleWorkspace (src\components\workspaces\ModuleWorkspace.tsx:177:11)
    at ModulePage (src\app\(portal)\[module]\page.tsx:78:10)
  112 |         <p className="mt-2 text-xs text-[var(--muted)]">{M07_NON_CERTIFIED_DISCLAIMER}</p>
  113 |         {bootstrap ? (
> 114 |           <p className="mt-2 text-xs text-[var(--muted)]" role="status">
      |           ^
  115 |             Storage bootstrap · schema v9 · v9Ran={String(bootstrap.v9Ran ?? false)}
  116 |           </p>
  117 |         ) : null}
[browser] A tree hydrated but some attributes of the server rendered HTML didn't match the client properties. This won't be patched up. This can happen if a SSR-ed Client Component used:

- A server/client branch `if (typeof window !== 'undefined')`.
- Variable input such as `Date.now()` or `Math.random()` which changes each time it's called.
- Date formatting in a user's locale which doesn't match the server.
- External changing data without sending a snapshot of it along with the HTML.
- Invalid HTML tag nesting.

It can also happen if the client has a browser extension installed which messes with the HTML before React loaded.

https://react.dev/link/hydration-mismatch

  ...
    <HotReload globalError={[...]} webSocket={WebSocket} staticIndicatorState={{pathname:null, ...}}>
      <AppDevOverlayErrorBoundary globalError={[...]}>
        <ReplaySsrOnlyErrors>
        <DevRootHTTPAccessFallbackBoundary>
          <HTTPAccessFallbackBoundary notFound={<NotAllowedRootHTTPFallbackError>}>
            <HTTPAccessFallbackErrorBoundary pathname="/staffpay" notFound={<NotAllowedRootHTTPFallbackError>} ...>
              <RedirectBoundary>
                <RedirectErrorBoundary router={{...}}>
                  <Head>
                  <__next_root_layout_boundary__>
                    <SegmentViewNode type="layout" pagePath="layout.tsx">
                      <SegmentTrieNode>
                      <link>
                      <RootLayout>
                        <html lang="en" className="h-full">
                          <body
+                           className="min-h-full antialiased"
-                           className="min-h-full antialiased theme-dark"
                          >
                  ...
 
[browser] Uncaught Error: Hydration failed because the server rendered HTML didn't match the client. As a result this tree will be regenerated on the client. This can happen if a SSR-ed Client Component used:

- A server/client branch `if (typeof window !== 'undefined')`.
- Variable input such as `Date.now()` or `Math.random()` which changes each time it's called.
- Date formatting in a user's locale which doesn't match the server.
- External changing data without sending a snapshot of it along with the HTML.
- Invalid HTML tag nesting.

It can also happen if the client has a browser extension installed which messes with the HTML before React loaded.

https://react.dev/link/hydration-mismatch

  ...
    <SegmentViewNode type="page" pagePath="(portal)/[...">
      <SegmentTrieNode>
      <ModulePage>
        <ModuleWorkspace module={{id:"staffpay", ...}}>
          <PageHeader>
          ...
            <ModuleBody module={{id:"staffpay", ...}}>
              <StaffPayModule>
                <StaffPayWorkspace>
                  <StaffPayProvider>
                    <Suspense fallback={<div>}>
                      <DeepLinkSync>
                      <WorkspaceInner>
                        <div className="m07-shell ..." data-m07-shell="batch6-export" data-workspace-nav="horizontal">
                          <style>
                          <header className="rounded-2x...">
                            <p>
                            <p>
                            <p>
+                           <p className="mt-2 text-xs text-[var(--muted)]" role="status">
-                           <div className="mt-4">
                            ...
                          ...

    at <unknown> (https://react.dev/link/hydration-mismatch)
    at p (<anonymous>)
    at WorkspaceInner (src\modules\m07-staff-pay\StaffPayWorkspace.tsx:114:11)
    at StaffPayWorkspace (src\modules\m07-staff-pay\StaffPayWorkspace.tsx:140:9)
    at StaffPayModule (src\modules\m07-staff-pay\StaffPayModule.tsx:10:10)
    at resolveModuleEntry (src\components\workspaces\ModuleWorkspace.tsx:81:14)
    at ModuleBody (src\components\workspaces\ModuleWorkspace.tsx:122:17)
    at ModuleWorkspace (src\components\workspaces\ModuleWorkspace.tsx:177:11)
    at ModulePage (src\app\(portal)\[module]\page.tsx:78:10)
  112 |         <p className="mt-2 text-xs text-[var(--muted)]">{M07_NON_CERTIFIED_DISCLAIMER}</p>
  113 |         {bootstrap ? (
> 114 |           <p className="mt-2 text-xs text-[var(--muted)]" role="status">
      |           ^
  115 |             Storage bootstrap · schema v9 · v9Ran={String(bootstrap.v9Ran ?? false)}
  116 |           </p>
  117 |         ) : null}
[browser] Uncaught Error: Hydration failed because the server rendered HTML didn't match the client. As a result this tree will be regenerated on the client. This can happen if a SSR-ed Client Component used:

- A server/client branch `if (typeof window !== 'undefined')`.
- Variable input such as `Date.now()` or `Math.random()` which changes each time it's called.
- Date formatting in a user's locale which doesn't match the server.
- External changing data without sending a snapshot of it along with the HTML.
- Invalid HTML tag nesting.

It can also happen if the client has a browser extension installed which messes with the HTML before React loaded.

https://react.dev/link/hydration-mismatch

  ...
    <SegmentViewNode type="page" pagePath="(portal)/[...">
      <SegmentTrieNode>
      <ModulePage>
        <ModuleWorkspace module={{id:"staffpay", ...}}>
          <PageHeader>
          ...
            <ModuleBody module={{id:"staffpay", ...}}>
              <StaffPayModule>
                <StaffPayWorkspace>
                  <StaffPayProvider>
                    <Suspense fallback={<div>}>
                      <DeepLinkSync>
                      <WorkspaceInner>
                        <div className="m07-shell ..." data-m07-shell="batch6-export" data-workspace-nav="horizontal">
                          <style>
                          <header className="rounded-2x...">
                            <p>
                            <p>
                            <p>
+                           <p className="mt-2 text-xs text-[var(--muted)]" role="status">
-                           <div className="mt-4">
                            ...
                          ...

    at <unknown> (https://react.dev/link/hydration-mismatch)
    at p (<anonymous>)
    at WorkspaceInner (src\modules\m07-staff-pay\StaffPayWorkspace.tsx:114:11)
    at StaffPayWorkspace (src\modules\m07-staff-pay\StaffPayWorkspace.tsx:140:9)
    at StaffPayModule (src\modules\m07-staff-pay\StaffPayModule.tsx:10:10)
    at resolveModuleEntry (src\components\workspaces\ModuleWorkspace.tsx:81:14)
    at ModuleBody (src\components\workspaces\ModuleWorkspace.tsx:122:17)
    at ModuleWorkspace (src\components\workspaces\ModuleWorkspace.tsx:177:11)
    at ModulePage (src\app\(portal)\[module]\page.tsx:78:10)
  112 |         <p className="mt-2 text-xs text-[var(--muted)]">{M07_NON_CERTIFIED_DISCLAIMER}</p>
  113 |         {bootstrap ? (
> 114 |           <p className="mt-2 text-xs text-[var(--muted)]" role="status">
      |           ^
  115 |             Storage bootstrap · schema v9 · v9Ran={String(bootstrap.v9Ran ?? false)}
  116 |           </p>
  117 |         ) : null}
⨯ SyntaxError: Unexpected end of JSON input
    at JSON.parse (<anonymous>) {
  page: '/staffpay'
}
⚠ Fast Refresh had to perform a full reload. Read more: https://nextjs.org/docs/messages/fast-refresh-reload
[browser] Uncaught SyntaxError: Unexpected end of JSON input
    at JSON.parse (<anonymous>)
[browser] Uncaught Error: Hydration failed because the server rendered HTML didn't match the client. As a result this tree will be regenerated on the client. This can happen if a SSR-ed Client Component used:

- A server/client branch `if (typeof window !== 'undefined')`.
- Variable input such as `Date.now()` or `Math.random()` which changes each time it's called.
- Date formatting in a user's locale which doesn't match the server.
- External changing data without sending a snapshot of it along with the HTML.
- Invalid HTML tag nesting.

It can also happen if the client has a browser extension installed which messes with the HTML before React loaded.

https://react.dev/link/hydration-mismatch

  ...
    <SegmentViewNode type="page" pagePath="(portal)/[...">
      <SegmentTrieNode>
      <ModulePage>
        <ModuleWorkspace module={{id:"staffpay", ...}}>
          <PageHeader>
          ...
            <ModuleBody module={{id:"staffpay", ...}}>
              <StaffPayModule>
                <StaffPayWorkspace>
                  <StaffPayProvider>
                    <Suspense fallback={<div>}>
                      <DeepLinkSync>
                      <WorkspaceInner>
                        <div className="m07-shell ..." data-m07-shell="batch6-export" data-workspace-nav="horizontal">
                          <style>
                          <header className="rounded-2x...">
                            <p>
                            <p>
                            <p>
+                           <p className="mt-2 text-xs text-[var(--muted)]" role="status">
-                           <div className="mt-4">
                            ...
                          ...

    at <unknown> (https://react.dev/link/hydration-mismatch)
    at p (<anonymous>)
    at WorkspaceInner (src\modules\m07-staff-pay\StaffPayWorkspace.tsx:114:11)
    at StaffPayWorkspace (src\modules\m07-staff-pay\StaffPayWorkspace.tsx:140:9)
    at StaffPayModule (src\modules\m07-staff-pay\StaffPayModule.tsx:10:10)
    at resolveModuleEntry (src\components\workspaces\ModuleWorkspace.tsx:81:14)
    at ModuleBody (src\components\workspaces\ModuleWorkspace.tsx:122:17)
    at ModuleWorkspace (src\components\workspaces\ModuleWorkspace.tsx:177:11)
    at ModulePage (src\app\(portal)\[module]\page.tsx:78:10)
  112 |         <p className="mt-2 text-xs text-[var(--muted)]">{M07_NON_CERTIFIED_DISCLAIMER}</p>
  113 |         {bootstrap ? (
> 114 |           <p className="mt-2 text-xs text-[var(--muted)]" role="status">
      |           ^
  115 |             Storage bootstrap · schema v9 · v9Ran={String(bootstrap.v9Ran ?? false)}
  116 |           </p>
  117 |         ) : null}
[browser] Uncaught Error: Internal Next.js error: Router action dispatched before initialization.
[browser] A tree hydrated but some attributes of the server rendered HTML didn't match the client properties. This won't be patched up. This can happen if a SSR-ed Client Component used:

- A server/client branch `if (typeof window !== 'undefined')`.
- Variable input such as `Date.now()` or `Math.random()` which changes each time it's called.
- Date formatting in a user's locale which doesn't match the server.
- External changing data without sending a snapshot of it along with the HTML.
- Invalid HTML tag nesting.

It can also happen if the client has a browser extension installed which messes with the HTML before React loaded.

https://react.dev/link/hydration-mismatch

  ...
    <HotReload globalError={[...]} webSocket={WebSocket} staticIndicatorState={{pathname:null, ...}}>
      <AppDevOverlayErrorBoundary globalError={[...]}>
        <ReplaySsrOnlyErrors>
        <DevRootHTTPAccessFallbackBoundary>
          <HTTPAccessFallbackBoundary notFound={<NotAllowedRootHTTPFallbackError>}>
            <HTTPAccessFallbackErrorBoundary pathname="/action-inbox" notFound={<NotAllowedRootHTTPFallbackError>} ...>
              <RedirectBoundary>
                <RedirectErrorBoundary router={{...}}>
                  <Head>
                  <__next_root_layout_boundary__>
                    <SegmentViewNode type="layout" pagePath="layout.tsx">
                      <SegmentTrieNode>
                      <link>
                      <RootLayout>
                        <html lang="en" className="h-full">
                          <body
+                           className="min-h-full antialiased"
-                           className="min-h-full antialiased theme-dark"
                          >
                  ...
 
[browser] A tree hydrated but some attributes of the server rendered HTML didn't match the client properties. This won't be patched up. This can happen if a SSR-ed Client Component used:

- A server/client branch `if (typeof window !== 'undefined')`.
- Variable input such as `Date.now()` or `Math.random()` which changes each time it's called.
- Date formatting in a user's locale which doesn't match the server.
- External changing data without sending a snapshot of it along with the HTML.
- Invalid HTML tag nesting.

It can also happen if the client has a browser extension installed which messes with the HTML before React loaded.

https://react.dev/link/hydration-mismatch

  ...
    <HotReload globalError={[...]} webSocket={WebSocket} staticIndicatorState={{pathname:null, ...}}>
      <AppDevOverlayErrorBoundary globalError={[...]}>
        <ReplaySsrOnlyErrors>
        <DevRootHTTPAccessFallbackBoundary>
          <HTTPAccessFallbackBoundary notFound={<NotAllowedRootHTTPFallbackError>}>
            <HTTPAccessFallbackErrorBoundary pathname="/staff-doc..." notFound={<NotAllowedRootHTTPFallbackError>} ...>
              <RedirectBoundary>
                <RedirectErrorBoundary router={{...}}>
                  <Head>
                  <__next_root_layout_boundary__>
                    <SegmentViewNode type="layout" pagePath="layout.tsx">
                      <SegmentTrieNode>
                      <link>
                      <RootLayout>
                        <html lang="en" className="h-full">
                          <body
+                           className="min-h-full antialiased"
-                           className="min-h-full antialiased theme-dark"
                          >
                  ...
 
[browser] Uncaught Error: Hydration failed because the server rendered text didn't match the client. As a result this tree will be regenerated on the client. This can happen if a SSR-ed Client Component used:

- A server/client branch `if (typeof window !== 'undefined')`.
- Variable input such as `Date.now()` or `Math.random()` which changes each time it's called.
- Date formatting in a user's locale which doesn't match the server.
- External changing data without sending a snapshot of it along with the HTML.
- Invalid HTML tag nesting.

It can also happen if the client has a browser extension installed which messes with the HTML before React loaded.

https://react.dev/link/hydration-mismatch

  ...
    <Suspense fallback={<div>}>
      <DeepLinkSync>
        <StaffDoctorsWorkspaceChrome section="overview" onNavigate={function DeepLinkSync.useCallback[navigateSection]}>
          <div className="grid min-w..." data-workspace-nav="horizontal">
            <div>
            <div className="min-w-0">
              <SectionBody section="overview">
                <OverviewSection>
                  <div className="grid gap-4">
                    <div>
                    <div className="grid gap-3...">
                      <button type="button" className="text-left" onClick={function onClick}>
                        <Metric label="Active staff" value={41} icon="users" tone="success">
                          <div className="flex items...">
                            <div>
                              <div>
                              <div className="mt-1 text-[28px] font-extrabold tracking-tight text-[var(--ink)]">
+                               41
-                               0
                            ...
                      ...
                    ...

    at <unknown> (https://react.dev/link/hydration-mismatch)
    at div (<anonymous>)
    at Metric (src\components\ui\Metric.tsx:36:9)
    at OverviewSection (src\modules\m04-staff-doctors\sections\OverviewSection.tsx:31:11)
    at SectionBody (src\modules\m04-staff-doctors\StaffDoctorsWorkspace.tsx:39:14)
    at StaffDoctorsWorkspaceChrome (src\modules\m04-staff-doctors\StaffDoctorsWorkspace.tsx:119:9)
    at DeepLinkSync (src\modules\m04-staff-doctors\StaffDoctorsWorkspace.tsx:88:10)
    at StaffDoctorsWorkspace (src\modules\m04-staff-doctors\StaffDoctorsWorkspace.tsx:135:9)
    at StaffDoctorsModule (src\modules\m04-staff-doctors\StaffDoctorsModule.tsx:10:10)
    at resolveModuleEntry (src\components\workspaces\ModuleWorkspace.tsx:75:14)
    at ModuleBody (src\components\workspaces\ModuleWorkspace.tsx:122:17)
    at ModuleWorkspace (src\components\workspaces\ModuleWorkspace.tsx:177:11)
    at ModulePage (src\app\(portal)\[module]\page.tsx:78:10)
  34 |           {label}
  35 |         </div>
> 36 |         <div className="mt-1 text-[28px] font-extrabold tracking-tight text-[var(--ink)]">
     |         ^
  37 |           {value}
  38 |         </div>
  39 |       </div>
⚠ Fast Refresh had to perform a full reload. Read more: https://nextjs.org/docs/messages/fast-refresh-reload
[browser] A tree hydrated but some attributes of the server rendered HTML didn't match the client properties. This won't be patched up. This can happen if a SSR-ed Client Component used:

- A server/client branch `if (typeof window !== 'undefined')`.
- Variable input such as `Date.now()` or `Math.random()` which changes each time it's called.
- Date formatting in a user's locale which doesn't match the server.
- External changing data without sending a snapshot of it along with the HTML.
- Invalid HTML tag nesting.

It can also happen if the client has a browser extension installed which messes with the HTML before React loaded.

https://react.dev/link/hydration-mismatch

  ...
    <HotReload globalError={[...]} webSocket={WebSocket} staticIndicatorState={{pathname:null, ...}}>
      <AppDevOverlayErrorBoundary globalError={[...]}>
        <ReplaySsrOnlyErrors>
        <DevRootHTTPAccessFallbackBoundary>
          <HTTPAccessFallbackBoundary notFound={<NotAllowedRootHTTPFallbackError>}>
            <HTTPAccessFallbackErrorBoundary pathname="/staff-doc..." notFound={<NotAllowedRootHTTPFallbackError>} ...>
              <RedirectBoundary>
                <RedirectErrorBoundary router={{...}}>
                  <Head>
                  <__next_root_layout_boundary__>
                    <SegmentViewNode type="layout" pagePath="layout.tsx">
                      <SegmentTrieNode>
                      <link>
                      <RootLayout>
                        <html lang="en" className="h-full">
                          <body
+                           className="min-h-full antialiased"
-                           className="min-h-full antialiased theme-dark"
                          >
                  ...
 
[browser] Can't perform a React state update on a component that hasn't mounted yet. This indicates that you have a side-effect in your render function that asynchronously tries to update the component. Move this work to useEffect instead. 
[browser] Uncaught Error: Hydration failed because the server rendered HTML didn't match the client. As a result this tree will be regenerated on the client. This can happen if a SSR-ed Client Component used:

- A server/client branch `if (typeof window !== 'undefined')`.
- Variable input such as `Date.now()` or `Math.random()` which changes each time it's called.
- Date formatting in a user's locale which doesn't match the server.
- External changing data without sending a snapshot of it along with the HTML.
- Invalid HTML tag nesting.

It can also happen if the client has a browser extension installed which messes with the HTML before React loaded.

https://react.dev/link/hydration-mismatch

  ...
    <RosterModule>
      <RosterWorkspace>
        <RosterProvider>
          <Suspense fallback={<div>}>
            <DeepLinkSync>
              <RosterWorkspaceChrome section="roster-board" ...>
                <div className="grid min-w..." data-workspace-nav="horizontal">
                  <div>
                  <div className="min-w-0">
                    <SectionBody section="roster-board">
                      <RosterBoardSection>
                        <SectionFrame sectionId="roster-board" title="Roster Board">
                          <div className="grid gap-4" data-testid="m05-sectio..." data-m05-section="roster-board" ...>
                            <div>
                            <OfflineState>
                            <div
-                             data-ux-state="offline"
-                             data-testid="m05-ux-offline"
                            >
+                             <p className="m-0 mt-1 text-sm text-[var(--muted)]">
-                             <div
-                               className="rounded-[var(--radius)] border border-[var(--v34-card-line)] bg-[var(--card..."
-                             >
                            ...

    at <unknown> (https://react.dev/link/hydration-mismatch)
    at p (<anonymous>)
    at RosterBoardSection (src\modules\m05-roster\sections\RosterBoardSection.tsx:330:9)
    at SectionBody (src\modules\m05-roster\RosterWorkspace.tsx:48:14)
    at RosterWorkspaceChrome (src\modules\m05-roster\RosterWorkspace.tsx:232:11)
    at DeepLinkSync (src\modules\m05-roster\RosterWorkspace.tsx:167:10)
    at RosterWorkspace (src\modules\m05-roster\RosterWorkspace.tsx:259:9)
    at RosterModule (src\modules\m05-roster\RosterModule.tsx:9:10)
    at resolveModuleEntry (src\components\workspaces\ModuleWorkspace.tsx:77:14)
    at ModuleBody (src\components\workspaces\ModuleWorkspace.tsx:122:17)
    at ModuleWorkspace (src\components\workspaces\ModuleWorkspace.tsx:177:11)
    at ModulePage (src\app\(portal)\[module]\page.tsx:78:10)
  328 |       <OfflineState />
  329 |       <div>
> 330 |         <p className="m-0 mt-1 text-sm text-[var(--muted)]">
      |         ^
  331 |           Build weekly rosters — periods, shifts and assignments. Every assignment runs
  332 |           authoritative M04/platform eligibility.
  333 |         </p>
[browser] Uncaught Error: Hydration failed because the server rendered HTML didn't match the client. As a result this tree will be regenerated on the client. This can happen if a SSR-ed Client Component used:

- A server/client branch `if (typeof window !== 'undefined')`.
- Variable input such as `Date.now()` or `Math.random()` which changes each time it's called.
- Date formatting in a user's locale which doesn't match the server.
- External changing data without sending a snapshot of it along with the HTML.
- Invalid HTML tag nesting.

It can also happen if the client has a browser extension installed which messes with the HTML before React loaded.

https://react.dev/link/hydration-mismatch

  ...
    <RosterModule>
      <RosterWorkspace>
        <RosterProvider>
          <Suspense fallback={<div>}>
            <DeepLinkSync>
              <RosterWorkspaceChrome section="roster-board" ...>
                <div className="grid min-w..." data-workspace-nav="horizontal">
                  <div>
                  <div className="min-w-0">
                    <SectionBody section="roster-board">
                      <RosterBoardSection>
                        <SectionFrame sectionId="roster-board" title="Roster Board">
                          <div className="grid gap-4" data-testid="m05-sectio..." data-m05-section="roster-board" ...>
                            <div>
                            <OfflineState>
                            <div
-                             data-ux-state="offline"
-                             data-testid="m05-ux-offline"
                            >
+                             <p className="m-0 mt-1 text-sm text-[var(--muted)]">
-                             <div
-                               className="rounded-[var(--radius)] border border-[var(--v34-card-line)] bg-[var(--card..."
-                             >
                            ...

    at <unknown> (https://react.dev/link/hydration-mismatch)
    at p (<anonymous>)
    at RosterBoardSection (src\modules\m05-roster\sections\RosterBoardSection.tsx:330:9)
    at SectionBody (src\modules\m05-roster\RosterWorkspace.tsx:48:14)
    at RosterWorkspaceChrome (src\modules\m05-roster\RosterWorkspace.tsx:232:11)
    at DeepLinkSync (src\modules\m05-roster\RosterWorkspace.tsx:167:10)
    at RosterWorkspace (src\modules\m05-roster\RosterWorkspace.tsx:259:9)
    at RosterModule (src\modules\m05-roster\RosterModule.tsx:9:10)
    at resolveModuleEntry (src\components\workspaces\ModuleWorkspace.tsx:77:14)
    at ModuleBody (src\components\workspaces\ModuleWorkspace.tsx:122:17)
    at ModuleWorkspace (src\components\workspaces\ModuleWorkspace.tsx:177:11)
    at ModulePage (src\app\(portal)\[module]\page.tsx:78:10)
  328 |       <OfflineState />
  329 |       <div>
> 330 |         <p className="m-0 mt-1 text-sm text-[var(--muted)]">
      |         ^
  331 |           Build weekly rosters — periods, shifts and assignments. Every assignment runs
  332 |           authoritative M04/platform eligibility.
  333 |         </p>
⚠ Fast Refresh had to perform a full reload. Read more: https://nextjs.org/docs/messages/fast-refresh-reload
[browser] A tree hydrated but some attributes of the server rendered HTML didn't match the client properties. This won't be patched up. This can happen if a SSR-ed Client Component used:

- A server/client branch `if (typeof window !== 'undefined')`.
- Variable input such as `Date.now()` or `Math.random()` which changes each time it's called.
- Date formatting in a user's locale which doesn't match the server.
- External changing data without sending a snapshot of it along with the HTML.
- Invalid HTML tag nesting.

It can also happen if the client has a browser extension installed which messes with the HTML before React loaded.

https://react.dev/link/hydration-mismatch

  ...
    <HotReload globalError={[...]} webSocket={WebSocket} staticIndicatorState={{pathname:null, ...}}>
      <AppDevOverlayErrorBoundary globalError={[...]}>
        <ReplaySsrOnlyErrors>
        <DevRootHTTPAccessFallbackBoundary>
          <HTTPAccessFallbackBoundary notFound={<NotAllowedRootHTTPFallbackError>}>
            <HTTPAccessFallbackErrorBoundary pathname="/time-atte..." notFound={<NotAllowedRootHTTPFallbackError>} ...>
              <RedirectBoundary>
                <RedirectErrorBoundary router={{...}}>
                  <Head>
                  <__next_root_layout_boundary__>
                    <SegmentViewNode type="layout" pagePath="layout.tsx">
                      <SegmentTrieNode>
                      <link>
                      <RootLayout>
                        <html lang="en" className="h-full">
                          <body
+                           className="min-h-full antialiased"
-                           className="min-h-full antialiased theme-dark"
                          >
                  ...
 
[browser] A tree hydrated but some attributes of the server rendered HTML didn't match the client properties. This won't be patched up. This can happen if a SSR-ed Client Component used:

- A server/client branch `if (typeof window !== 'undefined')`.
- Variable input such as `Date.now()` or `Math.random()` which changes each time it's called.
- Date formatting in a user's locale which doesn't match the server.
- External changing data without sending a snapshot of it along with the HTML.
- Invalid HTML tag nesting.

It can also happen if the client has a browser extension installed which messes with the HTML before React loaded.

https://react.dev/link/hydration-mismatch

  ...
    <HotReload globalError={[...]} webSocket={WebSocket} staticIndicatorState={{pathname:null, ...}}>
      <AppDevOverlayErrorBoundary globalError={[...]}>
        <ReplaySsrOnlyErrors>
        <DevRootHTTPAccessFallbackBoundary>
          <HTTPAccessFallbackBoundary notFound={<NotAllowedRootHTTPFallbackError>}>
            <HTTPAccessFallbackErrorBoundary pathname="/time-atte..." notFound={<NotAllowedRootHTTPFallbackError>} ...>
              <RedirectBoundary>
                <RedirectErrorBoundary router={{...}}>
                  <Head>
                  <__next_root_layout_boundary__>
                    <SegmentViewNode type="layout" pagePath="layout.tsx">
                      <SegmentTrieNode>
                      <link>
                      <RootLayout>
                        <html lang="en" className="h-full">
                          <body
+                           className="min-h-full antialiased"
-                           className="min-h-full antialiased theme-dark"
                          >
                  ...
 
[browser] Can't perform a React state update on a component that hasn't mounted yet. This indicates that you have a side-effect in your render function that asynchronously tries to update the component. Move this work to useEffect instead. 
[browser] A tree hydrated but some attributes of the server rendered HTML didn't match the client properties. This won't be patched up. This can happen if a SSR-ed Client Component used:

- A server/client branch `if (typeof window !== 'undefined')`.
- Variable input such as `Date.now()` or `Math.random()` which changes each time it's called.
- Date formatting in a user's locale which doesn't match the server.
- External changing data without sending a snapshot of it along with the HTML.
- Invalid HTML tag nesting.

It can also happen if the client has a browser extension installed which messes with the HTML before React loaded.

https://react.dev/link/hydration-mismatch

  ...
    <HotReload globalError={[...]} webSocket={WebSocket} staticIndicatorState={{pathname:null, ...}}>
      <AppDevOverlayErrorBoundary globalError={[...]}>
        <ReplaySsrOnlyErrors>
        <DevRootHTTPAccessFallbackBoundary>
          <HTTPAccessFallbackBoundary notFound={<NotAllowedRootHTTPFallbackError>}>
            <HTTPAccessFallbackErrorBoundary pathname="/staffpay" notFound={<NotAllowedRootHTTPFallbackError>} ...>
              <RedirectBoundary>
                <RedirectErrorBoundary router={{...}}>
                  <Head>
                  <__next_root_layout_boundary__>
                    <SegmentViewNode type="layout" pagePath="layout.tsx">
                      <SegmentTrieNode>
                      <link>
                      <RootLayout>
                        <html lang="en" className="h-full">
                          <body
+                           className="min-h-full antialiased"
-                           className="min-h-full antialiased theme-dark"
                          >
                  ...
 
[browser] Uncaught Error: Hydration failed because the server rendered HTML didn't match the client. As a result this tree will be regenerated on the client. This can happen if a SSR-ed Client Component used:

- A server/client branch `if (typeof window !== 'undefined')`.
- Variable input such as `Date.now()` or `Math.random()` which changes each time it's called.
- Date formatting in a user's locale which doesn't match the server.
- External changing data without sending a snapshot of it along with the HTML.
- Invalid HTML tag nesting.

It can also happen if the client has a browser extension installed which messes with the HTML before React loaded.

https://react.dev/link/hydration-mismatch

  ...
    <SegmentViewNode type="page" pagePath="(portal)/[...">
      <SegmentTrieNode>
      <ModulePage>
        <ModuleWorkspace module={{id:"staffpay", ...}}>
          <PageHeader>
          ...
            <ModuleBody module={{id:"staffpay", ...}}>
              <StaffPayModule>
                <StaffPayWorkspace>
                  <StaffPayProvider>
                    <Suspense fallback={<div>}>
                      <DeepLinkSync>
                      <WorkspaceInner>
                        <div className="m07-shell ..." data-m07-shell="batch6-export" data-workspace-nav="horizontal">
                          <style>
                          <header className="rounded-2x...">
                            <p>
                            <p>
                            <p>
+                           <p className="mt-2 text-xs text-[var(--muted)]" role="status">
-                           <div className="mt-4">
                            ...
                          ...

    at <unknown> (https://react.dev/link/hydration-mismatch)
    at p (<anonymous>)
    at WorkspaceInner (src\modules\m07-staff-pay\StaffPayWorkspace.tsx:114:11)
    at StaffPayWorkspace (src\modules\m07-staff-pay\StaffPayWorkspace.tsx:140:9)
    at StaffPayModule (src\modules\m07-staff-pay\StaffPayModule.tsx:10:10)
    at resolveModuleEntry (src\components\workspaces\ModuleWorkspace.tsx:81:14)
    at ModuleBody (src\components\workspaces\ModuleWorkspace.tsx:122:17)
    at ModuleWorkspace (src\components\workspaces\ModuleWorkspace.tsx:177:11)
    at ModulePage (src\app\(portal)\[module]\page.tsx:78:10)
  112 |         <p className="mt-2 text-xs text-[var(--muted)]">{M07_NON_CERTIFIED_DISCLAIMER}</p>
  113 |         {bootstrap ? (
> 114 |           <p className="mt-2 text-xs text-[var(--muted)]" role="status">
      |           ^
  115 |             Storage bootstrap · schema v9 · v9Ran={String(bootstrap.v9Ran ?? false)}
  116 |           </p>
  117 |         ) : null}
[browser] Uncaught Error: Hydration failed because the server rendered HTML didn't match the client. As a result this tree will be regenerated on the client. This can happen if a SSR-ed Client Component used:

- A server/client branch `if (typeof window !== 'undefined')`.
- Variable input such as `Date.now()` or `Math.random()` which changes each time it's called.
- Date formatting in a user's locale which doesn't match the server.
- External changing data without sending a snapshot of it along with the HTML.
- Invalid HTML tag nesting.

It can also happen if the client has a browser extension installed which messes with the HTML before React loaded.

https://react.dev/link/hydration-mismatch

  ...
    <SegmentViewNode type="page" pagePath="(portal)/[...">
      <SegmentTrieNode>
      <ModulePage>
        <ModuleWorkspace module={{id:"staffpay", ...}}>
          <PageHeader>
          ...
            <ModuleBody module={{id:"staffpay", ...}}>
              <StaffPayModule>
                <StaffPayWorkspace>
                  <StaffPayProvider>
                    <Suspense fallback={<div>}>
                      <DeepLinkSync>
                      <WorkspaceInner>
                        <div className="m07-shell ..." data-m07-shell="batch6-export" data-workspace-nav="horizontal">
                          <style>
                          <header className="rounded-2x...">
                            <p>
                            <p>
                            <p>
+                           <p className="mt-2 text-xs text-[var(--muted)]" role="status">
-                           <div className="mt-4">
                            ...
                          ...

    at <unknown> (https://react.dev/link/hydration-mismatch)
    at p (<anonymous>)
    at WorkspaceInner (src\modules\m07-staff-pay\StaffPayWorkspace.tsx:114:11)
    at StaffPayWorkspace (src\modules\m07-staff-pay\StaffPayWorkspace.tsx:140:9)
    at StaffPayModule (src\modules\m07-staff-pay\StaffPayModule.tsx:10:10)
    at resolveModuleEntry (src\components\workspaces\ModuleWorkspace.tsx:81:14)
    at ModuleBody (src\components\workspaces\ModuleWorkspace.tsx:122:17)
    at ModuleWorkspace (src\components\workspaces\ModuleWorkspace.tsx:177:11)
    at ModulePage (src\app\(portal)\[module]\page.tsx:78:10)
  112 |         <p className="mt-2 text-xs text-[var(--muted)]">{M07_NON_CERTIFIED_DISCLAIMER}</p>
  113 |         {bootstrap ? (
> 114 |           <p className="mt-2 text-xs text-[var(--muted)]" role="status">
      |           ^
  115 |             Storage bootstrap · schema v9 · v9Ran={String(bootstrap.v9Ran ?? false)}
  116 |           </p>
  117 |         ) : null}
[browser] A tree hydrated but some attributes of the server rendered HTML didn't match the client properties. This won't be patched up. This can happen if a SSR-ed Client Component used:

- A server/client branch `if (typeof window !== 'undefined')`.
- Variable input such as `Date.now()` or `Math.random()` which changes each time it's called.
- Date formatting in a user's locale which doesn't match the server.
- External changing data without sending a snapshot of it along with the HTML.
- Invalid HTML tag nesting.

It can also happen if the client has a browser extension installed which messes with the HTML before React loaded.

https://react.dev/link/hydration-mismatch

  ...
    <HotReload globalError={[...]} webSocket={WebSocket} staticIndicatorState={{pathname:null, ...}}>
      <AppDevOverlayErrorBoundary globalError={[...]}>
        <ReplaySsrOnlyErrors>
        <DevRootHTTPAccessFallbackBoundary>
          <HTTPAccessFallbackBoundary notFound={<NotAllowedRootHTTPFallbackError>}>
            <HTTPAccessFallbackErrorBoundary pathname="/staffpay" notFound={<NotAllowedRootHTTPFallbackError>} ...>
              <RedirectBoundary>
                <RedirectErrorBoundary router={{...}}>
                  <Head>
                  <__next_root_layout_boundary__>
                    <SegmentViewNode type="layout" pagePath="layout.tsx">
                      <SegmentTrieNode>
                      <link>
                      <RootLayout>
                        <html lang="en" className="h-full">
                          <body
+                           className="min-h-full antialiased"
-                           className="min-h-full antialiased theme-dark"
                          >
                  ...
 
[browser] Uncaught Error: Hydration failed because the server rendered HTML didn't match the client. As a result this tree will be regenerated on the client. This can happen if a SSR-ed Client Component used:

- A server/client branch `if (typeof window !== 'undefined')`.
- Variable input such as `Date.now()` or `Math.random()` which changes each time it's called.
- Date formatting in a user's locale which doesn't match the server.
- External changing data without sending a snapshot of it along with the HTML.
- Invalid HTML tag nesting.

It can also happen if the client has a browser extension installed which messes with the HTML before React loaded.

https://react.dev/link/hydration-mismatch

  ...
    <SegmentViewNode type="page" pagePath="(portal)/[...">
      <SegmentTrieNode>
      <ModulePage>
        <ModuleWorkspace module={{id:"staffpay", ...}}>
          <PageHeader>
          ...
            <ModuleBody module={{id:"staffpay", ...}}>
              <StaffPayModule>
                <StaffPayWorkspace>
                  <StaffPayProvider>
                    <Suspense fallback={<div>}>
                      <DeepLinkSync>
                      <WorkspaceInner>
                        <div className="m07-shell ..." data-m07-shell="batch6-export" data-workspace-nav="horizontal">
                          <style>
                          <header className="rounded-2x...">
                            <p>
                            <p>
                            <p>
+                           <p className="mt-2 text-xs text-[var(--muted)]" role="status">
-                           <div className="mt-4">
                            ...
                          ...

    at <unknown> (https://react.dev/link/hydration-mismatch)
    at p (<anonymous>)
    at WorkspaceInner (src\modules\m07-staff-pay\StaffPayWorkspace.tsx:114:11)
    at StaffPayWorkspace (src\modules\m07-staff-pay\StaffPayWorkspace.tsx:140:9)
    at StaffPayModule (src\modules\m07-staff-pay\StaffPayModule.tsx:10:10)
    at resolveModuleEntry (src\components\workspaces\ModuleWorkspace.tsx:81:14)
    at ModuleBody (src\components\workspaces\ModuleWorkspace.tsx:122:17)
    at ModuleWorkspace (src\components\workspaces\ModuleWorkspace.tsx:177:11)
    at ModulePage (src\app\(portal)\[module]\page.tsx:78:10)
  112 |         <p className="mt-2 text-xs text-[var(--muted)]">{M07_NON_CERTIFIED_DISCLAIMER}</p>
  113 |         {bootstrap ? (
> 114 |           <p className="mt-2 text-xs text-[var(--muted)]" role="status">
      |           ^
  115 |             Storage bootstrap · schema v9 · v9Ran={String(bootstrap.v9Ran ?? false)}
  116 |           </p>
  117 |         ) : null}
[browser] A tree hydrated but some attributes of the server rendered HTML didn't match the client properties. This won't be patched up. This can happen if a SSR-ed Client Component used:

- A server/client branch `if (typeof window !== 'undefined')`.
- Variable input such as `Date.now()` or `Math.random()` which changes each time it's called.
- Date formatting in a user's locale which doesn't match the server.
- External changing data without sending a snapshot of it along with the HTML.
- Invalid HTML tag nesting.

It can also happen if the client has a browser extension installed which messes with the HTML before React loaded.

https://react.dev/link/hydration-mismatch

  ...
    <HotReload globalError={[...]} webSocket={WebSocket} staticIndicatorState={{pathname:null, ...}}>
      <AppDevOverlayErrorBoundary globalError={[...]}>
        <ReplaySsrOnlyErrors>
        <DevRootHTTPAccessFallbackBoundary>
          <HTTPAccessFallbackBoundary notFound={<NotAllowedRootHTTPFallbackError>}>
            <HTTPAccessFallbackErrorBoundary pathname="/staffpay" notFound={<NotAllowedRootHTTPFallbackError>} ...>
              <RedirectBoundary>
                <RedirectErrorBoundary router={{...}}>
                  <Head>
                  <__next_root_layout_boundary__>
                    <SegmentViewNode type="layout" pagePath="layout.tsx">
                      <SegmentTrieNode>
                      <link>
                      <RootLayout>
                        <html lang="en" className="h-full">
                          <body
+                           className="min-h-full antialiased"
-                           className="min-h-full antialiased theme-dark"
                          >
                  ...
 
[browser] Uncaught Error: Hydration failed because the server rendered HTML didn't match the client. As a result this tree will be regenerated on the client. This can happen if a SSR-ed Client Component used:

- A server/client branch `if (typeof window !== 'undefined')`.
- Variable input such as `Date.now()` or `Math.random()` which changes each time it's called.
- Date formatting in a user's locale which doesn't match the server.
- External changing data without sending a snapshot of it along with the HTML.
- Invalid HTML tag nesting.

It can also happen if the client has a browser extension installed which messes with the HTML before React loaded.

https://react.dev/link/hydration-mismatch

  ...
    <SegmentViewNode type="page" pagePath="(portal)/[...">
      <SegmentTrieNode>
      <ModulePage>
        <ModuleWorkspace module={{id:"staffpay", ...}}>
          <PageHeader>
          ...
            <ModuleBody module={{id:"staffpay", ...}}>
              <StaffPayModule>
                <StaffPayWorkspace>
                  <StaffPayProvider>
                    <Suspense fallback={<div>}>
                      <DeepLinkSync>
                      <WorkspaceInner>
                        <div className="m07-shell ..." data-m07-shell="batch6-export" data-workspace-nav="horizontal">
                          <style>
                          <header className="rounded-2x...">
                            <p>
                            <p>
                            <p>
+                           <p className="mt-2 text-xs text-[var(--muted)]" role="status">
-                           <div className="mt-4">
                            ...
                          ...

    at <unknown> (https://react.dev/link/hydration-mismatch)
    at p (<anonymous>)
    at WorkspaceInner (src\modules\m07-staff-pay\StaffPayWorkspace.tsx:114:11)
    at StaffPayWorkspace (src\modules\m07-staff-pay\StaffPayWorkspace.tsx:140:9)
    at StaffPayModule (src\modules\m07-staff-pay\StaffPayModule.tsx:10:10)
    at resolveModuleEntry (src\components\workspaces\ModuleWorkspace.tsx:81:14)
    at ModuleBody (src\components\workspaces\ModuleWorkspace.tsx:122:17)
    at ModuleWorkspace (src\components\workspaces\ModuleWorkspace.tsx:177:11)
    at ModulePage (src\app\(portal)\[module]\page.tsx:78:10)
  112 |         <p className="mt-2 text-xs text-[var(--muted)]">{M07_NON_CERTIFIED_DISCLAIMER}</p>
  113 |         {bootstrap ? (
> 114 |           <p className="mt-2 text-xs text-[var(--muted)]" role="status">
      |           ^
  115 |             Storage bootstrap · schema v9 · v9Ran={String(bootstrap.v9Ran ?? false)}
  116 |           </p>
  117 |         ) : null}
[browser] Uncaught Error: Hydration failed because the server rendered HTML didn't match the client. As a result this tree will be regenerated on the client. This can happen if a SSR-ed Client Component used:

- A server/client branch `if (typeof window !== 'undefined')`.
- Variable input such as `Date.now()` or `Math.random()` which changes each time it's called.
- Date formatting in a user's locale which doesn't match the server.
- External changing data without sending a snapshot of it along with the HTML.
- Invalid HTML tag nesting.

It can also happen if the client has a browser extension installed which messes with the HTML before React loaded.

https://react.dev/link/hydration-mismatch

  ...
    <SegmentViewNode type="page" pagePath="(portal)/[...">
      <SegmentTrieNode>
      <ModulePage>
        <ModuleWorkspace module={{id:"staffpay", ...}}>
          <PageHeader>
          ...
            <ModuleBody module={{id:"staffpay", ...}}>
              <StaffPayModule>
                <StaffPayWorkspace>
                  <StaffPayProvider>
                    <Suspense fallback={<div>}>
                      <DeepLinkSync>
                      <WorkspaceInner>
                        <div className="m07-shell ..." data-m07-shell="batch6-export" data-workspace-nav="horizontal">
                          <style>
                          <header className="rounded-2x...">
                            <p>
                            <p>
                            <p>
+                           <p className="mt-2 text-xs text-[var(--muted)]" role="status">
-                           <div className="mt-4">
                            ...
                          ...

    at <unknown> (https://react.dev/link/hydration-mismatch)
    at p (<anonymous>)
    at WorkspaceInner (src\modules\m07-staff-pay\StaffPayWorkspace.tsx:114:11)
    at StaffPayWorkspace (src\modules\m07-staff-pay\StaffPayWorkspace.tsx:140:9)
    at StaffPayModule (src\modules\m07-staff-pay\StaffPayModule.tsx:10:10)
    at resolveModuleEntry (src\components\workspaces\ModuleWorkspace.tsx:81:14)
    at ModuleBody (src\components\workspaces\ModuleWorkspace.tsx:122:17)
    at ModuleWorkspace (src\components\workspaces\ModuleWorkspace.tsx:177:11)
    at ModulePage (src\app\(portal)\[module]\page.tsx:78:10)
  112 |         <p className="mt-2 text-xs text-[var(--muted)]">{M07_NON_CERTIFIED_DISCLAIMER}</p>
  113 |         {bootstrap ? (
> 114 |           <p className="mt-2 text-xs text-[var(--muted)]" role="status">
      |           ^
  115 |             Storage bootstrap · schema v9 · v9Ran={String(bootstrap.v9Ran ?? false)}
  116 |           </p>
  117 |         ) : null}
[browser] A tree hydrated but some attributes of the server rendered HTML didn't match the client properties. This won't be patched up. This can happen if a SSR-ed Client Component used:

- A server/client branch `if (typeof window !== 'undefined')`.
- Variable input such as `Date.now()` or `Math.random()` which changes each time it's called.
- Date formatting in a user's locale which doesn't match the server.
- External changing data without sending a snapshot of it along with the HTML.
- Invalid HTML tag nesting.

It can also happen if the client has a browser extension installed which messes with the HTML before React loaded.

https://react.dev/link/hydration-mismatch

  ...
    <HotReload globalError={[...]} webSocket={WebSocket} staticIndicatorState={{pathname:null, ...}}>
      <AppDevOverlayErrorBoundary globalError={[...]}>
        <ReplaySsrOnlyErrors>
        <DevRootHTTPAccessFallbackBoundary>
          <HTTPAccessFallbackBoundary notFound={<NotAllowedRootHTTPFallbackError>}>
            <HTTPAccessFallbackErrorBoundary pathname="/staffpay" notFound={<NotAllowedRootHTTPFallbackError>} ...>
              <RedirectBoundary>
                <RedirectErrorBoundary router={{...}}>
                  <Head>
                  <__next_root_layout_boundary__>
                    <SegmentViewNode type="layout" pagePath="layout.tsx">
                      <SegmentTrieNode>
                      <link>
                      <RootLayout>
                        <html lang="en" className="h-full">
                          <body
+                           className="min-h-full antialiased"
-                           className="min-h-full antialiased theme-dark"
                          >
                  ...
 
[browser] Uncaught Error: Hydration failed because the server rendered HTML didn't match the client. As a result this tree will be regenerated on the client. This can happen if a SSR-ed Client Component used:

- A server/client branch `if (typeof window !== 'undefined')`.
- Variable input such as `Date.now()` or `Math.random()` which changes each time it's called.
- Date formatting in a user's locale which doesn't match the server.
- External changing data without sending a snapshot of it along with the HTML.
- Invalid HTML tag nesting.

It can also happen if the client has a browser extension installed which messes with the HTML before React loaded.

https://react.dev/link/hydration-mismatch

  ...
    <SegmentViewNode type="page" pagePath="(portal)/[...">
      <SegmentTrieNode>
      <ModulePage>
        <ModuleWorkspace module={{id:"staffpay", ...}}>
          <PageHeader>
          ...
            <ModuleBody module={{id:"staffpay", ...}}>
              <StaffPayModule>
                <StaffPayWorkspace>
                  <StaffPayProvider>
                    <Suspense fallback={<div>}>
                      <DeepLinkSync>
                      <WorkspaceInner>
                        <div className="m07-shell ..." data-m07-shell="batch6-export" data-workspace-nav="horizontal">
                          <style>
                          <header className="rounded-2x...">
                            <p>
                            <p>
                            <p>
+                           <p className="mt-2 text-xs text-[var(--muted)]" role="status">
-                           <div className="mt-4">
                            ...
                          ...

    at <unknown> (https://react.dev/link/hydration-mismatch)
    at p (<anonymous>)
    at WorkspaceInner (src\modules\m07-staff-pay\StaffPayWorkspace.tsx:114:11)
    at StaffPayWorkspace (src\modules\m07-staff-pay\StaffPayWorkspace.tsx:140:9)
    at StaffPayModule (src\modules\m07-staff-pay\StaffPayModule.tsx:10:10)
    at resolveModuleEntry (src\components\workspaces\ModuleWorkspace.tsx:81:14)
    at ModuleBody (src\components\workspaces\ModuleWorkspace.tsx:122:17)
    at ModuleWorkspace (src\components\workspaces\ModuleWorkspace.tsx:177:11)
    at ModulePage (src\app\(portal)\[module]\page.tsx:78:10)
  112 |         <p className="mt-2 text-xs text-[var(--muted)]">{M07_NON_CERTIFIED_DISCLAIMER}</p>
  113 |         {bootstrap ? (
> 114 |           <p className="mt-2 text-xs text-[var(--muted)]" role="status">
      |           ^
  115 |             Storage bootstrap · schema v9 · v9Ran={String(bootstrap.v9Ran ?? false)}
  116 |           </p>
  117 |         ) : null}
[browser] Uncaught Error: Hydration failed because the server rendered HTML didn't match the client. As a result this tree will be regenerated on the client. This can happen if a SSR-ed Client Component used:

- A server/client branch `if (typeof window !== 'undefined')`.
- Variable input such as `Date.now()` or `Math.random()` which changes each time it's called.
- Date formatting in a user's locale which doesn't match the server.
- External changing data without sending a snapshot of it along with the HTML.
- Invalid HTML tag nesting.

It can also happen if the client has a browser extension installed which messes with the HTML before React loaded.

https://react.dev/link/hydration-mismatch

  ...
    <SegmentViewNode type="page" pagePath="(portal)/[...">
      <SegmentTrieNode>
      <ModulePage>
        <ModuleWorkspace module={{id:"staffpay", ...}}>
          <PageHeader>
          ...
            <ModuleBody module={{id:"staffpay", ...}}>
              <StaffPayModule>
                <StaffPayWorkspace>
                  <StaffPayProvider>
                    <Suspense fallback={<div>}>
                      <DeepLinkSync>
                      <WorkspaceInner>
                        <div className="m07-shell ..." data-m07-shell="batch6-export" data-workspace-nav="horizontal">
                          <style>
                          <header className="rounded-2x...">
                            <p>
                            <p>
                            <p>
+                           <p className="mt-2 text-xs text-[var(--muted)]" role="status">
-                           <div className="mt-4">
                            ...
                          ...

    at <unknown> (https://react.dev/link/hydration-mismatch)
    at p (<anonymous>)
    at WorkspaceInner (src\modules\m07-staff-pay\StaffPayWorkspace.tsx:114:11)
    at StaffPayWorkspace (src\modules\m07-staff-pay\StaffPayWorkspace.tsx:140:9)
    at StaffPayModule (src\modules\m07-staff-pay\StaffPayModule.tsx:10:10)
    at resolveModuleEntry (src\components\workspaces\ModuleWorkspace.tsx:81:14)
    at ModuleBody (src\components\workspaces\ModuleWorkspace.tsx:122:17)
    at ModuleWorkspace (src\components\workspaces\ModuleWorkspace.tsx:177:11)
    at ModulePage (src\app\(portal)\[module]\page.tsx:78:10)
  112 |         <p className="mt-2 text-xs text-[var(--muted)]">{M07_NON_CERTIFIED_DISCLAIMER}</p>
  113 |         {bootstrap ? (
> 114 |           <p className="mt-2 text-xs text-[var(--muted)]" role="status">
      |           ^
  115 |             Storage bootstrap · schema v9 · v9Ran={String(bootstrap.v9Ran ?? false)}
  116 |           </p>
  117 |         ) : null}
[browser] A tree hydrated but some attributes of the server rendered HTML didn't match the client properties. This won't be patched up. This can happen if a SSR-ed Client Component used:

- A server/client branch `if (typeof window !== 'undefined')`.
- Variable input such as `Date.now()` or `Math.random()` which changes each time it's called.
- Date formatting in a user's locale which doesn't match the server.
- External changing data without sending a snapshot of it along with the HTML.
- Invalid HTML tag nesting.

It can also happen if the client has a browser extension installed which messes with the HTML before React loaded.

https://react.dev/link/hydration-mismatch

  ...
    <HotReload globalError={[...]} webSocket={WebSocket} staticIndicatorState={{pathname:null, ...}}>
      <AppDevOverlayErrorBoundary globalError={[...]}>
        <ReplaySsrOnlyErrors>
        <DevRootHTTPAccessFallbackBoundary>
          <HTTPAccessFallbackBoundary notFound={<NotAllowedRootHTTPFallbackError>}>
            <HTTPAccessFallbackErrorBoundary pathname="/staffpay" notFound={<NotAllowedRootHTTPFallbackError>} ...>
              <RedirectBoundary>
                <RedirectErrorBoundary router={{...}}>
                  <Head>
                  <__next_root_layout_boundary__>
                    <SegmentViewNode type="layout" pagePath="layout.tsx">
                      <SegmentTrieNode>
                      <link>
                      <RootLayout>
                        <html lang="en" className="h-full">
                          <body
+                           className="min-h-full antialiased"
-                           className="min-h-full antialiased theme-dark"
                          >
                  ...
 
[browser] A tree hydrated but some attributes of the server rendered HTML didn't match the client properties. This won't be patched up. This can happen if a SSR-ed Client Component used:

- A server/client branch `if (typeof window !== 'undefined')`.
- Variable input such as `Date.now()` or `Math.random()` which changes each time it's called.
- Date formatting in a user's locale which doesn't match the server.
- External changing data without sending a snapshot of it along with the HTML.
- Invalid HTML tag nesting.

It can also happen if the client has a browser extension installed which messes with the HTML before React loaded.

https://react.dev/link/hydration-mismatch

  ...
    <HotReload globalError={[...]} webSocket={WebSocket} staticIndicatorState={{pathname:null, ...}}>
      <AppDevOverlayErrorBoundary globalError={[...]}>
        <ReplaySsrOnlyErrors>
        <DevRootHTTPAccessFallbackBoundary>
          <HTTPAccessFallbackBoundary notFound={<NotAllowedRootHTTPFallbackError>}>
            <HTTPAccessFallbackErrorBoundary pathname="/staffpay" notFound={<NotAllowedRootHTTPFallbackError>} ...>
              <RedirectBoundary>
                <RedirectErrorBoundary router={{...}}>
                  <Head>
                  <__next_root_layout_boundary__>
                    <SegmentViewNode type="layout" pagePath="layout.tsx">
                      <SegmentTrieNode>
                      <link>
                      <RootLayout>
                        <html lang="en" className="h-full">
                          <body
+                           className="min-h-full antialiased"
-                           className="min-h-full antialiased theme-dark"
                          >
                  ...
 
⚠ Fast Refresh had to perform a full reload. Read more: https://nextjs.org/docs/messages/fast-refresh-reload
[browser] Can't perform a React state update on a component that hasn't mounted yet. This indicates that you have a side-effect in your render function that asynchronously tries to update the component. Move this work to useEffect instead. 
[browser] Uncaught Error: Internal Next.js error: Router action dispatched before initialization.
[browser] Uncaught Error: Hydration failed because the server rendered text didn't match the client. As a result this tree will be regenerated on the client. This can happen if a SSR-ed Client Component used:

- A server/client branch `if (typeof window !== 'undefined')`.
- Variable input such as `Date.now()` or `Math.random()` which changes each time it's called.
- Date formatting in a user's locale which doesn't match the server.
- External changing data without sending a snapshot of it along with the HTML.
- Invalid HTML tag nesting.

It can also happen if the client has a browser extension installed which messes with the HTML before React loaded.

https://react.dev/link/hydration-mismatch

  ...
    <Suspense fallback={<div>}>
      <DeepLinkSync>
        <StaffDoctorsWorkspaceChrome section="overview" onNavigate={function DeepLinkSync.useCallback[navigateSection]}>
          <div className="grid min-w..." data-workspace-nav="horizontal">
            <div>
            <div className="min-w-0">
              <SectionBody section="overview">
                <OverviewSection>
                  <div className="grid gap-4">
                    <div>
                    <div className="grid gap-3...">
                      <button type="button" className="text-left" onClick={function onClick}>
                        <Metric label="Active staff" value={41} icon="users" tone="success">
                          <div className="flex items...">
                            <div>
                              <div>
                              <div className="mt-1 text-[28px] font-extrabold tracking-tight text-[var(--ink)]">
+                               41
-                               0
                            ...
                      ...
                    ...

    at <unknown> (https://react.dev/link/hydration-mismatch)
    at div (<anonymous>)
    at Metric (src\components\ui\Metric.tsx:36:9)
    at OverviewSection (src\modules\m04-staff-doctors\sections\OverviewSection.tsx:31:11)
    at SectionBody (src\modules\m04-staff-doctors\StaffDoctorsWorkspace.tsx:39:14)
    at StaffDoctorsWorkspaceChrome (src\modules\m04-staff-doctors\StaffDoctorsWorkspace.tsx:119:9)
    at DeepLinkSync (src\modules\m04-staff-doctors\StaffDoctorsWorkspace.tsx:88:10)
    at StaffDoctorsWorkspace (src\modules\m04-staff-doctors\StaffDoctorsWorkspace.tsx:135:9)
    at StaffDoctorsModule (src\modules\m04-staff-doctors\StaffDoctorsModule.tsx:10:10)
    at resolveModuleEntry (src\components\workspaces\ModuleWorkspace.tsx:75:14)
    at ModuleBody (src\components\workspaces\ModuleWorkspace.tsx:122:17)
    at ModuleWorkspace (src\components\workspaces\ModuleWorkspace.tsx:177:11)
    at ModulePage (src\app\(portal)\[module]\page.tsx:78:10)
  34 |           {label}
  35 |         </div>
> 36 |         <div className="mt-1 text-[28px] font-extrabold tracking-tight text-[var(--ink)]">
     |         ^
  37 |           {value}
  38 |         </div>
  39 |       </div>
[browser] A tree hydrated but some attributes of the server rendered HTML didn't match the client properties. This won't be patched up. This can happen if a SSR-ed Client Component used:

- A server/client branch `if (typeof window !== 'undefined')`.
- Variable input such as `Date.now()` or `Math.random()` which changes each time it's called.
- Date formatting in a user's locale which doesn't match the server.
- External changing data without sending a snapshot of it along with the HTML.
- Invalid HTML tag nesting.

It can also happen if the client has a browser extension installed which messes with the HTML before React loaded.

https://react.dev/link/hydration-mismatch

  ...
    <HotReload globalError={[...]} webSocket={WebSocket} staticIndicatorState={{pathname:null, ...}}>
      <AppDevOverlayErrorBoundary globalError={[...]}>
        <ReplaySsrOnlyErrors>
        <DevRootHTTPAccessFallbackBoundary>
          <HTTPAccessFallbackBoundary notFound={<NotAllowedRootHTTPFallbackError>}>
            <HTTPAccessFallbackErrorBoundary pathname="/staff-doc..." notFound={<NotAllowedRootHTTPFallbackError>} ...>
              <RedirectBoundary>
                <RedirectErrorBoundary router={{...}}>
                  <Head>
                  <__next_root_layout_boundary__>
                    <SegmentViewNode type="layout" pagePath="layout.tsx">
                      <SegmentTrieNode>
                      <link>
                      <RootLayout>
                        <html lang="en" className="h-full">
                          <body
+                           className="min-h-full antialiased"
-                           className="min-h-full antialiased theme-dark"
                          >
                  ...
 
[browser] A tree hydrated but some attributes of the server rendered HTML didn't match the client properties. This won't be patched up. This can happen if a SSR-ed Client Component used:

- A server/client branch `if (typeof window !== 'undefined')`.
- Variable input such as `Date.now()` or `Math.random()` which changes each time it's called.
- Date formatting in a user's locale which doesn't match the server.
- External changing data without sending a snapshot of it along with the HTML.
- Invalid HTML tag nesting.

It can also happen if the client has a browser extension installed which messes with the HTML before React loaded.

https://react.dev/link/hydration-mismatch

  ...
    <HotReload globalError={[...]} webSocket={WebSocket} staticIndicatorState={{pathname:null, ...}}>
      <AppDevOverlayErrorBoundary globalError={[...]}>
        <ReplaySsrOnlyErrors>
        <DevRootHTTPAccessFallbackBoundary>
          <HTTPAccessFallbackBoundary notFound={<NotAllowedRootHTTPFallbackError>}>
            <HTTPAccessFallbackErrorBoundary pathname="/staff-doc..." notFound={<NotAllowedRootHTTPFallbackError>} ...>
              <RedirectBoundary>
                <RedirectErrorBoundary router={{...}}>
                  <Head>
                  <__next_root_layout_boundary__>
                    <SegmentViewNode type="layout" pagePath="layout.tsx">
                      <SegmentTrieNode>
                      <link>
                      <RootLayout>
                        <html lang="en" className="h-full">
                          <body
+                           className="min-h-full antialiased"
-                           className="min-h-full antialiased theme-dark"
                          >
                  ...
 
[browser] A tree hydrated but some attributes of the server rendered HTML didn't match the client properties. This won't be patched up. This can happen if a SSR-ed Client Component used:

- A server/client branch `if (typeof window !== 'undefined')`.
- Variable input such as `Date.now()` or `Math.random()` which changes each time it's called.
- Date formatting in a user's locale which doesn't match the server.
- External changing data without sending a snapshot of it along with the HTML.
- Invalid HTML tag nesting.

It can also happen if the client has a browser extension installed which messes with the HTML before React loaded.

https://react.dev/link/hydration-mismatch

  ...
    <HotReload globalError={[...]} webSocket={WebSocket} staticIndicatorState={{pathname:null, ...}}>
      <AppDevOverlayErrorBoundary globalError={[...]}>
        <ReplaySsrOnlyErrors>
        <DevRootHTTPAccessFallbackBoundary>
          <HTTPAccessFallbackBoundary notFound={<NotAllowedRootHTTPFallbackError>}>
            <HTTPAccessFallbackErrorBoundary pathname="/roster" notFound={<NotAllowedRootHTTPFallbackError>} ...>
              <RedirectBoundary>
                <RedirectErrorBoundary router={{...}}>
                  <Head>
                  <__next_root_layout_boundary__>
                    <SegmentViewNode type="layout" pagePath="layout.tsx">
                      <SegmentTrieNode>
                      <link>
                      <RootLayout>
                        <html lang="en" className="h-full">
                          <body
+                           className="min-h-full antialiased"
-                           className="min-h-full antialiased theme-dark"
                          >
                  ...
 
[browser] Uncaught Error: Hydration failed because the server rendered HTML didn't match the client. As a result this tree will be regenerated on the client. This can happen if a SSR-ed Client Component used:

- A server/client branch `if (typeof window !== 'undefined')`.
- Variable input such as `Date.now()` or `Math.random()` which changes each time it's called.
- Date formatting in a user's locale which doesn't match the server.
- External changing data without sending a snapshot of it along with the HTML.
- Invalid HTML tag nesting.

It can also happen if the client has a browser extension installed which messes with the HTML before React loaded.

https://react.dev/link/hydration-mismatch

  ...
    <RosterModule>
      <RosterWorkspace>
        <RosterProvider>
          <Suspense fallback={<div>}>
            <DeepLinkSync>
              <RosterWorkspaceChrome section="roster-board" ...>
                <div className="grid min-w..." data-workspace-nav="horizontal">
                  <div>
                  <div className="min-w-0">
                    <SectionBody section="roster-board">
                      <RosterBoardSection>
                        <SectionFrame sectionId="roster-board" title="Roster Board">
                          <div className="grid gap-4" data-testid="m05-sectio..." data-m05-section="roster-board" ...>
                            <div>
                            <OfflineState>
                            <div
-                             data-ux-state="offline"
-                             data-testid="m05-ux-offline"
                            >
+                             <p className="m-0 mt-1 text-sm text-[var(--muted)]">
-                             <div
-                               className="rounded-[var(--radius)] border border-[var(--v34-card-line)] bg-[var(--card..."
-                             >
                            ...

    at <unknown> (https://react.dev/link/hydration-mismatch)
    at p (<anonymous>)
    at RosterBoardSection (src\modules\m05-roster\sections\RosterBoardSection.tsx:330:9)
    at SectionBody (src\modules\m05-roster\RosterWorkspace.tsx:48:14)
    at RosterWorkspaceChrome (src\modules\m05-roster\RosterWorkspace.tsx:232:11)
    at DeepLinkSync (src\modules\m05-roster\RosterWorkspace.tsx:167:10)
    at RosterWorkspace (src\modules\m05-roster\RosterWorkspace.tsx:259:9)
    at RosterModule (src\modules\m05-roster\RosterModule.tsx:9:10)
    at resolveModuleEntry (src\components\workspaces\ModuleWorkspace.tsx:77:14)
    at ModuleBody (src\components\workspaces\ModuleWorkspace.tsx:122:17)
    at ModuleWorkspace (src\components\workspaces\ModuleWorkspace.tsx:177:11)
    at ModulePage (src\app\(portal)\[module]\page.tsx:78:10)
  328 |       <OfflineState />
  329 |       <div>
> 330 |         <p className="m-0 mt-1 text-sm text-[var(--muted)]">
      |         ^
  331 |           Build weekly rosters — periods, shifts and assignments. Every assignment runs
  332 |           authoritative M04/platform eligibility.
  333 |         </p>
[browser] Uncaught Error: Hydration failed because the server rendered HTML didn't match the client. As a result this tree will be regenerated on the client. This can happen if a SSR-ed Client Component used:

- A server/client branch `if (typeof window !== 'undefined')`.
- Variable input such as `Date.now()` or `Math.random()` which changes each time it's called.
- Date formatting in a user's locale which doesn't match the server.
- External changing data without sending a snapshot of it along with the HTML.
- Invalid HTML tag nesting.

It can also happen if the client has a browser extension installed which messes with the HTML before React loaded.

https://react.dev/link/hydration-mismatch

  ...
    <RosterModule>
      <RosterWorkspace>
        <RosterProvider>
          <Suspense fallback={<div>}>
            <DeepLinkSync>
              <RosterWorkspaceChrome section="roster-board" ...>
                <div className="grid min-w..." data-workspace-nav="horizontal">
                  <div>
                  <div className="min-w-0">
                    <SectionBody section="roster-board">
                      <RosterBoardSection>
                        <SectionFrame sectionId="roster-board" title="Roster Board">
                          <div className="grid gap-4" data-testid="m05-sectio..." data-m05-section="roster-board" ...>
                            <div>
                            <OfflineState>
                            <div
-                             data-ux-state="offline"
-                             data-testid="m05-ux-offline"
                            >
+                             <p className="m-0 mt-1 text-sm text-[var(--muted)]">
-                             <div
-                               className="rounded-[var(--radius)] border border-[var(--v34-card-line)] bg-[var(--card..."
-                             >
                            ...

    at <unknown> (https://react.dev/link/hydration-mismatch)
    at p (<anonymous>)
    at RosterBoardSection (src\modules\m05-roster\sections\RosterBoardSection.tsx:330:9)
    at SectionBody (src\modules\m05-roster\RosterWorkspace.tsx:48:14)
    at RosterWorkspaceChrome (src\modules\m05-roster\RosterWorkspace.tsx:232:11)
    at DeepLinkSync (src\modules\m05-roster\RosterWorkspace.tsx:167:10)
    at RosterWorkspace (src\modules\m05-roster\RosterWorkspace.tsx:259:9)
    at RosterModule (src\modules\m05-roster\RosterModule.tsx:9:10)
    at resolveModuleEntry (src\components\workspaces\ModuleWorkspace.tsx:77:14)
    at ModuleBody (src\components\workspaces\ModuleWorkspace.tsx:122:17)
    at ModuleWorkspace (src\components\workspaces\ModuleWorkspace.tsx:177:11)
    at ModulePage (src\app\(portal)\[module]\page.tsx:78:10)
  328 |       <OfflineState />
  329 |       <div>
> 330 |         <p className="m-0 mt-1 text-sm text-[var(--muted)]">
      |         ^
  331 |           Build weekly rosters — periods, shifts and assignments. Every assignment runs
  332 |           authoritative M04/platform eligibility.
  333 |         </p>
[browser] A tree hydrated but some attributes of the server rendered HTML didn't match the client properties. This won't be patched up. This can happen if a SSR-ed Client Component used:

- A server/client branch `if (typeof window !== 'undefined')`.
- Variable input such as `Date.now()` or `Math.random()` which changes each time it's called.
- Date formatting in a user's locale which doesn't match the server.
- External changing data without sending a snapshot of it along with the HTML.
- Invalid HTML tag nesting.

It can also happen if the client has a browser extension installed which messes with the HTML before React loaded.

https://react.dev/link/hydration-mismatch

  ...
    <HotReload globalError={[...]} webSocket={WebSocket} staticIndicatorState={{pathname:null, ...}}>
      <AppDevOverlayErrorBoundary globalError={[...]}>
        <ReplaySsrOnlyErrors>
        <DevRootHTTPAccessFallbackBoundary>
          <HTTPAccessFallbackBoundary notFound={<NotAllowedRootHTTPFallbackError>}>
            <HTTPAccessFallbackErrorBoundary pathname="/roster" notFound={<NotAllowedRootHTTPFallbackError>} ...>
              <RedirectBoundary>
                <RedirectErrorBoundary router={{...}}>
                  <Head>
                  <__next_root_layout_boundary__>
                    <SegmentViewNode type="layout" pagePath="layout.tsx">
                      <SegmentTrieNode>
                      <link>
                      <RootLayout>
                        <html lang="en" className="h-full">
                          <body
+                           className="min-h-full antialiased"
-                           className="min-h-full antialiased theme-dark"
                          >
                  ...
 
[browser] Uncaught Error: Hydration failed because the server rendered HTML didn't match the client. As a result this tree will be regenerated on the client. This can happen if a SSR-ed Client Component used:

- A server/client branch `if (typeof window !== 'undefined')`.
- Variable input such as `Date.now()` or `Math.random()` which changes each time it's called.
- Date formatting in a user's locale which doesn't match the server.
- External changing data without sending a snapshot of it along with the HTML.
- Invalid HTML tag nesting.

It can also happen if the client has a browser extension installed which messes with the HTML before React loaded.

https://react.dev/link/hydration-mismatch

  ...
    <RosterModule>
      <RosterWorkspace>
        <RosterProvider>
          <Suspense fallback={<div>}>
            <DeepLinkSync>
              <RosterWorkspaceChrome section="roster-board" ...>
                <div className="grid min-w..." data-workspace-nav="horizontal">
                  <div>
                  <div className="min-w-0">
                    <SectionBody section="roster-board">
                      <RosterBoardSection>
                        <SectionFrame sectionId="roster-board" title="Roster Board">
                          <div className="grid gap-4" data-testid="m05-sectio..." data-m05-section="roster-board" ...>
                            <div>
                            <OfflineState>
                            <div
-                             data-ux-state="offline"
-                             data-testid="m05-ux-offline"
                            >
+                             <p className="m-0 mt-1 text-sm text-[var(--muted)]">
-                             <div
-                               className="rounded-[var(--radius)] border border-[var(--v34-card-line)] bg-[var(--card..."
-                             >
                            ...

    at <unknown> (https://react.dev/link/hydration-mismatch)
    at p (<anonymous>)
    at RosterBoardSection (src\modules\m05-roster\sections\RosterBoardSection.tsx:330:9)
    at SectionBody (src\modules\m05-roster\RosterWorkspace.tsx:48:14)
    at RosterWorkspaceChrome (src\modules\m05-roster\RosterWorkspace.tsx:232:11)
    at DeepLinkSync (src\modules\m05-roster\RosterWorkspace.tsx:167:10)
    at RosterWorkspace (src\modules\m05-roster\RosterWorkspace.tsx:259:9)
    at RosterModule (src\modules\m05-roster\RosterModule.tsx:9:10)
    at resolveModuleEntry (src\components\workspaces\ModuleWorkspace.tsx:77:14)
    at ModuleBody (src\components\workspaces\ModuleWorkspace.tsx:122:17)
    at ModuleWorkspace (src\components\workspaces\ModuleWorkspace.tsx:177:11)
    at ModulePage (src\app\(portal)\[module]\page.tsx:78:10)
  328 |       <OfflineState />
  329 |       <div>
> 330 |         <p className="m-0 mt-1 text-sm text-[var(--muted)]">
      |         ^
  331 |           Build weekly rosters — periods, shifts and assignments. Every assignment runs
  332 |           authoritative M04/platform eligibility.
  333 |         </p>
⚠ Fast Refresh had to perform a full reload. Read more: https://nextjs.org/docs/messages/fast-refresh-reload
[browser] Uncaught Error: Hydration failed because the server rendered HTML didn't match the client. As a result this tree will be regenerated on the client. This can happen if a SSR-ed Client Component used:

- A server/client branch `if (typeof window !== 'undefined')`.
- Variable input such as `Date.now()` or `Math.random()` which changes each time it's called.
- Date formatting in a user's locale which doesn't match the server.
- External changing data without sending a snapshot of it along with the HTML.
- Invalid HTML tag nesting.

It can also happen if the client has a browser extension installed which messes with the HTML before React loaded.

https://react.dev/link/hydration-mismatch

  ...
    <RosterModule>
      <RosterWorkspace>
        <RosterProvider>
          <Suspense fallback={<div>}>
            <DeepLinkSync>
              <RosterWorkspaceChrome section="roster-board" ...>
                <div className="grid min-w..." data-workspace-nav="horizontal">
                  <div>
                  <div className="min-w-0">
                    <SectionBody section="roster-board">
                      <RosterBoardSection>
                        <SectionFrame sectionId="roster-board" title="Roster Board">
                          <div className="grid gap-4" data-testid="m05-sectio..." data-m05-section="roster-board" ...>
                            <div>
                            <OfflineState>
                            <div
-                             data-ux-state="offline"
-                             data-testid="m05-ux-offline"
                            >
+                             <p className="m-0 mt-1 text-sm text-[var(--muted)]">
-                             <div
-                               className="rounded-[var(--radius)] border border-[var(--v34-card-line)] bg-[var(--card..."
-                             >
                            ...

    at <unknown> (https://react.dev/link/hydration-mismatch)
    at p (<anonymous>)
    at RosterBoardSection (src\modules\m05-roster\sections\RosterBoardSection.tsx:330:9)
    at SectionBody (src\modules\m05-roster\RosterWorkspace.tsx:48:14)
    at RosterWorkspaceChrome (src\modules\m05-roster\RosterWorkspace.tsx:232:11)
    at DeepLinkSync (src\modules\m05-roster\RosterWorkspace.tsx:167:10)
    at RosterWorkspace (src\modules\m05-roster\RosterWorkspace.tsx:259:9)
    at RosterModule (src\modules\m05-roster\RosterModule.tsx:9:10)
    at resolveModuleEntry (src\components\workspaces\ModuleWorkspace.tsx:77:14)
    at ModuleBody (src\components\workspaces\ModuleWorkspace.tsx:122:17)
    at ModuleWorkspace (src\components\workspaces\ModuleWorkspace.tsx:177:11)
    at ModulePage (src\app\(portal)\[module]\page.tsx:78:10)
  328 |       <OfflineState />
  329 |       <div>
> 330 |         <p className="m-0 mt-1 text-sm text-[var(--muted)]">
      |         ^
  331 |           Build weekly rosters — periods, shifts and assignments. Every assignment runs
  332 |           authoritative M04/platform eligibility.
  333 |         </p>
[browser] A tree hydrated but some attributes of the server rendered HTML didn't match the client properties. This won't be patched up. This can happen if a SSR-ed Client Component used:

- A server/client branch `if (typeof window !== 'undefined')`.
- Variable input such as `Date.now()` or `Math.random()` which changes each time it's called.
- Date formatting in a user's locale which doesn't match the server.
- External changing data without sending a snapshot of it along with the HTML.
- Invalid HTML tag nesting.

It can also happen if the client has a browser extension installed which messes with the HTML before React loaded.

https://react.dev/link/hydration-mismatch

  ...
    <HotReload globalError={[...]} webSocket={WebSocket} staticIndicatorState={{pathname:null, ...}}>
      <AppDevOverlayErrorBoundary globalError={[...]}>
        <ReplaySsrOnlyErrors>
        <DevRootHTTPAccessFallbackBoundary>
          <HTTPAccessFallbackBoundary notFound={<NotAllowedRootHTTPFallbackError>}>
            <HTTPAccessFallbackErrorBoundary pathname="/roster" notFound={<NotAllowedRootHTTPFallbackError>} ...>
              <RedirectBoundary>
                <RedirectErrorBoundary router={{...}}>
                  <Head>
                  <__next_root_layout_boundary__>
                    <SegmentViewNode type="layout" pagePath="layout.tsx">
                      <SegmentTrieNode>
                      <link>
                      <RootLayout>
                        <html lang="en" className="h-full">
                          <body
+                           className="min-h-full antialiased"
-                           className="min-h-full antialiased theme-dark"
                          >
                  ...
 
[browser] Uncaught Error: Hydration failed because the server rendered HTML didn't match the client. As a result this tree will be regenerated on the client. This can happen if a SSR-ed Client Component used:

- A server/client branch `if (typeof window !== 'undefined')`.
- Variable input such as `Date.now()` or `Math.random()` which changes each time it's called.
- Date formatting in a user's locale which doesn't match the server.
- External changing data without sending a snapshot of it along with the HTML.
- Invalid HTML tag nesting.

It can also happen if the client has a browser extension installed which messes with the HTML before React loaded.

https://react.dev/link/hydration-mismatch

  ...
    <RosterModule>
      <RosterWorkspace>
        <RosterProvider>
          <Suspense fallback={<div>}>
            <DeepLinkSync>
              <RosterWorkspaceChrome section="roster-board" ...>
                <div className="grid min-w..." data-workspace-nav="horizontal">
                  <div>
                  <div className="min-w-0">
                    <SectionBody section="roster-board">
                      <RosterBoardSection>
                        <SectionFrame sectionId="roster-board" title="Roster Board">
                          <div className="grid gap-4" data-testid="m05-sectio..." data-m05-section="roster-board" ...>
                            <div>
                            <OfflineState>
                            <div
-                             data-ux-state="offline"
-                             data-testid="m05-ux-offline"
                            >
+                             <p className="m-0 mt-1 text-sm text-[var(--muted)]">
-                             <div
-                               className="rounded-[var(--radius)] border border-[var(--v34-card-line)] bg-[var(--card..."
-                             >
                            ...

    at <unknown> (https://react.dev/link/hydration-mismatch)
    at p (<anonymous>)
    at RosterBoardSection (src\modules\m05-roster\sections\RosterBoardSection.tsx:330:9)
    at SectionBody (src\modules\m05-roster\RosterWorkspace.tsx:48:14)
    at RosterWorkspaceChrome (src\modules\m05-roster\RosterWorkspace.tsx:232:11)
    at DeepLinkSync (src\modules\m05-roster\RosterWorkspace.tsx:167:10)
    at RosterWorkspace (src\modules\m05-roster\RosterWorkspace.tsx:259:9)
    at RosterModule (src\modules\m05-roster\RosterModule.tsx:9:10)
    at resolveModuleEntry (src\components\workspaces\ModuleWorkspace.tsx:77:14)
    at ModuleBody (src\components\workspaces\ModuleWorkspace.tsx:122:17)
    at ModuleWorkspace (src\components\workspaces\ModuleWorkspace.tsx:177:11)
    at ModulePage (src\app\(portal)\[module]\page.tsx:78:10)
  328 |       <OfflineState />
  329 |       <div>
> 330 |         <p className="m-0 mt-1 text-sm text-[var(--muted)]">
      |         ^
  331 |           Build weekly rosters — periods, shifts and assignments. Every assignment runs
  332 |           authoritative M04/platform eligibility.
  333 |         </p>
[browser] A tree hydrated but some attributes of the server rendered HTML didn't match the client properties. This won't be patched up. This can happen if a SSR-ed Client Component used:

- A server/client branch `if (typeof window !== 'undefined')`.
- Variable input such as `Date.now()` or `Math.random()` which changes each time it's called.
- Date formatting in a user's locale which doesn't match the server.
- External changing data without sending a snapshot of it along with the HTML.
- Invalid HTML tag nesting.

It can also happen if the client has a browser extension installed which messes with the HTML before React loaded.

https://react.dev/link/hydration-mismatch

  ...
    <HotReload globalError={[...]} webSocket={WebSocket} staticIndicatorState={{pathname:null, ...}}>
      <AppDevOverlayErrorBoundary globalError={[...]}>
        <ReplaySsrOnlyErrors>
        <DevRootHTTPAccessFallbackBoundary>
          <HTTPAccessFallbackBoundary notFound={<NotAllowedRootHTTPFallbackError>}>
            <HTTPAccessFallbackErrorBoundary pathname="/time-atte..." notFound={<NotAllowedRootHTTPFallbackError>} ...>
              <RedirectBoundary>
                <RedirectErrorBoundary router={{...}}>
                  <Head>
                  <__next_root_layout_boundary__>
                    <SegmentViewNode type="layout" pagePath="layout.tsx">
                      <SegmentTrieNode>
                      <link>
                      <RootLayout>
                        <html lang="en" className="h-full">
                          <body
+                           className="min-h-full antialiased"
-                           className="min-h-full antialiased theme-dark"
                          >
                  ...
 
[browser] A tree hydrated but some attributes of the server rendered HTML didn't match the client properties. This won't be patched up. This can happen if a SSR-ed Client Component used:

- A server/client branch `if (typeof window !== 'undefined')`.
- Variable input such as `Date.now()` or `Math.random()` which changes each time it's called.
- Date formatting in a user's locale which doesn't match the server.
- External changing data without sending a snapshot of it along with the HTML.
- Invalid HTML tag nesting.

It can also happen if the client has a browser extension installed which messes with the HTML before React loaded.

https://react.dev/link/hydration-mismatch

  ...
    <HotReload globalError={[...]} webSocket={WebSocket} staticIndicatorState={{pathname:null, ...}}>
      <AppDevOverlayErrorBoundary globalError={[...]}>
        <ReplaySsrOnlyErrors>
        <DevRootHTTPAccessFallbackBoundary>
          <HTTPAccessFallbackBoundary notFound={<NotAllowedRootHTTPFallbackError>}>
            <HTTPAccessFallbackErrorBoundary pathname="/time-atte..." notFound={<NotAllowedRootHTTPFallbackError>} ...>
              <RedirectBoundary>
                <RedirectErrorBoundary router={{...}}>
                  <Head>
                  <__next_root_layout_boundary__>
                    <SegmentViewNode type="layout" pagePath="layout.tsx">
                      <SegmentTrieNode>
                      <link>
                      <RootLayout>
                        <html lang="en" className="h-full">
                          <body
+                           className="min-h-full antialiased"
-                           className="min-h-full antialiased theme-dark"
                          >
                  ...
 
[browser] A tree hydrated but some attributes of the server rendered HTML didn't match the client properties. This won't be patched up. This can happen if a SSR-ed Client Component used:

- A server/client branch `if (typeof window !== 'undefined')`.
- Variable input such as `Date.now()` or `Math.random()` which changes each time it's called.
- Date formatting in a user's locale which doesn't match the server.
- External changing data without sending a snapshot of it along with the HTML.
- Invalid HTML tag nesting.

It can also happen if the client has a browser extension installed which messes with the HTML before React loaded.

https://react.dev/link/hydration-mismatch

  ...
    <HotReload globalError={[...]} webSocket={WebSocket} staticIndicatorState={{pathname:null, ...}}>
      <AppDevOverlayErrorBoundary globalError={[...]}>
        <ReplaySsrOnlyErrors>
        <DevRootHTTPAccessFallbackBoundary>
          <HTTPAccessFallbackBoundary notFound={<NotAllowedRootHTTPFallbackError>}>
            <HTTPAccessFallbackErrorBoundary pathname="/staffpay" notFound={<NotAllowedRootHTTPFallbackError>} ...>
              <RedirectBoundary>
                <RedirectErrorBoundary router={{...}}>
                  <Head>
                  <__next_root_layout_boundary__>
                    <SegmentViewNode type="layout" pagePath="layout.tsx">
                      <SegmentTrieNode>
                      <link>
                      <RootLayout>
                        <html lang="en" className="h-full">
                          <body
+                           className="min-h-full antialiased"
-                           className="min-h-full antialiased theme-dark"
                          >
                  ...
 
⚠ Fast Refresh had to perform a full reload. Read more: https://nextjs.org/docs/messages/fast-refresh-reload
[browser] Uncaught Error: Hydration failed because the server rendered HTML didn't match the client. As a result this tree will be regenerated on the client. This can happen if a SSR-ed Client Component used:

- A server/client branch `if (typeof window !== 'undefined')`.
- Variable input such as `Date.now()` or `Math.random()` which changes each time it's called.
- Date formatting in a user's locale which doesn't match the server.
- External changing data without sending a snapshot of it along with the HTML.
- Invalid HTML tag nesting.

It can also happen if the client has a browser extension installed which messes with the HTML before React loaded.

https://react.dev/link/hydration-mismatch

  ...
    <SegmentViewNode type="page" pagePath="(portal)/[...">
      <SegmentTrieNode>
      <ModulePage>
        <ModuleWorkspace module={{id:"staffpay", ...}}>
          <PageHeader>
          ...
            <ModuleBody module={{id:"staffpay", ...}}>
              <StaffPayModule>
                <StaffPayWorkspace>
                  <StaffPayProvider>
                    <Suspense fallback={<div>}>
                      <DeepLinkSync>
                      <WorkspaceInner>
                        <div className="m07-shell ..." data-m07-shell="batch6-export" data-workspace-nav="horizontal">
                          <style>
                          <header className="rounded-2x...">
                            <p>
                            <p>
                            <p>
+                           <p className="mt-2 text-xs text-[var(--muted)]" role="status">
-                           <div className="mt-4">
                            ...
                          ...

    at <unknown> (https://react.dev/link/hydration-mismatch)
    at p (<anonymous>)
    at WorkspaceInner (src\modules\m07-staff-pay\StaffPayWorkspace.tsx:114:11)
    at StaffPayWorkspace (src\modules\m07-staff-pay\StaffPayWorkspace.tsx:140:9)
    at StaffPayModule (src\modules\m07-staff-pay\StaffPayModule.tsx:10:10)
    at resolveModuleEntry (src\components\workspaces\ModuleWorkspace.tsx:81:14)
    at ModuleBody (src\components\workspaces\ModuleWorkspace.tsx:122:17)
    at ModuleWorkspace (src\components\workspaces\ModuleWorkspace.tsx:177:11)
    at ModulePage (src\app\(portal)\[module]\page.tsx:78:10)
  112 |         <p className="mt-2 text-xs text-[var(--muted)]">{M07_NON_CERTIFIED_DISCLAIMER}</p>
  113 |         {bootstrap ? (
> 114 |           <p className="mt-2 text-xs text-[var(--muted)]" role="status">
      |           ^
  115 |             Storage bootstrap · schema v9 · v9Ran={String(bootstrap.v9Ran ?? false)}
  116 |           </p>
  117 |         ) : null}
[browser] A tree hydrated but some attributes of the server rendered HTML didn't match the client properties. This won't be patched up. This can happen if a SSR-ed Client Component used:

- A server/client branch `if (typeof window !== 'undefined')`.
- Variable input such as `Date.now()` or `Math.random()` which changes each time it's called.
- Date formatting in a user's locale which doesn't match the server.
- External changing data without sending a snapshot of it along with the HTML.
- Invalid HTML tag nesting.

It can also happen if the client has a browser extension installed which messes with the HTML before React loaded.

https://react.dev/link/hydration-mismatch

  ...
    <HotReload globalError={[...]} webSocket={WebSocket} staticIndicatorState={{pathname:null, ...}}>
      <AppDevOverlayErrorBoundary globalError={[...]}>
        <ReplaySsrOnlyErrors>
        <DevRootHTTPAccessFallbackBoundary>
          <HTTPAccessFallbackBoundary notFound={<NotAllowedRootHTTPFallbackError>}>
            <HTTPAccessFallbackErrorBoundary pathname="/staffpay" notFound={<NotAllowedRootHTTPFallbackError>} ...>
              <RedirectBoundary>
                <RedirectErrorBoundary router={{...}}>
                  <Head>
                  <__next_root_layout_boundary__>
                    <SegmentViewNode type="layout" pagePath="layout.tsx">
                      <SegmentTrieNode>
                      <link>
                      <RootLayout>
                        <html lang="en" className="h-full">
                          <body
+                           className="min-h-full antialiased"
-                           className="min-h-full antialiased theme-dark"
                          >
                  ...
 
[browser] Uncaught Error: Hydration failed because the server rendered HTML didn't match the client. As a result this tree will be regenerated on the client. This can happen if a SSR-ed Client Component used:

- A server/client branch `if (typeof window !== 'undefined')`.
- Variable input such as `Date.now()` or `Math.random()` which changes each time it's called.
- Date formatting in a user's locale which doesn't match the server.
- External changing data without sending a snapshot of it along with the HTML.
- Invalid HTML tag nesting.

It can also happen if the client has a browser extension installed which messes with the HTML before React loaded.

https://react.dev/link/hydration-mismatch

  ...
    <SegmentViewNode type="page" pagePath="(portal)/[...">
      <SegmentTrieNode>
      <ModulePage>
        <ModuleWorkspace module={{id:"staffpay", ...}}>
          <PageHeader>
          ...
            <ModuleBody module={{id:"staffpay", ...}}>
              <StaffPayModule>
                <StaffPayWorkspace>
                  <StaffPayProvider>
                    <Suspense fallback={<div>}>
                      <DeepLinkSync>
                      <WorkspaceInner>
                        <div className="m07-shell ..." data-m07-shell="batch6-export" data-workspace-nav="horizontal">
                          <style>
                          <header className="rounded-2x...">
                            <p>
                            <p>
                            <p>
+                           <p className="mt-2 text-xs text-[var(--muted)]" role="status">
-                           <div className="mt-4">
                            ...
                          ...

    at <unknown> (https://react.dev/link/hydration-mismatch)
    at p (<anonymous>)
    at WorkspaceInner (src\modules\m07-staff-pay\StaffPayWorkspace.tsx:114:11)
    at StaffPayWorkspace (src\modules\m07-staff-pay\StaffPayWorkspace.tsx:140:9)
    at StaffPayModule (src\modules\m07-staff-pay\StaffPayModule.tsx:10:10)
    at resolveModuleEntry (src\components\workspaces\ModuleWorkspace.tsx:81:14)
    at ModuleBody (src\components\workspaces\ModuleWorkspace.tsx:122:17)
    at ModuleWorkspace (src\components\workspaces\ModuleWorkspace.tsx:177:11)
    at ModulePage (src\app\(portal)\[module]\page.tsx:78:10)
  112 |         <p className="mt-2 text-xs text-[var(--muted)]">{M07_NON_CERTIFIED_DISCLAIMER}</p>
  113 |         {bootstrap ? (
> 114 |           <p className="mt-2 text-xs text-[var(--muted)]" role="status">
      |           ^
  115 |             Storage bootstrap · schema v9 · v9Ran={String(bootstrap.v9Ran ?? false)}
  116 |           </p>
  117 |         ) : null}
[browser] Uncaught Error: Hydration failed because the server rendered HTML didn't match the client. As a result this tree will be regenerated on the client. This can happen if a SSR-ed Client Component used:

- A server/client branch `if (typeof window !== 'undefined')`.
- Variable input such as `Date.now()` or `Math.random()` which changes each time it's called.
- Date formatting in a user's locale which doesn't match the server.
- External changing data without sending a snapshot of it along with the HTML.
- Invalid HTML tag nesting.

It can also happen if the client has a browser extension installed which messes with the HTML before React loaded.

https://react.dev/link/hydration-mismatch

  ...
    <SegmentViewNode type="page" pagePath="(portal)/[...">
      <SegmentTrieNode>
      <ModulePage>
        <ModuleWorkspace module={{id:"staffpay", ...}}>
          <PageHeader>
          ...
            <ModuleBody module={{id:"staffpay", ...}}>
              <StaffPayModule>
                <StaffPayWorkspace>
                  <StaffPayProvider>
                    <Suspense fallback={<div>}>
                      <DeepLinkSync>
                      <WorkspaceInner>
                        <div className="m07-shell ..." data-m07-shell="batch6-export" data-workspace-nav="horizontal">
                          <style>
                          <header className="rounded-2x...">
                            <p>
                            <p>
                            <p>
+                           <p className="mt-2 text-xs text-[var(--muted)]" role="status">
-                           <div className="mt-4">
                            ...
                          ...

    at <unknown> (https://react.dev/link/hydration-mismatch)
    at p (<anonymous>)
    at WorkspaceInner (src\modules\m07-staff-pay\StaffPayWorkspace.tsx:114:11)
    at StaffPayWorkspace (src\modules\m07-staff-pay\StaffPayWorkspace.tsx:140:9)
    at StaffPayModule (src\modules\m07-staff-pay\StaffPayModule.tsx:10:10)
    at resolveModuleEntry (src\components\workspaces\ModuleWorkspace.tsx:81:14)
    at ModuleBody (src\components\workspaces\ModuleWorkspace.tsx:122:17)
    at ModuleWorkspace (src\components\workspaces\ModuleWorkspace.tsx:177:11)
    at ModulePage (src\app\(portal)\[module]\page.tsx:78:10)
  112 |         <p className="mt-2 text-xs text-[var(--muted)]">{M07_NON_CERTIFIED_DISCLAIMER}</p>
  113 |         {bootstrap ? (
> 114 |           <p className="mt-2 text-xs text-[var(--muted)]" role="status">
      |           ^
  115 |             Storage bootstrap · schema v9 · v9Ran={String(bootstrap.v9Ran ?? false)}
  116 |           </p>
  117 |         ) : null}
[browser] A tree hydrated but some attributes of the server rendered HTML didn't match the client properties. This won't be patched up. This can happen if a SSR-ed Client Component used:

- A server/client branch `if (typeof window !== 'undefined')`.
- Variable input such as `Date.now()` or `Math.random()` which changes each time it's called.
- Date formatting in a user's locale which doesn't match the server.
- External changing data without sending a snapshot of it along with the HTML.
- Invalid HTML tag nesting.

It can also happen if the client has a browser extension installed which messes with the HTML before React loaded.

https://react.dev/link/hydration-mismatch

  ...
    <HotReload globalError={[...]} webSocket={WebSocket} staticIndicatorState={{pathname:null, ...}}>
      <AppDevOverlayErrorBoundary globalError={[...]}>
        <ReplaySsrOnlyErrors>
        <DevRootHTTPAccessFallbackBoundary>
          <HTTPAccessFallbackBoundary notFound={<NotAllowedRootHTTPFallbackError>}>
            <HTTPAccessFallbackErrorBoundary pathname="/staffpay" notFound={<NotAllowedRootHTTPFallbackError>} ...>
              <RedirectBoundary>
                <RedirectErrorBoundary router={{...}}>
                  <Head>
                  <__next_root_layout_boundary__>
                    <SegmentViewNode type="layout" pagePath="layout.tsx">
                      <SegmentTrieNode>
                      <link>
                      <RootLayout>
                        <html lang="en" className="h-full">
                          <body
+                           className="min-h-full antialiased"
-                           className="min-h-full antialiased theme-dark"
                          >
                  ...
 
[browser] Uncaught Error: Hydration failed because the server rendered HTML didn't match the client. As a result this tree will be regenerated on the client. This can happen if a SSR-ed Client Component used:

- A server/client branch `if (typeof window !== 'undefined')`.
- Variable input such as `Date.now()` or `Math.random()` which changes each time it's called.
- Date formatting in a user's locale which doesn't match the server.
- External changing data without sending a snapshot of it along with the HTML.
- Invalid HTML tag nesting.

It can also happen if the client has a browser extension installed which messes with the HTML before React loaded.

https://react.dev/link/hydration-mismatch

  ...
    <SegmentViewNode type="page" pagePath="(portal)/[...">
      <SegmentTrieNode>
      <ModulePage>
        <ModuleWorkspace module={{id:"staffpay", ...}}>
          <PageHeader>
          ...
            <ModuleBody module={{id:"staffpay", ...}}>
              <StaffPayModule>
                <StaffPayWorkspace>
                  <StaffPayProvider>
                    <Suspense fallback={<div>}>
                      <DeepLinkSync>
                      <WorkspaceInner>
                        <div className="m07-shell ..." data-m07-shell="batch6-export" data-workspace-nav="horizontal">
                          <style>
                          <header className="rounded-2x...">
                            <p>
                            <p>
                            <p>
+                           <p className="mt-2 text-xs text-[var(--muted)]" role="status">
-                           <div className="mt-4">
                            ...
                          ...

    at <unknown> (https://react.dev/link/hydration-mismatch)
    at p (<anonymous>)
    at WorkspaceInner (src\modules\m07-staff-pay\StaffPayWorkspace.tsx:114:11)
    at StaffPayWorkspace (src\modules\m07-staff-pay\StaffPayWorkspace.tsx:140:9)
    at StaffPayModule (src\modules\m07-staff-pay\StaffPayModule.tsx:10:10)
    at resolveModuleEntry (src\components\workspaces\ModuleWorkspace.tsx:81:14)
    at ModuleBody (src\components\workspaces\ModuleWorkspace.tsx:122:17)
    at ModuleWorkspace (src\components\workspaces\ModuleWorkspace.tsx:177:11)
    at ModulePage (src\app\(portal)\[module]\page.tsx:78:10)
  112 |         <p className="mt-2 text-xs text-[var(--muted)]">{M07_NON_CERTIFIED_DISCLAIMER}</p>
  113 |         {bootstrap ? (
> 114 |           <p className="mt-2 text-xs text-[var(--muted)]" role="status">
      |           ^
  115 |             Storage bootstrap · schema v9 · v9Ran={String(bootstrap.v9Ran ?? false)}
  116 |           </p>
  117 |         ) : null}
[browser] A tree hydrated but some attributes of the server rendered HTML didn't match the client properties. This won't be patched up. This can happen if a SSR-ed Client Component used:

- A server/client branch `if (typeof window !== 'undefined')`.
- Variable input such as `Date.now()` or `Math.random()` which changes each time it's called.
- Date formatting in a user's locale which doesn't match the server.
- External changing data without sending a snapshot of it along with the HTML.
- Invalid HTML tag nesting.

It can also happen if the client has a browser extension installed which messes with the HTML before React loaded.

https://react.dev/link/hydration-mismatch

  ...
    <HotReload globalError={[...]} webSocket={WebSocket} staticIndicatorState={{pathname:null, ...}}>
      <AppDevOverlayErrorBoundary globalError={[...]}>
        <ReplaySsrOnlyErrors>
        <DevRootHTTPAccessFallbackBoundary>
          <HTTPAccessFallbackBoundary notFound={<NotAllowedRootHTTPFallbackError>}>
            <HTTPAccessFallbackErrorBoundary pathname="/staffpay" notFound={<NotAllowedRootHTTPFallbackError>} ...>
              <RedirectBoundary>
                <RedirectErrorBoundary router={{...}}>
                  <Head>
                  <__next_root_layout_boundary__>
                    <SegmentViewNode type="layout" pagePath="layout.tsx">
                      <SegmentTrieNode>
                      <link>
                      <RootLayout>
                        <html lang="en" className="h-full">
                          <body
+                           className="min-h-full antialiased"
-                           className="min-h-full antialiased theme-dark"
                          >
                  ...
 
[browser] Uncaught Error: Hydration failed because the server rendered HTML didn't match the client. As a result this tree will be regenerated on the client. This can happen if a SSR-ed Client Component used:

- A server/client branch `if (typeof window !== 'undefined')`.
- Variable input such as `Date.now()` or `Math.random()` which changes each time it's called.
- Date formatting in a user's locale which doesn't match the server.
- External changing data without sending a snapshot of it along with the HTML.
- Invalid HTML tag nesting.

It can also happen if the client has a browser extension installed which messes with the HTML before React loaded.

https://react.dev/link/hydration-mismatch

  ...
    <SegmentViewNode type="page" pagePath="(portal)/[...">
      <SegmentTrieNode>
      <ModulePage>
        <ModuleWorkspace module={{id:"staffpay", ...}}>
          <PageHeader>
          ...
            <ModuleBody module={{id:"staffpay", ...}}>
              <StaffPayModule>
                <StaffPayWorkspace>
                  <StaffPayProvider>
                    <Suspense fallback={<div>}>
                      <DeepLinkSync>
                      <WorkspaceInner>
                        <div className="m07-shell ..." data-m07-shell="batch6-export" data-workspace-nav="horizontal">
                          <style>
                          <header className="rounded-2x...">
                            <p>
                            <p>
                            <p>
+                           <p className="mt-2 text-xs text-[var(--muted)]" role="status">
-                           <div className="mt-4">
                            ...
                          ...

    at <unknown> (https://react.dev/link/hydration-mismatch)
    at p (<anonymous>)
    at WorkspaceInner (src\modules\m07-staff-pay\StaffPayWorkspace.tsx:114:11)
    at StaffPayWorkspace (src\modules\m07-staff-pay\StaffPayWorkspace.tsx:140:9)
    at StaffPayModule (src\modules\m07-staff-pay\StaffPayModule.tsx:10:10)
    at resolveModuleEntry (src\components\workspaces\ModuleWorkspace.tsx:81:14)
    at ModuleBody (src\components\workspaces\ModuleWorkspace.tsx:122:17)
    at ModuleWorkspace (src\components\workspaces\ModuleWorkspace.tsx:177:11)
    at ModulePage (src\app\(portal)\[module]\page.tsx:78:10)
  112 |         <p className="mt-2 text-xs text-[var(--muted)]">{M07_NON_CERTIFIED_DISCLAIMER}</p>
  113 |         {bootstrap ? (
> 114 |           <p className="mt-2 text-xs text-[var(--muted)]" role="status">
      |           ^
  115 |             Storage bootstrap · schema v9 · v9Ran={String(bootstrap.v9Ran ?? false)}
  116 |           </p>
  117 |         ) : null}
[browser] Uncaught Error: Hydration failed because the server rendered HTML didn't match the client. As a result this tree will be regenerated on the client. This can happen if a SSR-ed Client Component used:

- A server/client branch `if (typeof window !== 'undefined')`.
- Variable input such as `Date.now()` or `Math.random()` which changes each time it's called.
- Date formatting in a user's locale which doesn't match the server.
- External changing data without sending a snapshot of it along with the HTML.
- Invalid HTML tag nesting.

It can also happen if the client has a browser extension installed which messes with the HTML before React loaded.

https://react.dev/link/hydration-mismatch

  ...
    <SegmentViewNode type="page" pagePath="(portal)/[...">
      <SegmentTrieNode>
      <ModulePage>
        <ModuleWorkspace module={{id:"staffpay", ...}}>
          <PageHeader>
          ...
            <ModuleBody module={{id:"staffpay", ...}}>
              <StaffPayModule>
                <StaffPayWorkspace>
                  <StaffPayProvider>
                    <Suspense fallback={<div>}>
                      <DeepLinkSync>
                      <WorkspaceInner>
                        <div className="m07-shell ..." data-m07-shell="batch6-export" data-workspace-nav="horizontal">
                          <style>
                          <header className="rounded-2x...">
                            <p>
                            <p>
                            <p>
+                           <p className="mt-2 text-xs text-[var(--muted)]" role="status">
-                           <div className="mt-4">
                            ...
                          ...

    at <unknown> (https://react.dev/link/hydration-mismatch)
    at p (<anonymous>)
    at WorkspaceInner (src\modules\m07-staff-pay\StaffPayWorkspace.tsx:114:11)
    at StaffPayWorkspace (src\modules\m07-staff-pay\StaffPayWorkspace.tsx:140:9)
    at StaffPayModule (src\modules\m07-staff-pay\StaffPayModule.tsx:10:10)
    at resolveModuleEntry (src\components\workspaces\ModuleWorkspace.tsx:81:14)
    at ModuleBody (src\components\workspaces\ModuleWorkspace.tsx:122:17)
    at ModuleWorkspace (src\components\workspaces\ModuleWorkspace.tsx:177:11)
    at ModulePage (src\app\(portal)\[module]\page.tsx:78:10)
  112 |         <p className="mt-2 text-xs text-[var(--muted)]">{M07_NON_CERTIFIED_DISCLAIMER}</p>
  113 |         {bootstrap ? (
> 114 |           <p className="mt-2 text-xs text-[var(--muted)]" role="status">
      |           ^
  115 |             Storage bootstrap · schema v9 · v9Ran={String(bootstrap.v9Ran ?? false)}
  116 |           </p>
  117 |         ) : null}
[browser] Can't perform a React state update on a component that hasn't mounted yet. This indicates that you have a side-effect in your render function that asynchronously tries to update the component. Move this work to useEffect instead. 
[browser] Can't perform a React state update on a component that hasn't mounted yet. This indicates that you have a side-effect in your render function that asynchronously tries to update the component. Move this work to useEffect instead. 
[browser] Uncaught Error: Hydration failed because the server rendered HTML didn't match the client. As a result this tree will be regenerated on the client. This can happen if a SSR-ed Client Component used:

- A server/client branch `if (typeof window !== 'undefined')`.
- Variable input such as `Date.now()` or `Math.random()` which changes each time it's called.
- Date formatting in a user's locale which doesn't match the server.
- External changing data without sending a snapshot of it along with the HTML.
- Invalid HTML tag nesting.

It can also happen if the client has a browser extension installed which messes with the HTML before React loaded.

https://react.dev/link/hydration-mismatch

  ...
    <SegmentViewNode type="page" pagePath="(portal)/[...">
      <SegmentTrieNode>
      <ModulePage>
        <ModuleWorkspace module={{id:"staffpay", ...}}>
          <PageHeader>
          ...
            <ModuleBody module={{id:"staffpay", ...}}>
              <StaffPayModule>
                <StaffPayWorkspace>
                  <StaffPayProvider>
                    <Suspense fallback={<div>}>
                      <DeepLinkSync>
                      <WorkspaceInner>
                        <div className="m07-shell ..." data-m07-shell="batch6-export" data-workspace-nav="horizontal">
                          <style>
                          <header className="rounded-2x...">
                            <p>
                            <p>
                            <p>
+                           <p className="mt-2 text-xs text-[var(--muted)]" role="status">
-                           <div className="mt-4">
                            ...
                          ...

    at <unknown> (https://react.dev/link/hydration-mismatch)
    at p (<anonymous>)
    at WorkspaceInner (src\modules\m07-staff-pay\StaffPayWorkspace.tsx:114:11)
    at StaffPayWorkspace (src\modules\m07-staff-pay\StaffPayWorkspace.tsx:140:9)
    at StaffPayModule (src\modules\m07-staff-pay\StaffPayModule.tsx:10:10)
    at resolveModuleEntry (src\components\workspaces\ModuleWorkspace.tsx:81:14)
    at ModuleBody (src\components\workspaces\ModuleWorkspace.tsx:122:17)
    at ModuleWorkspace (src\components\workspaces\ModuleWorkspace.tsx:177:11)
    at ModulePage (src\app\(portal)\[module]\page.tsx:78:10)
  112 |         <p className="mt-2 text-xs text-[var(--muted)]">{M07_NON_CERTIFIED_DISCLAIMER}</p>
  113 |         {bootstrap ? (
> 114 |           <p className="mt-2 text-xs text-[var(--muted)]" role="status">
      |           ^
  115 |             Storage bootstrap · schema v9 · v9Ran={String(bootstrap.v9Ran ?? false)}
  116 |           </p>
  117 |         ) : null}
[browser] A tree hydrated but some attributes of the server rendered HTML didn't match the client properties. This won't be patched up. This can happen if a SSR-ed Client Component used:

- A server/client branch `if (typeof window !== 'undefined')`.
- Variable input such as `Date.now()` or `Math.random()` which changes each time it's called.
- Date formatting in a user's locale which doesn't match the server.
- External changing data without sending a snapshot of it along with the HTML.
- Invalid HTML tag nesting.

It can also happen if the client has a browser extension installed which messes with the HTML before React loaded.

https://react.dev/link/hydration-mismatch

  ...
    <HotReload globalError={[...]} webSocket={WebSocket} staticIndicatorState={{pathname:null, ...}}>
      <AppDevOverlayErrorBoundary globalError={[...]}>
        <ReplaySsrOnlyErrors>
        <DevRootHTTPAccessFallbackBoundary>
          <HTTPAccessFallbackBoundary notFound={<NotAllowedRootHTTPFallbackError>}>
            <HTTPAccessFallbackErrorBoundary pathname="/staffpay" notFound={<NotAllowedRootHTTPFallbackError>} ...>
              <RedirectBoundary>
                <RedirectErrorBoundary router={{...}}>
                  <Head>
                  <__next_root_layout_boundary__>
                    <SegmentViewNode type="layout" pagePath="layout.tsx">
                      <SegmentTrieNode>
                      <link>
                      <RootLayout>
                        <html lang="en" className="h-full">
                          <body
+                           className="min-h-full antialiased"
-                           className="min-h-full antialiased theme-dark"
                          >
                  ...
 
[browser] A tree hydrated but some attributes of the server rendered HTML didn't match the client properties. This won't be patched up. This can happen if a SSR-ed Client Component used:

- A server/client branch `if (typeof window !== 'undefined')`.
- Variable input such as `Date.now()` or `Math.random()` which changes each time it's called.
- Date formatting in a user's locale which doesn't match the server.
- External changing data without sending a snapshot of it along with the HTML.
- Invalid HTML tag nesting.

It can also happen if the client has a browser extension installed which messes with the HTML before React loaded.

https://react.dev/link/hydration-mismatch

  ...
    <HotReload globalError={[...]} webSocket={WebSocket} staticIndicatorState={{pathname:null, ...}}>
      <AppDevOverlayErrorBoundary globalError={[...]}>
        <ReplaySsrOnlyErrors>
        <DevRootHTTPAccessFallbackBoundary>
          <HTTPAccessFallbackBoundary notFound={<NotAllowedRootHTTPFallbackError>}>
            <HTTPAccessFallbackErrorBoundary pathname="/settings" notFound={<NotAllowedRootHTTPFallbackError>} ...>
              <RedirectBoundary>
                <RedirectErrorBoundary router={{...}}>
                  <Head>
                  <__next_root_layout_boundary__>
                    <SegmentViewNode type="layout" pagePath="layout.tsx">
                      <SegmentTrieNode>
                      <link>
                      <RootLayout>
                        <html lang="en" className="h-full">
                          <body
+                           className="min-h-full antialiased"
-                           className="min-h-full antialiased theme-dark"
                          >
                  ...
 
[browser] Uncaught Error: Internal Next.js error: Router action dispatched before initialization.
[browser] Uncaught Error: Hydration failed because the server rendered text didn't match the client. As a result this tree will be regenerated on the client. This can happen if a SSR-ed Client Component used:

- A server/client branch `if (typeof window !== 'undefined')`.
- Variable input such as `Date.now()` or `Math.random()` which changes each time it's called.
- Date formatting in a user's locale which doesn't match the server.
- External changing data without sending a snapshot of it along with the HTML.
- Invalid HTML tag nesting.

It can also happen if the client has a browser extension installed which messes with the HTML before React loaded.

https://react.dev/link/hydration-mismatch

  ...
    <Suspense fallback={<div>}>
      <DeepLinkSync>
        <StaffDoctorsWorkspaceChrome section="overview" onNavigate={function DeepLinkSync.useCallback[navigateSection]}>
          <div className="grid min-w..." data-workspace-nav="horizontal">
            <div>
            <div className="min-w-0">
              <SectionBody section="overview">
                <OverviewSection>
                  <div className="grid gap-4">
                    <div>
                    <div className="grid gap-3...">
                      <button type="button" className="text-left" onClick={function onClick}>
                        <Metric label="Active staff" value={41} icon="users" tone="success">
                          <div className="flex items...">
                            <div>
                              <div>
                              <div className="mt-1 text-[28px] font-extrabold tracking-tight text-[var(--ink)]">
+                               41
-                               0
                            ...
                      ...
                    ...

    at <unknown> (https://react.dev/link/hydration-mismatch)
    at div (<anonymous>)
    at Metric (src\components\ui\Metric.tsx:36:9)
    at OverviewSection (src\modules\m04-staff-doctors\sections\OverviewSection.tsx:31:11)
    at SectionBody (src\modules\m04-staff-doctors\StaffDoctorsWorkspace.tsx:39:14)
    at StaffDoctorsWorkspaceChrome (src\modules\m04-staff-doctors\StaffDoctorsWorkspace.tsx:119:9)
    at DeepLinkSync (src\modules\m04-staff-doctors\StaffDoctorsWorkspace.tsx:88:10)
    at StaffDoctorsWorkspace (src\modules\m04-staff-doctors\StaffDoctorsWorkspace.tsx:135:9)
    at StaffDoctorsModule (src\modules\m04-staff-doctors\StaffDoctorsModule.tsx:10:10)
    at resolveModuleEntry (src\components\workspaces\ModuleWorkspace.tsx:75:14)
    at ModuleBody (src\components\workspaces\ModuleWorkspace.tsx:122:17)
    at ModuleWorkspace (src\components\workspaces\ModuleWorkspace.tsx:177:11)
    at ModulePage (src\app\(portal)\[module]\page.tsx:78:10)
  34 |           {label}
  35 |         </div>
> 36 |         <div className="mt-1 text-[28px] font-extrabold tracking-tight text-[var(--ink)]">
     |         ^
  37 |           {value}
  38 |         </div>
  39 |       </div>
[browser] A tree hydrated but some attributes of the server rendered HTML didn't match the client properties. This won't be patched up. This can happen if a SSR-ed Client Component used:

- A server/client branch `if (typeof window !== 'undefined')`.
- Variable input such as `Date.now()` or `Math.random()` which changes each time it's called.
- Date formatting in a user's locale which doesn't match the server.
- External changing data without sending a snapshot of it along with the HTML.
- Invalid HTML tag nesting.

It can also happen if the client has a browser extension installed which messes with the HTML before React loaded.

https://react.dev/link/hydration-mismatch

  ...
    <HotReload globalError={[...]} webSocket={WebSocket} staticIndicatorState={{pathname:null, ...}}>
      <AppDevOverlayErrorBoundary globalError={[...]}>
        <ReplaySsrOnlyErrors>
        <DevRootHTTPAccessFallbackBoundary>
          <HTTPAccessFallbackBoundary notFound={<NotAllowedRootHTTPFallbackError>}>
            <HTTPAccessFallbackErrorBoundary pathname="/staff-doc..." notFound={<NotAllowedRootHTTPFallbackError>} ...>
              <RedirectBoundary>
                <RedirectErrorBoundary router={{...}}>
                  <Head>
                  <__next_root_layout_boundary__>
                    <SegmentViewNode type="layout" pagePath="layout.tsx">
                      <SegmentTrieNode>
                      <link>
                      <RootLayout>
                        <html lang="en" className="h-full">
                          <body
+                           className="min-h-full antialiased"
-                           className="min-h-full antialiased theme-dark"
                          >
                  ...
 
[browser] Uncaught Error: Hydration failed because the server rendered text didn't match the client. As a result this tree will be regenerated on the client. This can happen if a SSR-ed Client Component used:

- A server/client branch `if (typeof window !== 'undefined')`.
- Variable input such as `Date.now()` or `Math.random()` which changes each time it's called.
- Date formatting in a user's locale which doesn't match the server.
- External changing data without sending a snapshot of it along with the HTML.
- Invalid HTML tag nesting.

It can also happen if the client has a browser extension installed which messes with the HTML before React loaded.

https://react.dev/link/hydration-mismatch

  ...
    <Suspense fallback={<div>}>
      <DeepLinkSync>
        <StaffDoctorsWorkspaceChrome section="overview" onNavigate={function DeepLinkSync.useCallback[navigateSection]}>
          <div className="grid min-w..." data-workspace-nav="horizontal">
            <div>
            <div className="min-w-0">
              <SectionBody section="overview">
                <OverviewSection>
                  <div className="grid gap-4">
                    <div>
                    <div className="grid gap-3...">
                      <button type="button" className="text-left" onClick={function onClick}>
                        <Metric label="Active staff" value={41} icon="users" tone="success">
                          <div className="flex items...">
                            <div>
                              <div>
                              <div className="mt-1 text-[28px] font-extrabold tracking-tight text-[var(--ink)]">
+                               41
-                               0
                            ...
                      ...
                    ...

    at <unknown> (https://react.dev/link/hydration-mismatch)
    at div (<anonymous>)
    at Metric (src\components\ui\Metric.tsx:36:9)
    at OverviewSection (src\modules\m04-staff-doctors\sections\OverviewSection.tsx:31:11)
    at SectionBody (src\modules\m04-staff-doctors\StaffDoctorsWorkspace.tsx:39:14)
    at StaffDoctorsWorkspaceChrome (src\modules\m04-staff-doctors\StaffDoctorsWorkspace.tsx:119:9)
    at DeepLinkSync (src\modules\m04-staff-doctors\StaffDoctorsWorkspace.tsx:88:10)
    at StaffDoctorsWorkspace (src\modules\m04-staff-doctors\StaffDoctorsWorkspace.tsx:135:9)
    at StaffDoctorsModule (src\modules\m04-staff-doctors\StaffDoctorsModule.tsx:10:10)
    at resolveModuleEntry (src\components\workspaces\ModuleWorkspace.tsx:75:14)
    at ModuleBody (src\components\workspaces\ModuleWorkspace.tsx:122:17)
    at ModuleWorkspace (src\components\workspaces\ModuleWorkspace.tsx:177:11)
    at ModulePage (src\app\(portal)\[module]\page.tsx:78:10)
  34 |           {label}
  35 |         </div>
> 36 |         <div className="mt-1 text-[28px] font-extrabold tracking-tight text-[var(--ink)]">
     |         ^
  37 |           {value}
  38 |         </div>
  39 |       </div>
⨯ SyntaxError: Unexpected end of JSON input
    at JSON.parse (<anonymous>) {
  page: '/staff-doctors'
}
[browser] Uncaught Error: Hydration failed because the server rendered text didn't match the client. As a result this tree will be regenerated on the client. This can happen if a SSR-ed Client Component used:

- A server/client branch `if (typeof window !== 'undefined')`.
- Variable input such as `Date.now()` or `Math.random()` which changes each time it's called.
- Date formatting in a user's locale which doesn't match the server.
- External changing data without sending a snapshot of it along with the HTML.
- Invalid HTML tag nesting.

It can also happen if the client has a browser extension installed which messes with the HTML before React loaded.

https://react.dev/link/hydration-mismatch

  ...
    <Suspense fallback={<div>}>
      <DeepLinkSync>
        <StaffDoctorsWorkspaceChrome section="overview" onNavigate={function DeepLinkSync.useCallback[navigateSection]}>
          <div className="grid min-w..." data-workspace-nav="horizontal">
            <div>
            <div className="min-w-0">
              <SectionBody section="overview">
                <OverviewSection>
                  <div className="grid gap-4">
                    <div>
                    <div className="grid gap-3...">
                      <button type="button" className="text-left" onClick={function onClick}>
                        <Metric label="Active staff" value={41} icon="users" tone="success">
                          <div className="flex items...">
                            <div>
                              <div>
                              <div className="mt-1 text-[28px] font-extrabold tracking-tight text-[var(--ink)]">
+                               41
-                               0
                            ...
                      ...
                    ...

    at <unknown> (https://react.dev/link/hydration-mismatch)
    at div (<anonymous>)
    at Metric (src\components\ui\Metric.tsx:36:9)
    at OverviewSection (src\modules\m04-staff-doctors\sections\OverviewSection.tsx:31:11)
    at SectionBody (src\modules\m04-staff-doctors\StaffDoctorsWorkspace.tsx:39:14)
    at StaffDoctorsWorkspaceChrome (src\modules\m04-staff-doctors\StaffDoctorsWorkspace.tsx:119:9)
    at DeepLinkSync (src\modules\m04-staff-doctors\StaffDoctorsWorkspace.tsx:88:10)
    at StaffDoctorsWorkspace (src\modules\m04-staff-doctors\StaffDoctorsWorkspace.tsx:135:9)
    at StaffDoctorsModule (src\modules\m04-staff-doctors\StaffDoctorsModule.tsx:10:10)
    at resolveModuleEntry (src\components\workspaces\ModuleWorkspace.tsx:75:14)
    at ModuleBody (src\components\workspaces\ModuleWorkspace.tsx:122:17)
    at ModuleWorkspace (src\components\workspaces\ModuleWorkspace.tsx:177:11)
    at ModulePage (src\app\(portal)\[module]\page.tsx:78:10)
  34 |           {label}
  35 |         </div>
> 36 |         <div className="mt-1 text-[28px] font-extrabold tracking-tight text-[var(--ink)]">
     |         ^
  37 |           {value}
  38 |         </div>
  39 |       </div>
⚠ Fast Refresh had to perform a full reload. Read more: https://nextjs.org/docs/messages/fast-refresh-reload
[browser] Uncaught SyntaxError: Unexpected end of JSON input
    at JSON.parse (<anonymous>)
[browser] Uncaught Error: Hydration failed because the server rendered HTML didn't match the client. As a result this tree will be regenerated on the client. This can happen if a SSR-ed Client Component used:

- A server/client branch `if (typeof window !== 'undefined')`.
- Variable input such as `Date.now()` or `Math.random()` which changes each time it's called.
- Date formatting in a user's locale which doesn't match the server.
- External changing data without sending a snapshot of it along with the HTML.
- Invalid HTML tag nesting.

It can also happen if the client has a browser extension installed which messes with the HTML before React loaded.

https://react.dev/link/hydration-mismatch

  ...
    <RosterModule>
      <RosterWorkspace>
        <RosterProvider>
          <Suspense fallback={<div>}>
            <DeepLinkSync>
              <RosterWorkspaceChrome section="roster-board" ...>
                <div className="grid min-w..." data-workspace-nav="horizontal">
                  <div>
                  <div className="min-w-0">
                    <SectionBody section="roster-board">
                      <RosterBoardSection>
                        <SectionFrame sectionId="roster-board" title="Roster Board">
                          <div className="grid gap-4" data-testid="m05-sectio..." data-m05-section="roster-board" ...>
                            <div>
                            <OfflineState>
                            <div
-                             data-ux-state="offline"
-                             data-testid="m05-ux-offline"
                            >
+                             <p className="m-0 mt-1 text-sm text-[var(--muted)]">
-                             <div
-                               className="rounded-[var(--radius)] border border-[var(--v34-card-line)] bg-[var(--card..."
-                             >
                            ...

    at <unknown> (https://react.dev/link/hydration-mismatch)
    at p (<anonymous>)
    at RosterBoardSection (src\modules\m05-roster\sections\RosterBoardSection.tsx:330:9)
    at SectionBody (src\modules\m05-roster\RosterWorkspace.tsx:48:14)
    at RosterWorkspaceChrome (src\modules\m05-roster\RosterWorkspace.tsx:232:11)
    at DeepLinkSync (src\modules\m05-roster\RosterWorkspace.tsx:167:10)
    at RosterWorkspace (src\modules\m05-roster\RosterWorkspace.tsx:259:9)
    at RosterModule (src\modules\m05-roster\RosterModule.tsx:9:10)
    at resolveModuleEntry (src\components\workspaces\ModuleWorkspace.tsx:77:14)
    at ModuleBody (src\components\workspaces\ModuleWorkspace.tsx:122:17)
    at ModuleWorkspace (src\components\workspaces\ModuleWorkspace.tsx:177:11)
    at ModulePage (src\app\(portal)\[module]\page.tsx:78:10)
  328 |       <OfflineState />
  329 |       <div>
> 330 |         <p className="m-0 mt-1 text-sm text-[var(--muted)]">
      |         ^
  331 |           Build weekly rosters — periods, shifts and assignments. Every assignment runs
  332 |           authoritative M04/platform eligibility.
  333 |         </p>
[browser] A tree hydrated but some attributes of the server rendered HTML didn't match the client properties. This won't be patched up. This can happen if a SSR-ed Client Component used:

- A server/client branch `if (typeof window !== 'undefined')`.
- Variable input such as `Date.now()` or `Math.random()` which changes each time it's called.
- Date formatting in a user's locale which doesn't match the server.
- External changing data without sending a snapshot of it along with the HTML.
- Invalid HTML tag nesting.

It can also happen if the client has a browser extension installed which messes with the HTML before React loaded.

https://react.dev/link/hydration-mismatch

  ...
    <HotReload globalError={[...]} webSocket={WebSocket} staticIndicatorState={{pathname:null, ...}}>
      <AppDevOverlayErrorBoundary globalError={[...]}>
        <ReplaySsrOnlyErrors>
        <DevRootHTTPAccessFallbackBoundary>
          <HTTPAccessFallbackBoundary notFound={<NotAllowedRootHTTPFallbackError>}>
            <HTTPAccessFallbackErrorBoundary pathname="/roster" notFound={<NotAllowedRootHTTPFallbackError>} ...>
              <RedirectBoundary>
                <RedirectErrorBoundary router={{...}}>
                  <Head>
                  <__next_root_layout_boundary__>
                    <SegmentViewNode type="layout" pagePath="layout.tsx">
                      <SegmentTrieNode>
                      <link>
                      <RootLayout>
                        <html lang="en" className="h-full">
                          <body
+                           className="min-h-full antialiased"
-                           className="min-h-full antialiased theme-dark"
                          >
                  ...
 
[browser] Uncaught Error: Hydration failed because the server rendered HTML didn't match the client. As a result this tree will be regenerated on the client. This can happen if a SSR-ed Client Component used:

- A server/client branch `if (typeof window !== 'undefined')`.
- Variable input such as `Date.now()` or `Math.random()` which changes each time it's called.
- Date formatting in a user's locale which doesn't match the server.
- External changing data without sending a snapshot of it along with the HTML.
- Invalid HTML tag nesting.

It can also happen if the client has a browser extension installed which messes with the HTML before React loaded.

https://react.dev/link/hydration-mismatch

  ...
    <RosterModule>
      <RosterWorkspace>
        <RosterProvider>
          <Suspense fallback={<div>}>
            <DeepLinkSync>
              <RosterWorkspaceChrome section="roster-board" ...>
                <div className="grid min-w..." data-workspace-nav="horizontal">
                  <div>
                  <div className="min-w-0">
                    <SectionBody section="roster-board">
                      <RosterBoardSection>
                        <SectionFrame sectionId="roster-board" title="Roster Board">
                          <div className="grid gap-4" data-testid="m05-sectio..." data-m05-section="roster-board" ...>
                            <div>
                            <OfflineState>
                            <div
-                             data-ux-state="offline"
-                             data-testid="m05-ux-offline"
                            >
+                             <p className="m-0 mt-1 text-sm text-[var(--muted)]">
-                             <div
-                               className="rounded-[var(--radius)] border border-[var(--v34-card-line)] bg-[var(--card..."
-                             >
                            ...

    at <unknown> (https://react.dev/link/hydration-mismatch)
    at p (<anonymous>)
    at RosterBoardSection (src\modules\m05-roster\sections\RosterBoardSection.tsx:330:9)
    at SectionBody (src\modules\m05-roster\RosterWorkspace.tsx:48:14)
    at RosterWorkspaceChrome (src\modules\m05-roster\RosterWorkspace.tsx:232:11)
    at DeepLinkSync (src\modules\m05-roster\RosterWorkspace.tsx:167:10)
    at RosterWorkspace (src\modules\m05-roster\RosterWorkspace.tsx:259:9)
    at RosterModule (src\modules\m05-roster\RosterModule.tsx:9:10)
    at resolveModuleEntry (src\components\workspaces\ModuleWorkspace.tsx:77:14)
    at ModuleBody (src\components\workspaces\ModuleWorkspace.tsx:122:17)
    at ModuleWorkspace (src\components\workspaces\ModuleWorkspace.tsx:177:11)
    at ModulePage (src\app\(portal)\[module]\page.tsx:78:10)
  328 |       <OfflineState />
  329 |       <div>
> 330 |         <p className="m-0 mt-1 text-sm text-[var(--muted)]">
      |         ^
  331 |           Build weekly rosters — periods, shifts and assignments. Every assignment runs
  332 |           authoritative M04/platform eligibility.
  333 |         </p>
[browser] A tree hydrated but some attributes of the server rendered HTML didn't match the client properties. This won't be patched up. This can happen if a SSR-ed Client Component used:

- A server/client branch `if (typeof window !== 'undefined')`.
- Variable input such as `Date.now()` or `Math.random()` which changes each time it's called.
- Date formatting in a user's locale which doesn't match the server.
- External changing data without sending a snapshot of it along with the HTML.
- Invalid HTML tag nesting.

It can also happen if the client has a browser extension installed which messes with the HTML before React loaded.

https://react.dev/link/hydration-mismatch

  ...
    <HotReload globalError={[...]} webSocket={WebSocket} staticIndicatorState={{pathname:null, ...}}>
      <AppDevOverlayErrorBoundary globalError={[...]}>
        <ReplaySsrOnlyErrors>
        <DevRootHTTPAccessFallbackBoundary>
          <HTTPAccessFallbackBoundary notFound={<NotAllowedRootHTTPFallbackError>}>
            <HTTPAccessFallbackErrorBoundary pathname="/roster" notFound={<NotAllowedRootHTTPFallbackError>} ...>
              <RedirectBoundary>
                <RedirectErrorBoundary router={{...}}>
                  <Head>
                  <__next_root_layout_boundary__>
                    <SegmentViewNode type="layout" pagePath="layout.tsx">
                      <SegmentTrieNode>
                      <link>
                      <RootLayout>
                        <html lang="en" className="h-full">
                          <body
+                           className="min-h-full antialiased"
-                           className="min-h-full antialiased theme-dark"
                          >
                  ...
 
[browser] Uncaught Error: Hydration failed because the server rendered HTML didn't match the client. As a result this tree will be regenerated on the client. This can happen if a SSR-ed Client Component used:

- A server/client branch `if (typeof window !== 'undefined')`.
- Variable input such as `Date.now()` or `Math.random()` which changes each time it's called.
- Date formatting in a user's locale which doesn't match the server.
- External changing data without sending a snapshot of it along with the HTML.
- Invalid HTML tag nesting.

It can also happen if the client has a browser extension installed which messes with the HTML before React loaded.

https://react.dev/link/hydration-mismatch

  ...
    <RosterModule>
      <RosterWorkspace>
        <RosterProvider>
          <Suspense fallback={<div>}>
            <DeepLinkSync>
              <RosterWorkspaceChrome section="roster-board" ...>
                <div className="grid min-w..." data-workspace-nav="horizontal">
                  <div>
                  <div className="min-w-0">
                    <SectionBody section="roster-board">
                      <RosterBoardSection>
                        <SectionFrame sectionId="roster-board" title="Roster Board">
                          <div className="grid gap-4" data-testid="m05-sectio..." data-m05-section="roster-board" ...>
                            <div>
                            <OfflineState>
                            <div
-                             data-ux-state="offline"
-                             data-testid="m05-ux-offline"
                            >
+                             <p className="m-0 mt-1 text-sm text-[var(--muted)]">
-                             <div
-                               className="rounded-[var(--radius)] border border-[var(--v34-card-line)] bg-[var(--card..."
-                             >
                            ...

    at <unknown> (https://react.dev/link/hydration-mismatch)
    at p (<anonymous>)
    at RosterBoardSection (src\modules\m05-roster\sections\RosterBoardSection.tsx:330:9)
    at SectionBody (src\modules\m05-roster\RosterWorkspace.tsx:48:14)
    at RosterWorkspaceChrome (src\modules\m05-roster\RosterWorkspace.tsx:232:11)
    at DeepLinkSync (src\modules\m05-roster\RosterWorkspace.tsx:167:10)
    at RosterWorkspace (src\modules\m05-roster\RosterWorkspace.tsx:259:9)
    at RosterModule (src\modules\m05-roster\RosterModule.tsx:9:10)
    at resolveModuleEntry (src\components\workspaces\ModuleWorkspace.tsx:77:14)
    at ModuleBody (src\components\workspaces\ModuleWorkspace.tsx:122:17)
    at ModuleWorkspace (src\components\workspaces\ModuleWorkspace.tsx:177:11)
    at ModulePage (src\app\(portal)\[module]\page.tsx:78:10)
  328 |       <OfflineState />
  329 |       <div>
> 330 |         <p className="m-0 mt-1 text-sm text-[var(--muted)]">
      |         ^
  331 |           Build weekly rosters — periods, shifts and assignments. Every assignment runs
  332 |           authoritative M04/platform eligibility.
  333 |         </p>
⚠ Fast Refresh had to perform a full reload. Read more: https://nextjs.org/docs/messages/fast-refresh-reload
[browser] A tree hydrated but some attributes of the server rendered HTML didn't match the client properties. This won't be patched up. This can happen if a SSR-ed Client Component used:

- A server/client branch `if (typeof window !== 'undefined')`.
- Variable input such as `Date.now()` or `Math.random()` which changes each time it's called.
- Date formatting in a user's locale which doesn't match the server.
- External changing data without sending a snapshot of it along with the HTML.
- Invalid HTML tag nesting.

It can also happen if the client has a browser extension installed which messes with the HTML before React loaded.

https://react.dev/link/hydration-mismatch

  ...
    <HotReload globalError={[...]} webSocket={WebSocket} staticIndicatorState={{pathname:null, ...}}>
      <AppDevOverlayErrorBoundary globalError={[...]}>
        <ReplaySsrOnlyErrors>
        <DevRootHTTPAccessFallbackBoundary>
          <HTTPAccessFallbackBoundary notFound={<NotAllowedRootHTTPFallbackError>}>
            <HTTPAccessFallbackErrorBoundary pathname="/time-atte..." notFound={<NotAllowedRootHTTPFallbackError>} ...>
              <RedirectBoundary>
                <RedirectErrorBoundary router={{...}}>
                  <Head>
                  <__next_root_layout_boundary__>
                    <SegmentViewNode type="layout" pagePath="layout.tsx">
                      <SegmentTrieNode>
                      <link>
                      <RootLayout>
                        <html lang="en" className="h-full">
                          <body
+                           className="min-h-full antialiased"
-                           className="min-h-full antialiased theme-dark"
                          >
                  ...
 
[browser] Uncaught Error: Internal Next.js error: Router action dispatched before initialization.
[browser] A tree hydrated but some attributes of the server rendered HTML didn't match the client properties. This won't be patched up. This can happen if a SSR-ed Client Component used:

- A server/client branch `if (typeof window !== 'undefined')`.
- Variable input such as `Date.now()` or `Math.random()` which changes each time it's called.
- Date formatting in a user's locale which doesn't match the server.
- External changing data without sending a snapshot of it along with the HTML.
- Invalid HTML tag nesting.

It can also happen if the client has a browser extension installed which messes with the HTML before React loaded.

https://react.dev/link/hydration-mismatch

  ...
    <HotReload globalError={[...]} webSocket={WebSocket} staticIndicatorState={{pathname:null, ...}}>
      <AppDevOverlayErrorBoundary globalError={[...]}>
        <ReplaySsrOnlyErrors>
        <DevRootHTTPAccessFallbackBoundary>
          <HTTPAccessFallbackBoundary notFound={<NotAllowedRootHTTPFallbackError>}>
            <HTTPAccessFallbackErrorBoundary pathname="/time-atte..." notFound={<NotAllowedRootHTTPFallbackError>} ...>
              <RedirectBoundary>
                <RedirectErrorBoundary router={{...}}>
                  <Head>
                  <__next_root_layout_boundary__>
                    <SegmentViewNode type="layout" pagePath="layout.tsx">
                      <SegmentTrieNode>
                      <link>
                      <RootLayout>
                        <html lang="en" className="h-full">
                          <body
+                           className="min-h-full antialiased"
-                           className="min-h-full antialiased theme-dark"
                          >
                  ...
 
[browser] Uncaught Error: Hydration failed because the server rendered HTML didn't match the client. As a result this tree will be regenerated on the client. This can happen if a SSR-ed Client Component used:

- A server/client branch `if (typeof window !== 'undefined')`.
- Variable input such as `Date.now()` or `Math.random()` which changes each time it's called.
- Date formatting in a user's locale which doesn't match the server.
- External changing data without sending a snapshot of it along with the HTML.
- Invalid HTML tag nesting.

It can also happen if the client has a browser extension installed which messes with the HTML before React loaded.

https://react.dev/link/hydration-mismatch

  ...
    <SegmentViewNode type="page" pagePath="(portal)/[...">
      <SegmentTrieNode>
      <ModulePage>
        <ModuleWorkspace module={{id:"staffpay", ...}}>
          <PageHeader>
          ...
            <ModuleBody module={{id:"staffpay", ...}}>
              <StaffPayModule>
                <StaffPayWorkspace>
                  <StaffPayProvider>
                    <Suspense fallback={<div>}>
                      <DeepLinkSync>
                      <WorkspaceInner>
                        <div className="m07-shell ..." data-m07-shell="batch6-export" data-workspace-nav="horizontal">
                          <style>
                          <header className="rounded-2x...">
                            <p>
                            <p>
                            <p>
+                           <p className="mt-2 text-xs text-[var(--muted)]" role="status">
-                           <div className="mt-4">
                            ...
                          ...

    at <unknown> (https://react.dev/link/hydration-mismatch)
    at p (<anonymous>)
    at WorkspaceInner (src\modules\m07-staff-pay\StaffPayWorkspace.tsx:114:11)
    at StaffPayWorkspace (src\modules\m07-staff-pay\StaffPayWorkspace.tsx:140:9)
    at StaffPayModule (src\modules\m07-staff-pay\StaffPayModule.tsx:10:10)
    at resolveModuleEntry (src\components\workspaces\ModuleWorkspace.tsx:81:14)
    at ModuleBody (src\components\workspaces\ModuleWorkspace.tsx:122:17)
    at ModuleWorkspace (src\components\workspaces\ModuleWorkspace.tsx:177:11)
    at ModulePage (src\app\(portal)\[module]\page.tsx:78:10)
  112 |         <p className="mt-2 text-xs text-[var(--muted)]">{M07_NON_CERTIFIED_DISCLAIMER}</p>
  113 |         {bootstrap ? (
> 114 |           <p className="mt-2 text-xs text-[var(--muted)]" role="status">
      |           ^
  115 |             Storage bootstrap · schema v9 · v9Ran={String(bootstrap.v9Ran ?? false)}
  116 |           </p>
  117 |         ) : null}
[browser] A tree hydrated but some attributes of the server rendered HTML didn't match the client properties. This won't be patched up. This can happen if a SSR-ed Client Component used:

- A server/client branch `if (typeof window !== 'undefined')`.
- Variable input such as `Date.now()` or `Math.random()` which changes each time it's called.
- Date formatting in a user's locale which doesn't match the server.
- External changing data without sending a snapshot of it along with the HTML.
- Invalid HTML tag nesting.

It can also happen if the client has a browser extension installed which messes with the HTML before React loaded.

https://react.dev/link/hydration-mismatch

  ...
    <HotReload globalError={[...]} webSocket={WebSocket} staticIndicatorState={{pathname:null, ...}}>
      <AppDevOverlayErrorBoundary globalError={[...]}>
        <ReplaySsrOnlyErrors>
        <DevRootHTTPAccessFallbackBoundary>
          <HTTPAccessFallbackBoundary notFound={<NotAllowedRootHTTPFallbackError>}>
            <HTTPAccessFallbackErrorBoundary pathname="/staffpay" notFound={<NotAllowedRootHTTPFallbackError>} ...>
              <RedirectBoundary>
                <RedirectErrorBoundary router={{...}}>
                  <Head>
                  <__next_root_layout_boundary__>
                    <SegmentViewNode type="layout" pagePath="layout.tsx">
                      <SegmentTrieNode>
                      <link>
                      <RootLayout>
                        <html lang="en" className="h-full">
                          <body
+                           className="min-h-full antialiased"
-                           className="min-h-full antialiased theme-dark"
                          >
                  ...
 
[browser] Uncaught Error: Hydration failed because the server rendered HTML didn't match the client. As a result this tree will be regenerated on the client. This can happen if a SSR-ed Client Component used:

- A server/client branch `if (typeof window !== 'undefined')`.
- Variable input such as `Date.now()` or `Math.random()` which changes each time it's called.
- Date formatting in a user's locale which doesn't match the server.
- External changing data without sending a snapshot of it along with the HTML.
- Invalid HTML tag nesting.

It can also happen if the client has a browser extension installed which messes with the HTML before React loaded.

https://react.dev/link/hydration-mismatch

  ...
    <SegmentViewNode type="page" pagePath="(portal)/[...">
      <SegmentTrieNode>
      <ModulePage>
        <ModuleWorkspace module={{id:"staffpay", ...}}>
          <PageHeader>
          ...
            <ModuleBody module={{id:"staffpay", ...}}>
              <StaffPayModule>
                <StaffPayWorkspace>
                  <StaffPayProvider>
                    <Suspense fallback={<div>}>
                      <DeepLinkSync>
                      <WorkspaceInner>
                        <div className="m07-shell ..." data-m07-shell="batch6-export" data-workspace-nav="horizontal">
                          <style>
                          <header className="rounded-2x...">
                            <p>
                            <p>
                            <p>
+                           <p className="mt-2 text-xs text-[var(--muted)]" role="status">
-                           <div className="mt-4">
                            ...
                          ...

    at <unknown> (https://react.dev/link/hydration-mismatch)
    at p (<anonymous>)
    at WorkspaceInner (src\modules\m07-staff-pay\StaffPayWorkspace.tsx:114:11)
    at StaffPayWorkspace (src\modules\m07-staff-pay\StaffPayWorkspace.tsx:140:9)
    at StaffPayModule (src\modules\m07-staff-pay\StaffPayModule.tsx:10:10)
    at resolveModuleEntry (src\components\workspaces\ModuleWorkspace.tsx:81:14)
    at ModuleBody (src\components\workspaces\ModuleWorkspace.tsx:122:17)
    at ModuleWorkspace (src\components\workspaces\ModuleWorkspace.tsx:177:11)
    at ModulePage (src\app\(portal)\[module]\page.tsx:78:10)
  112 |         <p className="mt-2 text-xs text-[var(--muted)]">{M07_NON_CERTIFIED_DISCLAIMER}</p>
  113 |         {bootstrap ? (
> 114 |           <p className="mt-2 text-xs text-[var(--muted)]" role="status">
      |           ^
  115 |             Storage bootstrap · schema v9 · v9Ran={String(bootstrap.v9Ran ?? false)}
  116 |           </p>
  117 |         ) : null}
[browser] A tree hydrated but some attributes of the server rendered HTML didn't match the client properties. This won't be patched up. This can happen if a SSR-ed Client Component used:

- A server/client branch `if (typeof window !== 'undefined')`.
- Variable input such as `Date.now()` or `Math.random()` which changes each time it's called.
- Date formatting in a user's locale which doesn't match the server.
- External changing data without sending a snapshot of it along with the HTML.
- Invalid HTML tag nesting.

It can also happen if the client has a browser extension installed which messes with the HTML before React loaded.

https://react.dev/link/hydration-mismatch

  ...
    <HotReload globalError={[...]} webSocket={WebSocket} staticIndicatorState={{pathname:null, ...}}>
      <AppDevOverlayErrorBoundary globalError={[...]}>
        <ReplaySsrOnlyErrors>
        <DevRootHTTPAccessFallbackBoundary>
          <HTTPAccessFallbackBoundary notFound={<NotAllowedRootHTTPFallbackError>}>
            <HTTPAccessFallbackErrorBoundary pathname="/staffpay" notFound={<NotAllowedRootHTTPFallbackError>} ...>
              <RedirectBoundary>
                <RedirectErrorBoundary router={{...}}>
                  <Head>
                  <__next_root_layout_boundary__>
                    <SegmentViewNode type="layout" pagePath="layout.tsx">
                      <SegmentTrieNode>
                      <link>
                      <RootLayout>
                        <html lang="en" className="h-full">
                          <body
+                           className="min-h-full antialiased"
-                           className="min-h-full antialiased theme-dark"
                          >
                  ...
 
[browser] Uncaught Error: Hydration failed because the server rendered HTML didn't match the client. As a result this tree will be regenerated on the client. This can happen if a SSR-ed Client Component used:

- A server/client branch `if (typeof window !== 'undefined')`.
- Variable input such as `Date.now()` or `Math.random()` which changes each time it's called.
- Date formatting in a user's locale which doesn't match the server.
- External changing data without sending a snapshot of it along with the HTML.
- Invalid HTML tag nesting.

It can also happen if the client has a browser extension installed which messes with the HTML before React loaded.

https://react.dev/link/hydration-mismatch

  ...
    <SegmentViewNode type="page" pagePath="(portal)/[...">
      <SegmentTrieNode>
      <ModulePage>
        <ModuleWorkspace module={{id:"staffpay", ...}}>
          <PageHeader>
          ...
            <ModuleBody module={{id:"staffpay", ...}}>
              <StaffPayModule>
                <StaffPayWorkspace>
                  <StaffPayProvider>
                    <Suspense fallback={<div>}>
                      <DeepLinkSync>
                      <WorkspaceInner>
                        <div className="m07-shell ..." data-m07-shell="batch6-export" data-workspace-nav="horizontal">
                          <style>
                          <header className="rounded-2x...">
                            <p>
                            <p>
                            <p>
+                           <p className="mt-2 text-xs text-[var(--muted)]" role="status">
-                           <div className="mt-4">
                            ...
                          ...

    at <unknown> (https://react.dev/link/hydration-mismatch)
    at p (<anonymous>)
    at WorkspaceInner (src\modules\m07-staff-pay\StaffPayWorkspace.tsx:114:11)
    at StaffPayWorkspace (src\modules\m07-staff-pay\StaffPayWorkspace.tsx:140:9)
    at StaffPayModule (src\modules\m07-staff-pay\StaffPayModule.tsx:10:10)
    at resolveModuleEntry (src\components\workspaces\ModuleWorkspace.tsx:81:14)
    at ModuleBody (src\components\workspaces\ModuleWorkspace.tsx:122:17)
    at ModuleWorkspace (src\components\workspaces\ModuleWorkspace.tsx:177:11)
    at ModulePage (src\app\(portal)\[module]\page.tsx:78:10)
  112 |         <p className="mt-2 text-xs text-[var(--muted)]">{M07_NON_CERTIFIED_DISCLAIMER}</p>
  113 |         {bootstrap ? (
> 114 |           <p className="mt-2 text-xs text-[var(--muted)]" role="status">
      |           ^
  115 |             Storage bootstrap · schema v9 · v9Ran={String(bootstrap.v9Ran ?? false)}
  116 |           </p>
  117 |         ) : null}
[browser] Uncaught Error: Hydration failed because the server rendered HTML didn't match the client. As a result this tree will be regenerated on the client. This can happen if a SSR-ed Client Component used:

- A server/client branch `if (typeof window !== 'undefined')`.
- Variable input such as `Date.now()` or `Math.random()` which changes each time it's called.
- Date formatting in a user's locale which doesn't match the server.
- External changing data without sending a snapshot of it along with the HTML.
- Invalid HTML tag nesting.

It can also happen if the client has a browser extension installed which messes with the HTML before React loaded.

https://react.dev/link/hydration-mismatch

  ...
    <SegmentViewNode type="page" pagePath="(portal)/[...">
      <SegmentTrieNode>
      <ModulePage>
        <ModuleWorkspace module={{id:"staffpay", ...}}>
          <PageHeader>
          ...
            <ModuleBody module={{id:"staffpay", ...}}>
              <StaffPayModule>
                <StaffPayWorkspace>
                  <StaffPayProvider>
                    <Suspense fallback={<div>}>
                      <DeepLinkSync>
                      <WorkspaceInner>
                        <div className="m07-shell ..." data-m07-shell="batch6-export" data-workspace-nav="horizontal">
                          <style>
                          <header className="rounded-2x...">
                            <p>
                            <p>
                            <p>
+                           <p className="mt-2 text-xs text-[var(--muted)]" role="status">
-                           <div className="mt-4">
                            ...
                          ...

    at <unknown> (https://react.dev/link/hydration-mismatch)
    at p (<anonymous>)
    at WorkspaceInner (src\modules\m07-staff-pay\StaffPayWorkspace.tsx:114:11)
    at StaffPayWorkspace (src\modules\m07-staff-pay\StaffPayWorkspace.tsx:140:9)
    at StaffPayModule (src\modules\m07-staff-pay\StaffPayModule.tsx:10:10)
    at resolveModuleEntry (src\components\workspaces\ModuleWorkspace.tsx:81:14)
    at ModuleBody (src\components\workspaces\ModuleWorkspace.tsx:122:17)
    at ModuleWorkspace (src\components\workspaces\ModuleWorkspace.tsx:177:11)
    at ModulePage (src\app\(portal)\[module]\page.tsx:78:10)
  112 |         <p className="mt-2 text-xs text-[var(--muted)]">{M07_NON_CERTIFIED_DISCLAIMER}</p>
  113 |         {bootstrap ? (
> 114 |           <p className="mt-2 text-xs text-[var(--muted)]" role="status">
      |           ^
  115 |             Storage bootstrap · schema v9 · v9Ran={String(bootstrap.v9Ran ?? false)}
  116 |           </p>
  117 |         ) : null}
[browser] A tree hydrated but some attributes of the server rendered HTML didn't match the client properties. This won't be patched up. This can happen if a SSR-ed Client Component used:

- A server/client branch `if (typeof window !== 'undefined')`.
- Variable input such as `Date.now()` or `Math.random()` which changes each time it's called.
- Date formatting in a user's locale which doesn't match the server.
- External changing data without sending a snapshot of it along with the HTML.
- Invalid HTML tag nesting.

It can also happen if the client has a browser extension installed which messes with the HTML before React loaded.

https://react.dev/link/hydration-mismatch

  ...
    <HotReload globalError={[...]} webSocket={WebSocket} staticIndicatorState={{pathname:null, ...}}>
      <AppDevOverlayErrorBoundary globalError={[...]}>
        <ReplaySsrOnlyErrors>
        <DevRootHTTPAccessFallbackBoundary>
          <HTTPAccessFallbackBoundary notFound={<NotAllowedRootHTTPFallbackError>}>
            <HTTPAccessFallbackErrorBoundary pathname="/staffpay" notFound={<NotAllowedRootHTTPFallbackError>} ...>
              <RedirectBoundary>
                <RedirectErrorBoundary router={{...}}>
                  <Head>
                  <__next_root_layout_boundary__>
                    <SegmentViewNode type="layout" pagePath="layout.tsx">
                      <SegmentTrieNode>
                      <link>
                      <RootLayout>
                        <html lang="en" className="h-full">
                          <body
+                           className="min-h-full antialiased"
-                           className="min-h-full antialiased theme-dark"
                          >
                  ...
 
[browser] Can't perform a React state update on a component that hasn't mounted yet. This indicates that you have a side-effect in your render function that asynchronously tries to update the component. Move this work to useEffect instead. 
[browser] A tree hydrated but some attributes of the server rendered HTML didn't match the client properties. This won't be patched up. This can happen if a SSR-ed Client Component used:

- A server/client branch `if (typeof window !== 'undefined')`.
- Variable input such as `Date.now()` or `Math.random()` which changes each time it's called.
- Date formatting in a user's locale which doesn't match the server.
- External changing data without sending a snapshot of it along with the HTML.
- Invalid HTML tag nesting.

It can also happen if the client has a browser extension installed which messes with the HTML before React loaded.

https://react.dev/link/hydration-mismatch

  ...
    <HotReload globalError={[...]} webSocket={WebSocket} staticIndicatorState={{pathname:null, ...}}>
      <AppDevOverlayErrorBoundary globalError={[...]}>
        <ReplaySsrOnlyErrors>
        <DevRootHTTPAccessFallbackBoundary>
          <HTTPAccessFallbackBoundary notFound={<NotAllowedRootHTTPFallbackError>}>
            <HTTPAccessFallbackErrorBoundary pathname="/staffpay" notFound={<NotAllowedRootHTTPFallbackError>} ...>
              <RedirectBoundary>
                <RedirectErrorBoundary router={{...}}>
                  <Head>
                  <__next_root_layout_boundary__>
                    <SegmentViewNode type="layout" pagePath="layout.tsx">
                      <SegmentTrieNode>
                      <link>
                      <RootLayout>
                        <html lang="en" className="h-full">
                          <body
+                           className="min-h-full antialiased"
-                           className="min-h-full antialiased theme-dark"
                          >
                  ...
 
[browser] A tree hydrated but some attributes of the server rendered HTML didn't match the client properties. This won't be patched up. This can happen if a SSR-ed Client Component used:

- A server/client branch `if (typeof window !== 'undefined')`.
- Variable input such as `Date.now()` or `Math.random()` which changes each time it's called.
- Date formatting in a user's locale which doesn't match the server.
- External changing data without sending a snapshot of it along with the HTML.
- Invalid HTML tag nesting.

It can also happen if the client has a browser extension installed which messes with the HTML before React loaded.

https://react.dev/link/hydration-mismatch

  ...
    <HotReload globalError={[...]} webSocket={WebSocket} staticIndicatorState={{pathname:null, ...}}>
      <AppDevOverlayErrorBoundary globalError={[...]}>
        <ReplaySsrOnlyErrors>
        <DevRootHTTPAccessFallbackBoundary>
          <HTTPAccessFallbackBoundary notFound={<NotAllowedRootHTTPFallbackError>}>
            <HTTPAccessFallbackErrorBoundary pathname="/staffpay" notFound={<NotAllowedRootHTTPFallbackError>} ...>
              <RedirectBoundary>
                <RedirectErrorBoundary router={{...}}>
                  <Head>
                  <__next_root_layout_boundary__>
                    <SegmentViewNode type="layout" pagePath="layout.tsx">
                      <SegmentTrieNode>
                      <link>
                      <RootLayout>
                        <html lang="en" className="h-full">
                          <body
+                           className="min-h-full antialiased"
-                           className="min-h-full antialiased theme-dark"
                          >
                  ...
 
[browser] Uncaught Error: Hydration failed because the server rendered HTML didn't match the client. As a result this tree will be regenerated on the client. This can happen if a SSR-ed Client Component used:

- A server/client branch `if (typeof window !== 'undefined')`.
- Variable input such as `Date.now()` or `Math.random()` which changes each time it's called.
- Date formatting in a user's locale which doesn't match the server.
- External changing data without sending a snapshot of it along with the HTML.
- Invalid HTML tag nesting.

It can also happen if the client has a browser extension installed which messes with the HTML before React loaded.

https://react.dev/link/hydration-mismatch

  ...
    <SegmentViewNode type="page" pagePath="(portal)/[...">
      <SegmentTrieNode>
      <ModulePage>
        <ModuleWorkspace module={{id:"staffpay", ...}}>
          <PageHeader>
          ...
            <ModuleBody module={{id:"staffpay", ...}}>
              <StaffPayModule>
                <StaffPayWorkspace>
                  <StaffPayProvider>
                    <Suspense fallback={<div>}>
                      <DeepLinkSync>
                      <WorkspaceInner>
                        <div className="m07-shell ..." data-m07-shell="batch6-export" data-workspace-nav="horizontal">
                          <style>
                          <header className="rounded-2x...">
                            <p>
                            <p>
                            <p>
+                           <p className="mt-2 text-xs text-[var(--muted)]" role="status">
-                           <div className="mt-4">
                            ...
                          ...

    at <unknown> (https://react.dev/link/hydration-mismatch)
    at p (<anonymous>)
    at WorkspaceInner (src\modules\m07-staff-pay\StaffPayWorkspace.tsx:114:11)
    at StaffPayWorkspace (src\modules\m07-staff-pay\StaffPayWorkspace.tsx:140:9)
    at StaffPayModule (src\modules\m07-staff-pay\StaffPayModule.tsx:10:10)
    at resolveModuleEntry (src\components\workspaces\ModuleWorkspace.tsx:81:14)
    at ModuleBody (src\components\workspaces\ModuleWorkspace.tsx:122:17)
    at ModuleWorkspace (src\components\workspaces\ModuleWorkspace.tsx:177:11)
    at ModulePage (src\app\(portal)\[module]\page.tsx:78:10)
  112 |         <p className="mt-2 text-xs text-[var(--muted)]">{M07_NON_CERTIFIED_DISCLAIMER}</p>
  113 |         {bootstrap ? (
> 114 |           <p className="mt-2 text-xs text-[var(--muted)]" role="status">
      |           ^
  115 |             Storage bootstrap · schema v9 · v9Ran={String(bootstrap.v9Ran ?? false)}
  116 |           </p>
  117 |         ) : null}
[browser] Uncaught Error: Hydration failed because the server rendered HTML didn't match the client. As a result this tree will be regenerated on the client. This can happen if a SSR-ed Client Component used:

- A server/client branch `if (typeof window !== 'undefined')`.
- Variable input such as `Date.now()` or `Math.random()` which changes each time it's called.
- Date formatting in a user's locale which doesn't match the server.
- External changing data without sending a snapshot of it along with the HTML.
- Invalid HTML tag nesting.

It can also happen if the client has a browser extension installed which messes with the HTML before React loaded.

https://react.dev/link/hydration-mismatch

  ...
    <SegmentViewNode type="page" pagePath="(portal)/[...">
      <SegmentTrieNode>
      <ModulePage>
        <ModuleWorkspace module={{id:"staffpay", ...}}>
          <PageHeader>
          ...
            <ModuleBody module={{id:"staffpay", ...}}>
              <StaffPayModule>
                <StaffPayWorkspace>
                  <StaffPayProvider>
                    <Suspense fallback={<div>}>
                      <DeepLinkSync>
                      <WorkspaceInner>
                        <div className="m07-shell ..." data-m07-shell="batch6-export" data-workspace-nav="horizontal">
                          <style>
                          <header className="rounded-2x...">
                            <p>
                            <p>
                            <p>
+                           <p className="mt-2 text-xs text-[var(--muted)]" role="status">
-                           <div className="mt-4">
                            ...
                          ...

    at <unknown> (https://react.dev/link/hydration-mismatch)
    at p (<anonymous>)
    at WorkspaceInner (src\modules\m07-staff-pay\StaffPayWorkspace.tsx:114:11)
    at StaffPayWorkspace (src\modules\m07-staff-pay\StaffPayWorkspace.tsx:140:9)
    at StaffPayModule (src\modules\m07-staff-pay\StaffPayModule.tsx:10:10)
    at resolveModuleEntry (src\components\workspaces\ModuleWorkspace.tsx:81:14)
    at ModuleBody (src\components\workspaces\ModuleWorkspace.tsx:122:17)
    at ModuleWorkspace (src\components\workspaces\ModuleWorkspace.tsx:177:11)
    at ModulePage (src\app\(portal)\[module]\page.tsx:78:10)
  112 |         <p className="mt-2 text-xs text-[var(--muted)]">{M07_NON_CERTIFIED_DISCLAIMER}</p>
  113 |         {bootstrap ? (
> 114 |           <p className="mt-2 text-xs text-[var(--muted)]" role="status">
      |           ^
  115 |             Storage bootstrap · schema v9 · v9Ran={String(bootstrap.v9Ran ?? false)}
  116 |           </p>
  117 |         ) : null}
[browser] A tree hydrated but some attributes of the server rendered HTML didn't match the client properties. This won't be patched up. This can happen if a SSR-ed Client Component used:

- A server/client branch `if (typeof window !== 'undefined')`.
- Variable input such as `Date.now()` or `Math.random()` which changes each time it's called.
- Date formatting in a user's locale which doesn't match the server.
- External changing data without sending a snapshot of it along with the HTML.
- Invalid HTML tag nesting.

It can also happen if the client has a browser extension installed which messes with the HTML before React loaded.

https://react.dev/link/hydration-mismatch

  ...
    <HotReload globalError={[...]} webSocket={WebSocket} staticIndicatorState={{pathname:null, ...}}>
      <AppDevOverlayErrorBoundary globalError={[...]}>
        <ReplaySsrOnlyErrors>
        <DevRootHTTPAccessFallbackBoundary>
          <HTTPAccessFallbackBoundary notFound={<NotAllowedRootHTTPFallbackError>}>
            <HTTPAccessFallbackErrorBoundary pathname="/staffpay" notFound={<NotAllowedRootHTTPFallbackError>} ...>
              <RedirectBoundary>
                <RedirectErrorBoundary router={{...}}>
                  <Head>
                  <__next_root_layout_boundary__>
                    <SegmentViewNode type="layout" pagePath="layout.tsx">
                      <SegmentTrieNode>
                      <link>
                      <RootLayout>
                        <html lang="en" className="h-full">
                          <body
+                           className="min-h-full antialiased"
-                           className="min-h-full antialiased theme-dark"
                          >
                  ...
 
[browser] A tree hydrated but some attributes of the server rendered HTML didn't match the client properties. This won't be patched up. This can happen if a SSR-ed Client Component used:

- A server/client branch `if (typeof window !== 'undefined')`.
- Variable input such as `Date.now()` or `Math.random()` which changes each time it's called.
- Date formatting in a user's locale which doesn't match the server.
- External changing data without sending a snapshot of it along with the HTML.
- Invalid HTML tag nesting.

It can also happen if the client has a browser extension installed which messes with the HTML before React loaded.

https://react.dev/link/hydration-mismatch

  ...
    <HotReload globalError={[...]} webSocket={WebSocket} staticIndicatorState={{pathname:null, ...}}>
      <AppDevOverlayErrorBoundary globalError={[...]}>
        <ReplaySsrOnlyErrors>
        <DevRootHTTPAccessFallbackBoundary>
          <HTTPAccessFallbackBoundary notFound={<NotAllowedRootHTTPFallbackError>}>
            <HTTPAccessFallbackErrorBoundary pathname="/action-inbox" notFound={<NotAllowedRootHTTPFallbackError>} ...>
              <RedirectBoundary>
                <RedirectErrorBoundary router={{...}}>
                  <Head>
                  <__next_root_layout_boundary__>
                    <SegmentViewNode type="layout" pagePath="layout.tsx">
                      <SegmentTrieNode>
                      <link>
                      <RootLayout>
                        <html lang="en" className="h-full">
                          <body
+                           className="min-h-full antialiased"
-                           className="min-h-full antialiased theme-dark"
                          >
                  ...
 
[browser] Uncaught Error: Hydration failed because the server rendered text didn't match the client. As a result this tree will be regenerated on the client. This can happen if a SSR-ed Client Component used:

- A server/client branch `if (typeof window !== 'undefined')`.
- Variable input such as `Date.now()` or `Math.random()` which changes each time it's called.
- Date formatting in a user's locale which doesn't match the server.
- External changing data without sending a snapshot of it along with the HTML.
- Invalid HTML tag nesting.

It can also happen if the client has a browser extension installed which messes with the HTML before React loaded.

https://react.dev/link/hydration-mismatch

  ...
    <Suspense fallback={<div>}>
      <DeepLinkSync>
        <StaffDoctorsWorkspaceChrome section="overview" onNavigate={function DeepLinkSync.useCallback[navigateSection]}>
          <div className="grid min-w..." data-workspace-nav="horizontal">
            <div>
            <div className="min-w-0">
              <SectionBody section="overview">
                <OverviewSection>
                  <div className="grid gap-4">
                    <div>
                    <div className="grid gap-3...">
                      <button type="button" className="text-left" onClick={function onClick}>
                        <Metric label="Active staff" value={41} icon="users" tone="success">
                          <div className="flex items...">
                            <div>
                              <div>
                              <div className="mt-1 text-[28px] font-extrabold tracking-tight text-[var(--ink)]">
+                               41
-                               0
                            ...
                      ...
                    ...

    at <unknown> (https://react.dev/link/hydration-mismatch)
    at div (<anonymous>)
    at Metric (src\components\ui\Metric.tsx:36:9)
    at OverviewSection (src\modules\m04-staff-doctors\sections\OverviewSection.tsx:31:11)
    at SectionBody (src\modules\m04-staff-doctors\StaffDoctorsWorkspace.tsx:39:14)
    at StaffDoctorsWorkspaceChrome (src\modules\m04-staff-doctors\StaffDoctorsWorkspace.tsx:119:9)
    at DeepLinkSync (src\modules\m04-staff-doctors\StaffDoctorsWorkspace.tsx:88:10)
    at StaffDoctorsWorkspace (src\modules\m04-staff-doctors\StaffDoctorsWorkspace.tsx:135:9)
    at StaffDoctorsModule (src\modules\m04-staff-doctors\StaffDoctorsModule.tsx:10:10)
    at resolveModuleEntry (src\components\workspaces\ModuleWorkspace.tsx:75:14)
    at ModuleBody (src\components\workspaces\ModuleWorkspace.tsx:122:17)
    at ModuleWorkspace (src\components\workspaces\ModuleWorkspace.tsx:177:11)
    at ModulePage (src\app\(portal)\[module]\page.tsx:78:10)
  34 |           {label}
  35 |         </div>
> 36 |         <div className="mt-1 text-[28px] font-extrabold tracking-tight text-[var(--ink)]">
     |         ^
  37 |           {value}
  38 |         </div>
  39 |       </div>
[browser] Uncaught Error: Hydration failed because the server rendered text didn't match the client. As a result this tree will be regenerated on the client. This can happen if a SSR-ed Client Component used:

- A server/client branch `if (typeof window !== 'undefined')`.
- Variable input such as `Date.now()` or `Math.random()` which changes each time it's called.
- Date formatting in a user's locale which doesn't match the server.
- External changing data without sending a snapshot of it along with the HTML.
- Invalid HTML tag nesting.

It can also happen if the client has a browser extension installed which messes with the HTML before React loaded.

https://react.dev/link/hydration-mismatch

  ...
    <Suspense fallback={<div>}>
      <DeepLinkSync>
        <StaffDoctorsWorkspaceChrome section="overview" onNavigate={function DeepLinkSync.useCallback[navigateSection]}>
          <div className="grid min-w..." data-workspace-nav="horizontal">
            <div>
            <div className="min-w-0">
              <SectionBody section="overview">
                <OverviewSection>
                  <div className="grid gap-4">
                    <div>
                    <div className="grid gap-3...">
                      <button type="button" className="text-left" onClick={function onClick}>
                        <Metric label="Active staff" value={41} icon="users" tone="success">
                          <div className="flex items...">
                            <div>
                              <div>
                              <div className="mt-1 text-[28px] font-extrabold tracking-tight text-[var(--ink)]">
+                               41
-                               0
                            ...
                      ...
                    ...

    at <unknown> (https://react.dev/link/hydration-mismatch)
    at div (<anonymous>)
    at Metric (src\components\ui\Metric.tsx:36:9)
    at OverviewSection (src\modules\m04-staff-doctors\sections\OverviewSection.tsx:31:11)
    at SectionBody (src\modules\m04-staff-doctors\StaffDoctorsWorkspace.tsx:39:14)
    at StaffDoctorsWorkspaceChrome (src\modules\m04-staff-doctors\StaffDoctorsWorkspace.tsx:119:9)
    at DeepLinkSync (src\modules\m04-staff-doctors\StaffDoctorsWorkspace.tsx:88:10)
    at StaffDoctorsWorkspace (src\modules\m04-staff-doctors\StaffDoctorsWorkspace.tsx:135:9)
    at StaffDoctorsModule (src\modules\m04-staff-doctors\StaffDoctorsModule.tsx:10:10)
    at resolveModuleEntry (src\components\workspaces\ModuleWorkspace.tsx:75:14)
    at ModuleBody (src\components\workspaces\ModuleWorkspace.tsx:122:17)
    at ModuleWorkspace (src\components\workspaces\ModuleWorkspace.tsx:177:11)
    at ModulePage (src\app\(portal)\[module]\page.tsx:78:10)
  34 |           {label}
  35 |         </div>
> 36 |         <div className="mt-1 text-[28px] font-extrabold tracking-tight text-[var(--ink)]">
     |         ^
  37 |           {value}
  38 |         </div>
  39 |       </div>
[browser] A tree hydrated but some attributes of the server rendered HTML didn't match the client properties. This won't be patched up. This can happen if a SSR-ed Client Component used:

- A server/client branch `if (typeof window !== 'undefined')`.
- Variable input such as `Date.now()` or `Math.random()` which changes each time it's called.
- Date formatting in a user's locale which doesn't match the server.
- External changing data without sending a snapshot of it along with the HTML.
- Invalid HTML tag nesting.

It can also happen if the client has a browser extension installed which messes with the HTML before React loaded.

https://react.dev/link/hydration-mismatch

  ...
    <HotReload globalError={[...]} webSocket={WebSocket} staticIndicatorState={{pathname:null, ...}}>
      <AppDevOverlayErrorBoundary globalError={[...]}>
        <ReplaySsrOnlyErrors>
        <DevRootHTTPAccessFallbackBoundary>
          <HTTPAccessFallbackBoundary notFound={<NotAllowedRootHTTPFallbackError>}>
            <HTTPAccessFallbackErrorBoundary pathname="/staff-doc..." notFound={<NotAllowedRootHTTPFallbackError>} ...>
              <RedirectBoundary>
                <RedirectErrorBoundary router={{...}}>
                  <Head>
                  <__next_root_layout_boundary__>
                    <SegmentViewNode type="layout" pagePath="layout.tsx">
                      <SegmentTrieNode>
                      <link>
                      <RootLayout>
                        <html lang="en" className="h-full">
                          <body
+                           className="min-h-full antialiased"
-                           className="min-h-full antialiased theme-dark"
                          >
                  ...
 
[browser] Uncaught Error: Hydration failed because the server rendered text didn't match the client. As a result this tree will be regenerated on the client. This can happen if a SSR-ed Client Component used:

- A server/client branch `if (typeof window !== 'undefined')`.
- Variable input such as `Date.now()` or `Math.random()` which changes each time it's called.
- Date formatting in a user's locale which doesn't match the server.
- External changing data without sending a snapshot of it along with the HTML.
- Invalid HTML tag nesting.

It can also happen if the client has a browser extension installed which messes with the HTML before React loaded.

https://react.dev/link/hydration-mismatch

  ...
    <Suspense fallback={<div>}>
      <DeepLinkSync>
        <StaffDoctorsWorkspaceChrome section="overview" onNavigate={function DeepLinkSync.useCallback[navigateSection]}>
          <div className="grid min-w..." data-workspace-nav="horizontal">
            <div>
            <div className="min-w-0">
              <SectionBody section="overview">
                <OverviewSection>
                  <div className="grid gap-4">
                    <div>
                    <div className="grid gap-3...">
                      <button type="button" className="text-left" onClick={function onClick}>
                        <Metric label="Active staff" value={41} icon="users" tone="success">
                          <div className="flex items...">
                            <div>
                              <div>
                              <div className="mt-1 text-[28px] font-extrabold tracking-tight text-[var(--ink)]">
+                               41
-                               0
                            ...
                      ...
                    ...

    at <unknown> (https://react.dev/link/hydration-mismatch)
    at div (<anonymous>)
    at Metric (src\components\ui\Metric.tsx:36:9)
    at OverviewSection (src\modules\m04-staff-doctors\sections\OverviewSection.tsx:31:11)
    at SectionBody (src\modules\m04-staff-doctors\StaffDoctorsWorkspace.tsx:39:14)
    at StaffDoctorsWorkspaceChrome (src\modules\m04-staff-doctors\StaffDoctorsWorkspace.tsx:119:9)
    at DeepLinkSync (src\modules\m04-staff-doctors\StaffDoctorsWorkspace.tsx:88:10)
    at StaffDoctorsWorkspace (src\modules\m04-staff-doctors\StaffDoctorsWorkspace.tsx:135:9)
    at StaffDoctorsModule (src\modules\m04-staff-doctors\StaffDoctorsModule.tsx:10:10)
    at resolveModuleEntry (src\components\workspaces\ModuleWorkspace.tsx:75:14)
    at ModuleBody (src\components\workspaces\ModuleWorkspace.tsx:122:17)
    at ModuleWorkspace (src\components\workspaces\ModuleWorkspace.tsx:177:11)
    at ModulePage (src\app\(portal)\[module]\page.tsx:78:10)
  34 |           {label}
  35 |         </div>
> 36 |         <div className="mt-1 text-[28px] font-extrabold tracking-tight text-[var(--ink)]">
     |         ^
  37 |           {value}
  38 |         </div>
  39 |       </div>
[browser] Uncaught Error: Hydration failed because the server rendered text didn't match the client. As a result this tree will be regenerated on the client. This can happen if a SSR-ed Client Component used:

- A server/client branch `if (typeof window !== 'undefined')`.
- Variable input such as `Date.now()` or `Math.random()` which changes each time it's called.
- Date formatting in a user's locale which doesn't match the server.
- External changing data without sending a snapshot of it along with the HTML.
- Invalid HTML tag nesting.

It can also happen if the client has a browser extension installed which messes with the HTML before React loaded.

https://react.dev/link/hydration-mismatch

  ...
    <Suspense fallback={<div>}>
      <DeepLinkSync>
        <StaffDoctorsWorkspaceChrome section="overview" onNavigate={function DeepLinkSync.useCallback[navigateSection]}>
          <div className="grid min-w..." data-workspace-nav="horizontal">
            <div>
            <div className="min-w-0">
              <SectionBody section="overview">
                <OverviewSection>
                  <div className="grid gap-4">
                    <div>
                    <div className="grid gap-3...">
                      <button type="button" className="text-left" onClick={function onClick}>
                        <Metric label="Active staff" value={41} icon="users" tone="success">
                          <div className="flex items...">
                            <div>
                              <div>
                              <div className="mt-1 text-[28px] font-extrabold tracking-tight text-[var(--ink)]">
+                               41
-                               0
                            ...
                      ...
                    ...

    at <unknown> (https://react.dev/link/hydration-mismatch)
    at div (<anonymous>)
    at Metric (src\components\ui\Metric.tsx:36:9)
    at OverviewSection (src\modules\m04-staff-doctors\sections\OverviewSection.tsx:31:11)
    at SectionBody (src\modules\m04-staff-doctors\StaffDoctorsWorkspace.tsx:39:14)
    at StaffDoctorsWorkspaceChrome (src\modules\m04-staff-doctors\StaffDoctorsWorkspace.tsx:119:9)
    at DeepLinkSync (src\modules\m04-staff-doctors\StaffDoctorsWorkspace.tsx:88:10)
    at StaffDoctorsWorkspace (src\modules\m04-staff-doctors\StaffDoctorsWorkspace.tsx:135:9)
    at StaffDoctorsModule (src\modules\m04-staff-doctors\StaffDoctorsModule.tsx:10:10)
    at resolveModuleEntry (src\components\workspaces\ModuleWorkspace.tsx:75:14)
    at ModuleBody (src\components\workspaces\ModuleWorkspace.tsx:122:17)
    at ModuleWorkspace (src\components\workspaces\ModuleWorkspace.tsx:177:11)
    at ModulePage (src\app\(portal)\[module]\page.tsx:78:10)
  34 |           {label}
  35 |         </div>
> 36 |         <div className="mt-1 text-[28px] font-extrabold tracking-tight text-[var(--ink)]">
     |         ^
  37 |           {value}
  38 |         </div>
  39 |       </div>
[browser] Uncaught Error: Hydration failed because the server rendered HTML didn't match the client. As a result this tree will be regenerated on the client. This can happen if a SSR-ed Client Component used:

- A server/client branch `if (typeof window !== 'undefined')`.
- Variable input such as `Date.now()` or `Math.random()` which changes each time it's called.
- Date formatting in a user's locale which doesn't match the server.
- External changing data without sending a snapshot of it along with the HTML.
- Invalid HTML tag nesting.

It can also happen if the client has a browser extension installed which messes with the HTML before React loaded.

https://react.dev/link/hydration-mismatch

  ...
    <RosterModule>
      <RosterWorkspace>
        <RosterProvider>
          <Suspense fallback={<div>}>
            <DeepLinkSync>
              <RosterWorkspaceChrome section="roster-board" ...>
                <div className="grid min-w..." data-workspace-nav="horizontal">
                  <div>
                  <div className="min-w-0">
                    <SectionBody section="roster-board">
                      <RosterBoardSection>
                        <SectionFrame sectionId="roster-board" title="Roster Board">
                          <div className="grid gap-4" data-testid="m05-sectio..." data-m05-section="roster-board" ...>
                            <div>
                            <OfflineState>
                            <div
-                             data-ux-state="offline"
-                             data-testid="m05-ux-offline"
                            >
+                             <p className="m-0 mt-1 text-sm text-[var(--muted)]">
-                             <div
-                               className="rounded-[var(--radius)] border border-[var(--v34-card-line)] bg-[var(--card..."
-                             >
                            ...

    at <unknown> (https://react.dev/link/hydration-mismatch)
    at p (<anonymous>)
    at RosterBoardSection (src\modules\m05-roster\sections\RosterBoardSection.tsx:330:9)
    at SectionBody (src\modules\m05-roster\RosterWorkspace.tsx:48:14)
    at RosterWorkspaceChrome (src\modules\m05-roster\RosterWorkspace.tsx:232:11)
    at DeepLinkSync (src\modules\m05-roster\RosterWorkspace.tsx:167:10)
    at RosterWorkspace (src\modules\m05-roster\RosterWorkspace.tsx:259:9)
    at RosterModule (src\modules\m05-roster\RosterModule.tsx:9:10)
    at resolveModuleEntry (src\components\workspaces\ModuleWorkspace.tsx:77:14)
    at ModuleBody (src\components\workspaces\ModuleWorkspace.tsx:122:17)
    at ModuleWorkspace (src\components\workspaces\ModuleWorkspace.tsx:177:11)
    at ModulePage (src\app\(portal)\[module]\page.tsx:78:10)
  328 |       <OfflineState />
  329 |       <div>
> 330 |         <p className="m-0 mt-1 text-sm text-[var(--muted)]">
      |         ^
  331 |           Build weekly rosters — periods, shifts and assignments. Every assignment runs
  332 |           authoritative M04/platform eligibility.
  333 |         </p>
[browser] Uncaught Error: Hydration failed because the server rendered HTML didn't match the client. As a result this tree will be regenerated on the client. This can happen if a SSR-ed Client Component used:

- A server/client branch `if (typeof window !== 'undefined')`.
- Variable input such as `Date.now()` or `Math.random()` which changes each time it's called.
- Date formatting in a user's locale which doesn't match the server.
- External changing data without sending a snapshot of it along with the HTML.
- Invalid HTML tag nesting.

It can also happen if the client has a browser extension installed which messes with the HTML before React loaded.

https://react.dev/link/hydration-mismatch

  ...
    <RosterModule>
      <RosterWorkspace>
        <RosterProvider>
          <Suspense fallback={<div>}>
            <DeepLinkSync>
              <RosterWorkspaceChrome section="roster-board" ...>
                <div className="grid min-w..." data-workspace-nav="horizontal">
                  <div>
                  <div className="min-w-0">
                    <SectionBody section="roster-board">
                      <RosterBoardSection>
                        <SectionFrame sectionId="roster-board" title="Roster Board">
                          <div className="grid gap-4" data-testid="m05-sectio..." data-m05-section="roster-board" ...>
                            <div>
                            <OfflineState>
                            <div
-                             data-ux-state="offline"
-                             data-testid="m05-ux-offline"
                            >
+                             <p className="m-0 mt-1 text-sm text-[var(--muted)]">
-                             <div
-                               className="rounded-[var(--radius)] border border-[var(--v34-card-line)] bg-[var(--card..."
-                             >
                            ...

    at <unknown> (https://react.dev/link/hydration-mismatch)
    at p (<anonymous>)
    at RosterBoardSection (src\modules\m05-roster\sections\RosterBoardSection.tsx:330:9)
    at SectionBody (src\modules\m05-roster\RosterWorkspace.tsx:48:14)
    at RosterWorkspaceChrome (src\modules\m05-roster\RosterWorkspace.tsx:232:11)
    at DeepLinkSync (src\modules\m05-roster\RosterWorkspace.tsx:167:10)
    at RosterWorkspace (src\modules\m05-roster\RosterWorkspace.tsx:259:9)
    at RosterModule (src\modules\m05-roster\RosterModule.tsx:9:10)
    at resolveModuleEntry (src\components\workspaces\ModuleWorkspace.tsx:77:14)
    at ModuleBody (src\components\workspaces\ModuleWorkspace.tsx:122:17)
    at ModuleWorkspace (src\components\workspaces\ModuleWorkspace.tsx:177:11)
    at ModulePage (src\app\(portal)\[module]\page.tsx:78:10)
  328 |       <OfflineState />
  329 |       <div>
> 330 |         <p className="m-0 mt-1 text-sm text-[var(--muted)]">
      |         ^
  331 |           Build weekly rosters — periods, shifts and assignments. Every assignment runs
  332 |           authoritative M04/platform eligibility.
  333 |         </p>
[browser] A tree hydrated but some attributes of the server rendered HTML didn't match the client properties. This won't be patched up. This can happen if a SSR-ed Client Component used:

- A server/client branch `if (typeof window !== 'undefined')`.
- Variable input such as `Date.now()` or `Math.random()` which changes each time it's called.
- Date formatting in a user's locale which doesn't match the server.
- External changing data without sending a snapshot of it along with the HTML.
- Invalid HTML tag nesting.

It can also happen if the client has a browser extension installed which messes with the HTML before React loaded.

https://react.dev/link/hydration-mismatch

  ...
    <HotReload globalError={[...]} webSocket={WebSocket} staticIndicatorState={{pathname:null, ...}}>
      <AppDevOverlayErrorBoundary globalError={[...]}>
        <ReplaySsrOnlyErrors>
        <DevRootHTTPAccessFallbackBoundary>
          <HTTPAccessFallbackBoundary notFound={<NotAllowedRootHTTPFallbackError>}>
            <HTTPAccessFallbackErrorBoundary pathname="/time-atte..." notFound={<NotAllowedRootHTTPFallbackError>} ...>
              <RedirectBoundary>
                <RedirectErrorBoundary router={{...}}>
                  <Head>
                  <__next_root_layout_boundary__>
                    <SegmentViewNode type="layout" pagePath="layout.tsx">
                      <SegmentTrieNode>
                      <link>
                      <RootLayout>
                        <html lang="en" className="h-full">
                          <body
+                           className="min-h-full antialiased"
-                           className="min-h-full antialiased theme-dark"
                          >
                  ...
 
[browser] A tree hydrated but some attributes of the server rendered HTML didn't match the client properties. This won't be patched up. This can happen if a SSR-ed Client Component used:

- A server/client branch `if (typeof window !== 'undefined')`.
- Variable input such as `Date.now()` or `Math.random()` which changes each time it's called.
- Date formatting in a user's locale which doesn't match the server.
- External changing data without sending a snapshot of it along with the HTML.
- Invalid HTML tag nesting.

It can also happen if the client has a browser extension installed which messes with the HTML before React loaded.

https://react.dev/link/hydration-mismatch

  ...
    <HotReload globalError={[...]} webSocket={WebSocket} staticIndicatorState={{pathname:null, ...}}>
      <AppDevOverlayErrorBoundary globalError={[...]}>
        <ReplaySsrOnlyErrors>
        <DevRootHTTPAccessFallbackBoundary>
          <HTTPAccessFallbackBoundary notFound={<NotAllowedRootHTTPFallbackError>}>
            <HTTPAccessFallbackErrorBoundary pathname="/time-atte..." notFound={<NotAllowedRootHTTPFallbackError>} ...>
              <RedirectBoundary>
                <RedirectErrorBoundary router={{...}}>
                  <Head>
                  <__next_root_layout_boundary__>
                    <SegmentViewNode type="layout" pagePath="layout.tsx">
                      <SegmentTrieNode>
                      <link>
                      <RootLayout>
                        <html lang="en" className="h-full">
                          <body
+                           className="min-h-full antialiased"
-                           className="min-h-full antialiased theme-dark"
                          >
                  ...
 
[browser] A tree hydrated but some attributes of the server rendered HTML didn't match the client properties. This won't be patched up. This can happen if a SSR-ed Client Component used:

- A server/client branch `if (typeof window !== 'undefined')`.
- Variable input such as `Date.now()` or `Math.random()` which changes each time it's called.
- Date formatting in a user's locale which doesn't match the server.
- External changing data without sending a snapshot of it along with the HTML.
- Invalid HTML tag nesting.

It can also happen if the client has a browser extension installed which messes with the HTML before React loaded.

https://react.dev/link/hydration-mismatch

  ...
    <HotReload globalError={[...]} webSocket={WebSocket} staticIndicatorState={{pathname:null, ...}}>
      <AppDevOverlayErrorBoundary globalError={[...]}>
        <ReplaySsrOnlyErrors>
        <DevRootHTTPAccessFallbackBoundary>
          <HTTPAccessFallbackBoundary notFound={<NotAllowedRootHTTPFallbackError>}>
            <HTTPAccessFallbackErrorBoundary pathname="/time-atte..." notFound={<NotAllowedRootHTTPFallbackError>} ...>
              <RedirectBoundary>
                <RedirectErrorBoundary router={{...}}>
                  <Head>
                  <__next_root_layout_boundary__>
                    <SegmentViewNode type="layout" pagePath="layout.tsx">
                      <SegmentTrieNode>
                      <link>
                      <RootLayout>
                        <html lang="en" className="h-full">
                          <body
+                           className="min-h-full antialiased"
-                           className="min-h-full antialiased theme-dark"
                          >
                  ...
 
[browser] Uncaught Error: Hydration failed because the server rendered HTML didn't match the client. As a result this tree will be regenerated on the client. This can happen if a SSR-ed Client Component used:

- A server/client branch `if (typeof window !== 'undefined')`.
- Variable input such as `Date.now()` or `Math.random()` which changes each time it's called.
- Date formatting in a user's locale which doesn't match the server.
- External changing data without sending a snapshot of it along with the HTML.
- Invalid HTML tag nesting.

It can also happen if the client has a browser extension installed which messes with the HTML before React loaded.

https://react.dev/link/hydration-mismatch

  ...
    <SegmentViewNode type="page" pagePath="(portal)/[...">
      <SegmentTrieNode>
      <ModulePage>
        <ModuleWorkspace module={{id:"staffpay", ...}}>
          <PageHeader>
          ...
            <ModuleBody module={{id:"staffpay", ...}}>
              <StaffPayModule>
                <StaffPayWorkspace>
                  <StaffPayProvider>
                    <Suspense fallback={<div>}>
                      <DeepLinkSync>
                      <WorkspaceInner>
                        <div className="m07-shell ..." data-m07-shell="batch6-export" data-workspace-nav="horizontal">
                          <style>
                          <header className="rounded-2x...">
                            <p>
                            <p>
                            <p>
+                           <p className="mt-2 text-xs text-[var(--muted)]" role="status">
-                           <div className="mt-4">
                            ...
                          ...

    at <unknown> (https://react.dev/link/hydration-mismatch)
    at p (<anonymous>)
    at WorkspaceInner (src\modules\m07-staff-pay\StaffPayWorkspace.tsx:114:11)
    at StaffPayWorkspace (src\modules\m07-staff-pay\StaffPayWorkspace.tsx:140:9)
    at StaffPayModule (src\modules\m07-staff-pay\StaffPayModule.tsx:10:10)
    at resolveModuleEntry (src\components\workspaces\ModuleWorkspace.tsx:81:14)
    at ModuleBody (src\components\workspaces\ModuleWorkspace.tsx:122:17)
    at ModuleWorkspace (src\components\workspaces\ModuleWorkspace.tsx:177:11)
    at ModulePage (src\app\(portal)\[module]\page.tsx:78:10)
  112 |         <p className="mt-2 text-xs text-[var(--muted)]">{M07_NON_CERTIFIED_DISCLAIMER}</p>
  113 |         {bootstrap ? (
> 114 |           <p className="mt-2 text-xs text-[var(--muted)]" role="status">
      |           ^
  115 |             Storage bootstrap · schema v9 · v9Ran={String(bootstrap.v9Ran ?? false)}
  116 |           </p>
  117 |         ) : null}
[browser] A tree hydrated but some attributes of the server rendered HTML didn't match the client properties. This won't be patched up. This can happen if a SSR-ed Client Component used:

- A server/client branch `if (typeof window !== 'undefined')`.
- Variable input such as `Date.now()` or `Math.random()` which changes each time it's called.
- Date formatting in a user's locale which doesn't match the server.
- External changing data without sending a snapshot of it along with the HTML.
- Invalid HTML tag nesting.

It can also happen if the client has a browser extension installed which messes with the HTML before React loaded.

https://react.dev/link/hydration-mismatch

  ...
    <HotReload globalError={[...]} webSocket={WebSocket} staticIndicatorState={{pathname:null, ...}}>
      <AppDevOverlayErrorBoundary globalError={[...]}>
        <ReplaySsrOnlyErrors>
        <DevRootHTTPAccessFallbackBoundary>
          <HTTPAccessFallbackBoundary notFound={<NotAllowedRootHTTPFallbackError>}>
            <HTTPAccessFallbackErrorBoundary pathname="/staffpay" notFound={<NotAllowedRootHTTPFallbackError>} ...>
              <RedirectBoundary>
                <RedirectErrorBoundary router={{...}}>
                  <Head>
                  <__next_root_layout_boundary__>
                    <SegmentViewNode type="layout" pagePath="layout.tsx">
                      <SegmentTrieNode>
                      <link>
                      <RootLayout>
                        <html lang="en" className="h-full">
                          <body
+                           className="min-h-full antialiased"
-                           className="min-h-full antialiased theme-dark"
                          >
                  ...
 
[browser] Uncaught Error: Hydration failed because the server rendered HTML didn't match the client. As a result this tree will be regenerated on the client. This can happen if a SSR-ed Client Component used:

- A server/client branch `if (typeof window !== 'undefined')`.
- Variable input such as `Date.now()` or `Math.random()` which changes each time it's called.
- Date formatting in a user's locale which doesn't match the server.
- External changing data without sending a snapshot of it along with the HTML.
- Invalid HTML tag nesting.

It can also happen if the client has a browser extension installed which messes with the HTML before React loaded.

https://react.dev/link/hydration-mismatch

  ...
    <SegmentViewNode type="page" pagePath="(portal)/[...">
      <SegmentTrieNode>
      <ModulePage>
        <ModuleWorkspace module={{id:"staffpay", ...}}>
          <PageHeader>
          ...
            <ModuleBody module={{id:"staffpay", ...}}>
              <StaffPayModule>
                <StaffPayWorkspace>
                  <StaffPayProvider>
                    <Suspense fallback={<div>}>
                      <DeepLinkSync>
                      <WorkspaceInner>
                        <div className="m07-shell ..." data-m07-shell="batch6-export" data-workspace-nav="horizontal">
                          <style>
                          <header className="rounded-2x...">
                            <p>
                            <p>
                            <p>
+                           <p className="mt-2 text-xs text-[var(--muted)]" role="status">
-                           <div className="mt-4">
                            ...
                          ...

    at <unknown> (https://react.dev/link/hydration-mismatch)
    at p (<anonymous>)
    at WorkspaceInner (src\modules\m07-staff-pay\StaffPayWorkspace.tsx:114:11)
    at StaffPayWorkspace (src\modules\m07-staff-pay\StaffPayWorkspace.tsx:140:9)
    at StaffPayModule (src\modules\m07-staff-pay\StaffPayModule.tsx:10:10)
    at resolveModuleEntry (src\components\workspaces\ModuleWorkspace.tsx:81:14)
    at ModuleBody (src\components\workspaces\ModuleWorkspace.tsx:122:17)
    at ModuleWorkspace (src\components\workspaces\ModuleWorkspace.tsx:177:11)
    at ModulePage (src\app\(portal)\[module]\page.tsx:78:10)
  112 |         <p className="mt-2 text-xs text-[var(--muted)]">{M07_NON_CERTIFIED_DISCLAIMER}</p>
  113 |         {bootstrap ? (
> 114 |           <p className="mt-2 text-xs text-[var(--muted)]" role="status">
      |           ^
  115 |             Storage bootstrap · schema v9 · v9Ran={String(bootstrap.v9Ran ?? false)}
  116 |           </p>
  117 |         ) : null}
[browser] A tree hydrated but some attributes of the server rendered HTML didn't match the client properties. This won't be patched up. This can happen if a SSR-ed Client Component used:

- A server/client branch `if (typeof window !== 'undefined')`.
- Variable input such as `Date.now()` or `Math.random()` which changes each time it's called.
- Date formatting in a user's locale which doesn't match the server.
- External changing data without sending a snapshot of it along with the HTML.
- Invalid HTML tag nesting.

It can also happen if the client has a browser extension installed which messes with the HTML before React loaded.

https://react.dev/link/hydration-mismatch

  ...
    <HotReload globalError={[...]} webSocket={WebSocket} staticIndicatorState={{pathname:null, ...}}>
      <AppDevOverlayErrorBoundary globalError={[...]}>
        <ReplaySsrOnlyErrors>
        <DevRootHTTPAccessFallbackBoundary>
          <HTTPAccessFallbackBoundary notFound={<NotAllowedRootHTTPFallbackError>}>
            <HTTPAccessFallbackErrorBoundary pathname="/staffpay" notFound={<NotAllowedRootHTTPFallbackError>} ...>
              <RedirectBoundary>
                <RedirectErrorBoundary router={{...}}>
                  <Head>
                  <__next_root_layout_boundary__>
                    <SegmentViewNode type="layout" pagePath="layout.tsx">
                      <SegmentTrieNode>
                      <link>
                      <RootLayout>
                        <html lang="en" className="h-full">
                          <body
+                           className="min-h-full antialiased"
-                           className="min-h-full antialiased theme-dark"
                          >
                  ...
 
[browser] Uncaught Error: Hydration failed because the server rendered HTML didn't match the client. As a result this tree will be regenerated on the client. This can happen if a SSR-ed Client Component used:

- A server/client branch `if (typeof window !== 'undefined')`.
- Variable input such as `Date.now()` or `Math.random()` which changes each time it's called.
- Date formatting in a user's locale which doesn't match the server.
- External changing data without sending a snapshot of it along with the HTML.
- Invalid HTML tag nesting.

It can also happen if the client has a browser extension installed which messes with the HTML before React loaded.

https://react.dev/link/hydration-mismatch

  ...
    <SegmentViewNode type="page" pagePath="(portal)/[...">
      <SegmentTrieNode>
      <ModulePage>
        <ModuleWorkspace module={{id:"staffpay", ...}}>
          <PageHeader>
          ...
            <ModuleBody module={{id:"staffpay", ...}}>
              <StaffPayModule>
                <StaffPayWorkspace>
                  <StaffPayProvider>
                    <Suspense fallback={<div>}>
                      <DeepLinkSync>
                      <WorkspaceInner>
                        <div className="m07-shell ..." data-m07-shell="batch6-export" data-workspace-nav="horizontal">
                          <style>
                          <header className="rounded-2x...">
                            <p>
                            <p>
                            <p>
+                           <p className="mt-2 text-xs text-[var(--muted)]" role="status">
-                           <div className="mt-4">
                            ...
                          ...

    at <unknown> (https://react.dev/link/hydration-mismatch)
    at p (<anonymous>)
    at WorkspaceInner (src\modules\m07-staff-pay\StaffPayWorkspace.tsx:114:11)
    at StaffPayWorkspace (src\modules\m07-staff-pay\StaffPayWorkspace.tsx:140:9)
    at StaffPayModule (src\modules\m07-staff-pay\StaffPayModule.tsx:10:10)
    at resolveModuleEntry (src\components\workspaces\ModuleWorkspace.tsx:81:14)
    at ModuleBody (src\components\workspaces\ModuleWorkspace.tsx:122:17)
    at ModuleWorkspace (src\components\workspaces\ModuleWorkspace.tsx:177:11)
    at ModulePage (src\app\(portal)\[module]\page.tsx:78:10)
  112 |         <p className="mt-2 text-xs text-[var(--muted)]">{M07_NON_CERTIFIED_DISCLAIMER}</p>
  113 |         {bootstrap ? (
> 114 |           <p className="mt-2 text-xs text-[var(--muted)]" role="status">
      |           ^
  115 |             Storage bootstrap · schema v9 · v9Ran={String(bootstrap.v9Ran ?? false)}
  116 |           </p>
  117 |         ) : null}
[browser] Uncaught Error: Hydration failed because the server rendered HTML didn't match the client. As a result this tree will be regenerated on the client. This can happen if a SSR-ed Client Component used:

- A server/client branch `if (typeof window !== 'undefined')`.
- Variable input such as `Date.now()` or `Math.random()` which changes each time it's called.
- Date formatting in a user's locale which doesn't match the server.
- External changing data without sending a snapshot of it along with the HTML.
- Invalid HTML tag nesting.

It can also happen if the client has a browser extension installed which messes with the HTML before React loaded.

https://react.dev/link/hydration-mismatch

  ...
    <SegmentViewNode type="page" pagePath="(portal)/[...">
      <SegmentTrieNode>
      <ModulePage>
        <ModuleWorkspace module={{id:"staffpay", ...}}>
          <PageHeader>
          ...
            <ModuleBody module={{id:"staffpay", ...}}>
              <StaffPayModule>
                <StaffPayWorkspace>
                  <StaffPayProvider>
                    <Suspense fallback={<div>}>
                      <DeepLinkSync>
                      <WorkspaceInner>
                        <div className="m07-shell ..." data-m07-shell="batch6-export" data-workspace-nav="horizontal">
                          <style>
                          <header className="rounded-2x...">
                            <p>
                            <p>
                            <p>
+                           <p className="mt-2 text-xs text-[var(--muted)]" role="status">
-                           <div className="mt-4">
                            ...
                          ...

    at <unknown> (https://react.dev/link/hydration-mismatch)
    at p (<anonymous>)
    at WorkspaceInner (src\modules\m07-staff-pay\StaffPayWorkspace.tsx:114:11)
    at StaffPayWorkspace (src\modules\m07-staff-pay\StaffPayWorkspace.tsx:140:9)
    at StaffPayModule (src\modules\m07-staff-pay\StaffPayModule.tsx:10:10)
    at resolveModuleEntry (src\components\workspaces\ModuleWorkspace.tsx:81:14)
    at ModuleBody (src\components\workspaces\ModuleWorkspace.tsx:122:17)
    at ModuleWorkspace (src\components\workspaces\ModuleWorkspace.tsx:177:11)
    at ModulePage (src\app\(portal)\[module]\page.tsx:78:10)
  112 |         <p className="mt-2 text-xs text-[var(--muted)]">{M07_NON_CERTIFIED_DISCLAIMER}</p>
  113 |         {bootstrap ? (
> 114 |           <p className="mt-2 text-xs text-[var(--muted)]" role="status">
      |           ^
  115 |             Storage bootstrap · schema v9 · v9Ran={String(bootstrap.v9Ran ?? false)}
  116 |           </p>
  117 |         ) : null}
[browser] Uncaught Error: Hydration failed because the server rendered HTML didn't match the client. As a result this tree will be regenerated on the client. This can happen if a SSR-ed Client Component used:

- A server/client branch `if (typeof window !== 'undefined')`.
- Variable input such as `Date.now()` or `Math.random()` which changes each time it's called.
- Date formatting in a user's locale which doesn't match the server.
- External changing data without sending a snapshot of it along with the HTML.
- Invalid HTML tag nesting.

It can also happen if the client has a browser extension installed which messes with the HTML before React loaded.

https://react.dev/link/hydration-mismatch

  ...
    <SegmentViewNode type="page" pagePath="(portal)/[...">
      <SegmentTrieNode>
      <ModulePage>
        <ModuleWorkspace module={{id:"staffpay", ...}}>
          <PageHeader>
          ...
            <ModuleBody module={{id:"staffpay", ...}}>
              <StaffPayModule>
                <StaffPayWorkspace>
                  <StaffPayProvider>
                    <Suspense fallback={<div>}>
                      <DeepLinkSync>
                      <WorkspaceInner>
                        <div className="m07-shell ..." data-m07-shell="batch6-export" data-workspace-nav="horizontal">
                          <style>
                          <header className="rounded-2x...">
                            <p>
                            <p>
                            <p>
+                           <p className="mt-2 text-xs text-[var(--muted)]" role="status">
-                           <div className="mt-4">
                            ...
                          ...

    at <unknown> (https://react.dev/link/hydration-mismatch)
    at p (<anonymous>)
    at WorkspaceInner (src\modules\m07-staff-pay\StaffPayWorkspace.tsx:114:11)
    at StaffPayWorkspace (src\modules\m07-staff-pay\StaffPayWorkspace.tsx:140:9)
    at StaffPayModule (src\modules\m07-staff-pay\StaffPayModule.tsx:10:10)
    at resolveModuleEntry (src\components\workspaces\ModuleWorkspace.tsx:81:14)
    at ModuleBody (src\components\workspaces\ModuleWorkspace.tsx:122:17)
    at ModuleWorkspace (src\components\workspaces\ModuleWorkspace.tsx:177:11)
    at ModulePage (src\app\(portal)\[module]\page.tsx:78:10)
  112 |         <p className="mt-2 text-xs text-[var(--muted)]">{M07_NON_CERTIFIED_DISCLAIMER}</p>
  113 |         {bootstrap ? (
> 114 |           <p className="mt-2 text-xs text-[var(--muted)]" role="status">
      |           ^
  115 |             Storage bootstrap · schema v9 · v9Ran={String(bootstrap.v9Ran ?? false)}
  116 |           </p>
  117 |         ) : null}
[browser] A tree hydrated but some attributes of the server rendered HTML didn't match the client properties. This won't be patched up. This can happen if a SSR-ed Client Component used:

- A server/client branch `if (typeof window !== 'undefined')`.
- Variable input such as `Date.now()` or `Math.random()` which changes each time it's called.
- Date formatting in a user's locale which doesn't match the server.
- External changing data without sending a snapshot of it along with the HTML.
- Invalid HTML tag nesting.

It can also happen if the client has a browser extension installed which messes with the HTML before React loaded.

https://react.dev/link/hydration-mismatch

  ...
    <HotReload globalError={[...]} webSocket={WebSocket} staticIndicatorState={{pathname:null, ...}}>
      <AppDevOverlayErrorBoundary globalError={[...]}>
        <ReplaySsrOnlyErrors>
        <DevRootHTTPAccessFallbackBoundary>
          <HTTPAccessFallbackBoundary notFound={<NotAllowedRootHTTPFallbackError>}>
            <HTTPAccessFallbackErrorBoundary pathname="/staffpay" notFound={<NotAllowedRootHTTPFallbackError>} ...>
              <RedirectBoundary>
                <RedirectErrorBoundary router={{...}}>
                  <Head>
                  <__next_root_layout_boundary__>
                    <SegmentViewNode type="layout" pagePath="layout.tsx">
                      <SegmentTrieNode>
                      <link>
                      <RootLayout>
                        <html lang="en" className="h-full">
                          <body
+                           className="min-h-full antialiased"
-                           className="min-h-full antialiased theme-dark"
                          >
                  ...
 
[browser] Uncaught Error: Hydration failed because the server rendered HTML didn't match the client. As a result this tree will be regenerated on the client. This can happen if a SSR-ed Client Component used:

- A server/client branch `if (typeof window !== 'undefined')`.
- Variable input such as `Date.now()` or `Math.random()` which changes each time it's called.
- Date formatting in a user's locale which doesn't match the server.
- External changing data without sending a snapshot of it along with the HTML.
- Invalid HTML tag nesting.

It can also happen if the client has a browser extension installed which messes with the HTML before React loaded.

https://react.dev/link/hydration-mismatch

  ...
    <SegmentViewNode type="page" pagePath="(portal)/[...">
      <SegmentTrieNode>
      <ModulePage>
        <ModuleWorkspace module={{id:"staffpay", ...}}>
          <PageHeader>
          ...
            <ModuleBody module={{id:"staffpay", ...}}>
              <StaffPayModule>
                <StaffPayWorkspace>
                  <StaffPayProvider>
                    <Suspense fallback={<div>}>
                      <DeepLinkSync>
                      <WorkspaceInner>
                        <div className="m07-shell ..." data-m07-shell="batch6-export" data-workspace-nav="horizontal">
                          <style>
                          <header className="rounded-2x...">
                            <p>
                            <p>
                            <p>
+                           <p className="mt-2 text-xs text-[var(--muted)]" role="status">
-                           <div className="mt-4">
                            ...
                          ...

    at <unknown> (https://react.dev/link/hydration-mismatch)
    at p (<anonymous>)
    at WorkspaceInner (src\modules\m07-staff-pay\StaffPayWorkspace.tsx:114:11)
    at StaffPayWorkspace (src\modules\m07-staff-pay\StaffPayWorkspace.tsx:140:9)
    at StaffPayModule (src\modules\m07-staff-pay\StaffPayModule.tsx:10:10)
    at resolveModuleEntry (src\components\workspaces\ModuleWorkspace.tsx:81:14)
    at ModuleBody (src\components\workspaces\ModuleWorkspace.tsx:122:17)
    at ModuleWorkspace (src\components\workspaces\ModuleWorkspace.tsx:177:11)
    at ModulePage (src\app\(portal)\[module]\page.tsx:78:10)
  112 |         <p className="mt-2 text-xs text-[var(--muted)]">{M07_NON_CERTIFIED_DISCLAIMER}</p>
  113 |         {bootstrap ? (
> 114 |           <p className="mt-2 text-xs text-[var(--muted)]" role="status">
      |           ^
  115 |             Storage bootstrap · schema v9 · v9Ran={String(bootstrap.v9Ran ?? false)}
  116 |           </p>
  117 |         ) : null}
[browser] A tree hydrated but some attributes of the server rendered HTML didn't match the client properties. This won't be patched up. This can happen if a SSR-ed Client Component used:

- A server/client branch `if (typeof window !== 'undefined')`.
- Variable input such as `Date.now()` or `Math.random()` which changes each time it's called.
- Date formatting in a user's locale which doesn't match the server.
- External changing data without sending a snapshot of it along with the HTML.
- Invalid HTML tag nesting.

It can also happen if the client has a browser extension installed which messes with the HTML before React loaded.

https://react.dev/link/hydration-mismatch

  ...
    <HotReload globalError={[...]} webSocket={WebSocket} staticIndicatorState={{pathname:null, ...}}>
      <AppDevOverlayErrorBoundary globalError={[...]}>
        <ReplaySsrOnlyErrors>
        <DevRootHTTPAccessFallbackBoundary>
          <HTTPAccessFallbackBoundary notFound={<NotAllowedRootHTTPFallbackError>}>
            <HTTPAccessFallbackErrorBoundary pathname="/staffpay" notFound={<NotAllowedRootHTTPFallbackError>} ...>
              <RedirectBoundary>
                <RedirectErrorBoundary router={{...}}>
                  <Head>
                  <__next_root_layout_boundary__>
                    <SegmentViewNode type="layout" pagePath="layout.tsx">
                      <SegmentTrieNode>
                      <link>
                      <RootLayout>
                        <html lang="en" className="h-full">
                          <body
+                           className="min-h-full antialiased"
-                           className="min-h-full antialiased theme-dark"
                          >
                  ...
 
[browser] Uncaught Error: Hydration failed because the server rendered HTML didn't match the client. As a result this tree will be regenerated on the client. This can happen if a SSR-ed Client Component used:

- A server/client branch `if (typeof window !== 'undefined')`.
- Variable input such as `Date.now()` or `Math.random()` which changes each time it's called.
- Date formatting in a user's locale which doesn't match the server.
- External changing data without sending a snapshot of it along with the HTML.
- Invalid HTML tag nesting.

It can also happen if the client has a browser extension installed which messes with the HTML before React loaded.

https://react.dev/link/hydration-mismatch

  ...
    <SegmentViewNode type="page" pagePath="(portal)/[...">
      <SegmentTrieNode>
      <ModulePage>
        <ModuleWorkspace module={{id:"staffpay", ...}}>
          <PageHeader>
          ...
            <ModuleBody module={{id:"staffpay", ...}}>
              <StaffPayModule>
                <StaffPayWorkspace>
                  <StaffPayProvider>
                    <Suspense fallback={<div>}>
                      <DeepLinkSync>
                      <WorkspaceInner>
                        <div className="m07-shell ..." data-m07-shell="batch6-export" data-workspace-nav="horizontal">
                          <style>
                          <header className="rounded-2x...">
                            <p>
                            <p>
                            <p>
+                           <p className="mt-2 text-xs text-[var(--muted)]" role="status">
-                           <div className="mt-4">
                            ...
                          ...

    at <unknown> (https://react.dev/link/hydration-mismatch)
    at p (<anonymous>)
    at WorkspaceInner (src\modules\m07-staff-pay\StaffPayWorkspace.tsx:114:11)
    at StaffPayWorkspace (src\modules\m07-staff-pay\StaffPayWorkspace.tsx:140:9)
    at StaffPayModule (src\modules\m07-staff-pay\StaffPayModule.tsx:10:10)
    at resolveModuleEntry (src\components\workspaces\ModuleWorkspace.tsx:81:14)
    at ModuleBody (src\components\workspaces\ModuleWorkspace.tsx:122:17)
    at ModuleWorkspace (src\components\workspaces\ModuleWorkspace.tsx:177:11)
    at ModulePage (src\app\(portal)\[module]\page.tsx:78:10)
  112 |         <p className="mt-2 text-xs text-[var(--muted)]">{M07_NON_CERTIFIED_DISCLAIMER}</p>
  113 |         {bootstrap ? (
> 114 |           <p className="mt-2 text-xs text-[var(--muted)]" role="status">
      |           ^
  115 |             Storage bootstrap · schema v9 · v9Ran={String(bootstrap.v9Ran ?? false)}
  116 |           </p>
  117 |         ) : null}
[browser] A tree hydrated but some attributes of the server rendered HTML didn't match the client properties. This won't be patched up. This can happen if a SSR-ed Client Component used:

- A server/client branch `if (typeof window !== 'undefined')`.
- Variable input such as `Date.now()` or `Math.random()` which changes each time it's called.
- Date formatting in a user's locale which doesn't match the server.
- External changing data without sending a snapshot of it along with the HTML.
- Invalid HTML tag nesting.

It can also happen if the client has a browser extension installed which messes with the HTML before React loaded.

https://react.dev/link/hydration-mismatch

  ...
    <HotReload globalError={[...]} webSocket={WebSocket} staticIndicatorState={{pathname:null, ...}}>
      <AppDevOverlayErrorBoundary globalError={[...]}>
        <ReplaySsrOnlyErrors>
        <DevRootHTTPAccessFallbackBoundary>
          <HTTPAccessFallbackBoundary notFound={<NotAllowedRootHTTPFallbackError>}>
            <HTTPAccessFallbackErrorBoundary pathname="/staffpay" notFound={<NotAllowedRootHTTPFallbackError>} ...>
              <RedirectBoundary>
                <RedirectErrorBoundary router={{...}}>
                  <Head>
                  <__next_root_layout_boundary__>
                    <SegmentViewNode type="layout" pagePath="layout.tsx">
                      <SegmentTrieNode>
                      <link>
                      <RootLayout>
                        <html lang="en" className="h-full">
                          <body
+                           className="min-h-full antialiased"
-                           className="min-h-full antialiased theme-dark"
                          >
                  ...
 
[browser] Uncaught Error: Hydration failed because the server rendered HTML didn't match the client. As a result this tree will be regenerated on the client. This can happen if a SSR-ed Client Component used:

- A server/client branch `if (typeof window !== 'undefined')`.
- Variable input such as `Date.now()` or `Math.random()` which changes each time it's called.
- Date formatting in a user's locale which doesn't match the server.
- External changing data without sending a snapshot of it along with the HTML.
- Invalid HTML tag nesting.

It can also happen if the client has a browser extension installed which messes with the HTML before React loaded.

https://react.dev/link/hydration-mismatch

  ...
    <SegmentViewNode type="page" pagePath="(portal)/[...">
      <SegmentTrieNode>
      <ModulePage>
        <ModuleWorkspace module={{id:"staffpay", ...}}>
          <PageHeader>
          ...
            <ModuleBody module={{id:"staffpay", ...}}>
              <StaffPayModule>
                <StaffPayWorkspace>
                  <StaffPayProvider>
                    <Suspense fallback={<div>}>
                      <DeepLinkSync>
                      <WorkspaceInner>
                        <div className="m07-shell ..." data-m07-shell="batch6-export" data-workspace-nav="horizontal">
                          <style>
                          <header className="rounded-2x...">
                            <p>
                            <p>
                            <p>
+                           <p className="mt-2 text-xs text-[var(--muted)]" role="status">
-                           <div className="mt-4">
                            ...
                          ...

    at <unknown> (https://react.dev/link/hydration-mismatch)
    at p (<anonymous>)
    at WorkspaceInner (src\modules\m07-staff-pay\StaffPayWorkspace.tsx:114:11)
    at StaffPayWorkspace (src\modules\m07-staff-pay\StaffPayWorkspace.tsx:140:9)
    at StaffPayModule (src\modules\m07-staff-pay\StaffPayModule.tsx:10:10)
    at resolveModuleEntry (src\components\workspaces\ModuleWorkspace.tsx:81:14)
    at ModuleBody (src\components\workspaces\ModuleWorkspace.tsx:122:17)
    at ModuleWorkspace (src\components\workspaces\ModuleWorkspace.tsx:177:11)
    at ModulePage (src\app\(portal)\[module]\page.tsx:78:10)
  112 |         <p className="mt-2 text-xs text-[var(--muted)]">{M07_NON_CERTIFIED_DISCLAIMER}</p>
  113 |         {bootstrap ? (
> 114 |           <p className="mt-2 text-xs text-[var(--muted)]" role="status">
      |           ^
  115 |             Storage bootstrap · schema v9 · v9Ran={String(bootstrap.v9Ran ?? false)}
  116 |           </p>
  117 |         ) : null}
[browser] Uncaught Error: Hydration failed because the server rendered HTML didn't match the client. As a result this tree will be regenerated on the client. This can happen if a SSR-ed Client Component used:

- A server/client branch `if (typeof window !== 'undefined')`.
- Variable input such as `Date.now()` or `Math.random()` which changes each time it's called.
- Date formatting in a user's locale which doesn't match the server.
- External changing data without sending a snapshot of it along with the HTML.
- Invalid HTML tag nesting.

It can also happen if the client has a browser extension installed which messes with the HTML before React loaded.

https://react.dev/link/hydration-mismatch

  ...
    <SegmentViewNode type="page" pagePath="(portal)/[...">
      <SegmentTrieNode>
      <ModulePage>
        <ModuleWorkspace module={{id:"staffpay", ...}}>
          <PageHeader>
          ...
            <ModuleBody module={{id:"staffpay", ...}}>
              <StaffPayModule>
                <StaffPayWorkspace>
                  <StaffPayProvider>
                    <Suspense fallback={<div>}>
                      <DeepLinkSync>
                      <WorkspaceInner>
                        <div className="m07-shell ..." data-m07-shell="batch6-export" data-workspace-nav="horizontal">
                          <style>
                          <header className="rounded-2x...">
                            <p>
                            <p>
                            <p>
+                           <p className="mt-2 text-xs text-[var(--muted)]" role="status">
-                           <div className="mt-4">
                            ...
                          ...

    at <unknown> (https://react.dev/link/hydration-mismatch)
    at p (<anonymous>)
    at WorkspaceInner (src\modules\m07-staff-pay\StaffPayWorkspace.tsx:114:11)
    at StaffPayWorkspace (src\modules\m07-staff-pay\StaffPayWorkspace.tsx:140:9)
    at StaffPayModule (src\modules\m07-staff-pay\StaffPayModule.tsx:10:10)
    at resolveModuleEntry (src\components\workspaces\ModuleWorkspace.tsx:81:14)
    at ModuleBody (src\components\workspaces\ModuleWorkspace.tsx:122:17)
    at ModuleWorkspace (src\components\workspaces\ModuleWorkspace.tsx:177:11)
    at ModulePage (src\app\(portal)\[module]\page.tsx:78:10)
  112 |         <p className="mt-2 text-xs text-[var(--muted)]">{M07_NON_CERTIFIED_DISCLAIMER}</p>
  113 |         {bootstrap ? (
> 114 |           <p className="mt-2 text-xs text-[var(--muted)]" role="status">
      |           ^
  115 |             Storage bootstrap · schema v9 · v9Ran={String(bootstrap.v9Ran ?? false)}
  116 |           </p>
  117 |         ) : null}
[browser] A tree hydrated but some attributes of the server rendered HTML didn't match the client properties. This won't be patched up. This can happen if a SSR-ed Client Component used:

- A server/client branch `if (typeof window !== 'undefined')`.
- Variable input such as `Date.now()` or `Math.random()` which changes each time it's called.
- Date formatting in a user's locale which doesn't match the server.
- External changing data without sending a snapshot of it along with the HTML.
- Invalid HTML tag nesting.

It can also happen if the client has a browser extension installed which messes with the HTML before React loaded.

https://react.dev/link/hydration-mismatch

  ...
    <HotReload globalError={[...]} webSocket={WebSocket} staticIndicatorState={{pathname:null, ...}}>
      <AppDevOverlayErrorBoundary globalError={[...]}>
        <ReplaySsrOnlyErrors>
        <DevRootHTTPAccessFallbackBoundary>
          <HTTPAccessFallbackBoundary notFound={<NotAllowedRootHTTPFallbackError>}>
            <HTTPAccessFallbackErrorBoundary pathname="/staffpay" notFound={<NotAllowedRootHTTPFallbackError>} ...>
              <RedirectBoundary>
                <RedirectErrorBoundary router={{...}}>
                  <Head>
                  <__next_root_layout_boundary__>
                    <SegmentViewNode type="layout" pagePath="layout.tsx">
                      <SegmentTrieNode>
                      <link>
                      <RootLayout>
                        <html lang="en" className="h-full">
                          <body
+                           className="min-h-full antialiased"
-                           className="min-h-full antialiased theme-dark"
                          >
                  ...
 
[browser] Uncaught Error: Hydration failed because the server rendered HTML didn't match the client. As a result this tree will be regenerated on the client. This can happen if a SSR-ed Client Component used:

- A server/client branch `if (typeof window !== 'undefined')`.
- Variable input such as `Date.now()` or `Math.random()` which changes each time it's called.
- Date formatting in a user's locale which doesn't match the server.
- External changing data without sending a snapshot of it along with the HTML.
- Invalid HTML tag nesting.

It can also happen if the client has a browser extension installed which messes with the HTML before React loaded.

https://react.dev/link/hydration-mismatch

  ...
    <SegmentViewNode type="page" pagePath="(portal)/[...">
      <SegmentTrieNode>
      <ModulePage>
        <ModuleWorkspace module={{id:"staffpay", ...}}>
          <PageHeader>
          ...
            <ModuleBody module={{id:"staffpay", ...}}>
              <StaffPayModule>
                <StaffPayWorkspace>
                  <StaffPayProvider>
                    <Suspense fallback={<div>}>
                      <DeepLinkSync>
                      <WorkspaceInner>
                        <div className="m07-shell ..." data-m07-shell="batch6-export" data-workspace-nav="horizontal">
                          <style>
                          <header className="rounded-2x...">
                            <p>
                            <p>
                            <p>
+                           <p className="mt-2 text-xs text-[var(--muted)]" role="status">
-                           <div className="mt-4">
                            ...
                          ...

    at <unknown> (https://react.dev/link/hydration-mismatch)
    at p (<anonymous>)
    at WorkspaceInner (src\modules\m07-staff-pay\StaffPayWorkspace.tsx:114:11)
    at StaffPayWorkspace (src\modules\m07-staff-pay\StaffPayWorkspace.tsx:140:9)
    at StaffPayModule (src\modules\m07-staff-pay\StaffPayModule.tsx:10:10)
    at resolveModuleEntry (src\components\workspaces\ModuleWorkspace.tsx:81:14)
    at ModuleBody (src\components\workspaces\ModuleWorkspace.tsx:122:17)
    at ModuleWorkspace (src\components\workspaces\ModuleWorkspace.tsx:177:11)
    at ModulePage (src\app\(portal)\[module]\page.tsx:78:10)
  112 |         <p className="mt-2 text-xs text-[var(--muted)]">{M07_NON_CERTIFIED_DISCLAIMER}</p>
  113 |         {bootstrap ? (
> 114 |           <p className="mt-2 text-xs text-[var(--muted)]" role="status">
      |           ^
  115 |             Storage bootstrap · schema v9 · v9Ran={String(bootstrap.v9Ran ?? false)}
  116 |           </p>
  117 |         ) : null}
[browser] Can't perform a React state update on a component that hasn't mounted yet. This indicates that you have a side-effect in your render function that asynchronously tries to update the component. Move this work to useEffect instead. 
[browser] Can't perform a React state update on a component that hasn't mounted yet. This indicates that you have a side-effect in your render function that asynchronously tries to update the component. Move this work to useEffect instead. 
[browser] Uncaught Error: Internal Next.js error: Router action dispatched before initialization.
[browser] Uncaught Error: Hydration failed because the server rendered text didn't match the client. As a result this tree will be regenerated on the client. This can happen if a SSR-ed Client Component used:

- A server/client branch `if (typeof window !== 'undefined')`.
- Variable input such as `Date.now()` or `Math.random()` which changes each time it's called.
- Date formatting in a user's locale which doesn't match the server.
- External changing data without sending a snapshot of it along with the HTML.
- Invalid HTML tag nesting.

It can also happen if the client has a browser extension installed which messes with the HTML before React loaded.

https://react.dev/link/hydration-mismatch

  ...
    <Suspense fallback={<div>}>
      <DeepLinkSync>
        <StaffDoctorsWorkspaceChrome section="overview" onNavigate={function DeepLinkSync.useCallback[navigateSection]}>
          <div className="grid min-w..." data-workspace-nav="horizontal">
            <div>
            <div className="min-w-0">
              <SectionBody section="overview">
                <OverviewSection>
                  <div className="grid gap-4">
                    <div>
                    <div className="grid gap-3...">
                      <button type="button" className="text-left" onClick={function onClick}>
                        <Metric label="Active staff" value={41} icon="users" tone="success">
                          <div className="flex items...">
                            <div>
                              <div>
                              <div className="mt-1 text-[28px] font-extrabold tracking-tight text-[var(--ink)]">
+                               41
-                               0
                            ...
                      ...
                    ...

    at <unknown> (https://react.dev/link/hydration-mismatch)
    at div (<anonymous>)
    at Metric (src\components\ui\Metric.tsx:36:9)
    at OverviewSection (src\modules\m04-staff-doctors\sections\OverviewSection.tsx:31:11)
    at SectionBody (src\modules\m04-staff-doctors\StaffDoctorsWorkspace.tsx:39:14)
    at StaffDoctorsWorkspaceChrome (src\modules\m04-staff-doctors\StaffDoctorsWorkspace.tsx:119:9)
    at DeepLinkSync (src\modules\m04-staff-doctors\StaffDoctorsWorkspace.tsx:88:10)
    at StaffDoctorsWorkspace (src\modules\m04-staff-doctors\StaffDoctorsWorkspace.tsx:135:9)
    at StaffDoctorsModule (src\modules\m04-staff-doctors\StaffDoctorsModule.tsx:10:10)
    at resolveModuleEntry (src\components\workspaces\ModuleWorkspace.tsx:75:14)
    at ModuleBody (src\components\workspaces\ModuleWorkspace.tsx:122:17)
    at ModuleWorkspace (src\components\workspaces\ModuleWorkspace.tsx:177:11)
    at ModulePage (src\app\(portal)\[module]\page.tsx:78:10)
  34 |           {label}
  35 |         </div>
> 36 |         <div className="mt-1 text-[28px] font-extrabold tracking-tight text-[var(--ink)]">
     |         ^
  37 |           {value}
  38 |         </div>
  39 |       </div>
[browser] A tree hydrated but some attributes of the server rendered HTML didn't match the client properties. This won't be patched up. This can happen if a SSR-ed Client Component used:

- A server/client branch `if (typeof window !== 'undefined')`.
- Variable input such as `Date.now()` or `Math.random()` which changes each time it's called.
- Date formatting in a user's locale which doesn't match the server.
- External changing data without sending a snapshot of it along with the HTML.
- Invalid HTML tag nesting.

It can also happen if the client has a browser extension installed which messes with the HTML before React loaded.

https://react.dev/link/hydration-mismatch

  ...
    <HotReload globalError={[...]} webSocket={WebSocket} staticIndicatorState={{pathname:null, ...}}>
      <AppDevOverlayErrorBoundary globalError={[...]}>
        <ReplaySsrOnlyErrors>
        <DevRootHTTPAccessFallbackBoundary>
          <HTTPAccessFallbackBoundary notFound={<NotAllowedRootHTTPFallbackError>}>
            <HTTPAccessFallbackErrorBoundary pathname="/staff-doc..." notFound={<NotAllowedRootHTTPFallbackError>} ...>
              <RedirectBoundary>
                <RedirectErrorBoundary router={{...}}>
                  <Head>
                  <__next_root_layout_boundary__>
                    <SegmentViewNode type="layout" pagePath="layout.tsx">
                      <SegmentTrieNode>
                      <link>
                      <RootLayout>
                        <html lang="en" className="h-full">
                          <body
+                           className="min-h-full antialiased"
-                           className="min-h-full antialiased theme-dark"
                          >
                  ...
 
[browser] Uncaught Error: Hydration failed because the server rendered text didn't match the client. As a result this tree will be regenerated on the client. This can happen if a SSR-ed Client Component used:

- A server/client branch `if (typeof window !== 'undefined')`.
- Variable input such as `Date.now()` or `Math.random()` which changes each time it's called.
- Date formatting in a user's locale which doesn't match the server.
- External changing data without sending a snapshot of it along with the HTML.
- Invalid HTML tag nesting.

It can also happen if the client has a browser extension installed which messes with the HTML before React loaded.

https://react.dev/link/hydration-mismatch

  ...
    <Suspense fallback={<div>}>
      <DeepLinkSync>
        <StaffDoctorsWorkspaceChrome section="overview" onNavigate={function DeepLinkSync.useCallback[navigateSection]}>
          <div className="grid min-w..." data-workspace-nav="horizontal">
            <div>
            <div className="min-w-0">
              <SectionBody section="overview">
                <OverviewSection>
                  <div className="grid gap-4">
                    <div>
                    <div className="grid gap-3...">
                      <button type="button" className="text-left" onClick={function onClick}>
                        <Metric label="Active staff" value={41} icon="users" tone="success">
                          <div className="flex items...">
                            <div>
                              <div>
                              <div className="mt-1 text-[28px] font-extrabold tracking-tight text-[var(--ink)]">
+                               41
-                               0
                            ...
                      ...
                    ...

    at <unknown> (https://react.dev/link/hydration-mismatch)
    at div (<anonymous>)
    at Metric (src\components\ui\Metric.tsx:36:9)
    at OverviewSection (src\modules\m04-staff-doctors\sections\OverviewSection.tsx:31:11)
    at SectionBody (src\modules\m04-staff-doctors\StaffDoctorsWorkspace.tsx:39:14)
    at StaffDoctorsWorkspaceChrome (src\modules\m04-staff-doctors\StaffDoctorsWorkspace.tsx:119:9)
    at DeepLinkSync (src\modules\m04-staff-doctors\StaffDoctorsWorkspace.tsx:88:10)
    at StaffDoctorsWorkspace (src\modules\m04-staff-doctors\StaffDoctorsWorkspace.tsx:135:9)
    at StaffDoctorsModule (src\modules\m04-staff-doctors\StaffDoctorsModule.tsx:10:10)
    at resolveModuleEntry (src\components\workspaces\ModuleWorkspace.tsx:75:14)
    at ModuleBody (src\components\workspaces\ModuleWorkspace.tsx:122:17)
    at ModuleWorkspace (src\components\workspaces\ModuleWorkspace.tsx:177:11)
    at ModulePage (src\app\(portal)\[module]\page.tsx:78:10)
  34 |           {label}
  35 |         </div>
> 36 |         <div className="mt-1 text-[28px] font-extrabold tracking-tight text-[var(--ink)]">
     |         ^
  37 |           {value}
  38 |         </div>
  39 |       </div>
[browser] Uncaught Error: Hydration failed because the server rendered text didn't match the client. As a result this tree will be regenerated on the client. This can happen if a SSR-ed Client Component used:

- A server/client branch `if (typeof window !== 'undefined')`.
- Variable input such as `Date.now()` or `Math.random()` which changes each time it's called.
- Date formatting in a user's locale which doesn't match the server.
- External changing data without sending a snapshot of it along with the HTML.
- Invalid HTML tag nesting.

It can also happen if the client has a browser extension installed which messes with the HTML before React loaded.

https://react.dev/link/hydration-mismatch

  ...
    <Suspense fallback={<div>}>
      <DeepLinkSync>
        <StaffDoctorsWorkspaceChrome section="overview" onNavigate={function DeepLinkSync.useCallback[navigateSection]}>
          <div className="grid min-w..." data-workspace-nav="horizontal">
            <div>
            <div className="min-w-0">
              <SectionBody section="overview">
                <OverviewSection>
                  <div className="grid gap-4">
                    <div>
                    <div className="grid gap-3...">
                      <button type="button" className="text-left" onClick={function onClick}>
                        <Metric label="Active staff" value={41} icon="users" tone="success">
                          <div className="flex items...">
                            <div>
                              <div>
                              <div className="mt-1 text-[28px] font-extrabold tracking-tight text-[var(--ink)]">
+                               41
-                               0
                            ...
                      ...
                    ...

    at <unknown> (https://react.dev/link/hydration-mismatch)
    at div (<anonymous>)
    at Metric (src\components\ui\Metric.tsx:36:9)
    at OverviewSection (src\modules\m04-staff-doctors\sections\OverviewSection.tsx:31:11)
    at SectionBody (src\modules\m04-staff-doctors\StaffDoctorsWorkspace.tsx:39:14)
    at StaffDoctorsWorkspaceChrome (src\modules\m04-staff-doctors\StaffDoctorsWorkspace.tsx:119:9)
    at DeepLinkSync (src\modules\m04-staff-doctors\StaffDoctorsWorkspace.tsx:88:10)
    at StaffDoctorsWorkspace (src\modules\m04-staff-doctors\StaffDoctorsWorkspace.tsx:135:9)
    at StaffDoctorsModule (src\modules\m04-staff-doctors\StaffDoctorsModule.tsx:10:10)
    at resolveModuleEntry (src\components\workspaces\ModuleWorkspace.tsx:75:14)
    at ModuleBody (src\components\workspaces\ModuleWorkspace.tsx:122:17)
    at ModuleWorkspace (src\components\workspaces\ModuleWorkspace.tsx:177:11)
    at ModulePage (src\app\(portal)\[module]\page.tsx:78:10)
  34 |           {label}
  35 |         </div>
> 36 |         <div className="mt-1 text-[28px] font-extrabold tracking-tight text-[var(--ink)]">
     |         ^
  37 |           {value}
  38 |         </div>
  39 |       </div>
[browser] Can't perform a React state update on a component that hasn't mounted yet. This indicates that you have a side-effect in your render function that asynchronously tries to update the component. Move this work to useEffect instead. 
[browser] Uncaught Error: Internal Next.js error: Router action dispatched before initialization.
[browser] A tree hydrated but some attributes of the server rendered HTML didn't match the client properties. This won't be patched up. This can happen if a SSR-ed Client Component used:

- A server/client branch `if (typeof window !== 'undefined')`.
- Variable input such as `Date.now()` or `Math.random()` which changes each time it's called.
- Date formatting in a user's locale which doesn't match the server.
- External changing data without sending a snapshot of it along with the HTML.
- Invalid HTML tag nesting.

It can also happen if the client has a browser extension installed which messes with the HTML before React loaded.

https://react.dev/link/hydration-mismatch

  ...
    <HotReload globalError={[...]} webSocket={WebSocket} staticIndicatorState={{pathname:null, ...}}>
      <AppDevOverlayErrorBoundary globalError={[...]}>
        <ReplaySsrOnlyErrors>
        <DevRootHTTPAccessFallbackBoundary>
          <HTTPAccessFallbackBoundary notFound={<NotAllowedRootHTTPFallbackError>}>
            <HTTPAccessFallbackErrorBoundary pathname="/roster" notFound={<NotAllowedRootHTTPFallbackError>} ...>
              <RedirectBoundary>
                <RedirectErrorBoundary router={{...}}>
                  <Head>
                  <__next_root_layout_boundary__>
                    <SegmentViewNode type="layout" pagePath="layout.tsx">
                      <SegmentTrieNode>
                      <link>
                      <RootLayout>
                        <html lang="en" className="h-full">
                          <body
+                           className="min-h-full antialiased"
-                           className="min-h-full antialiased theme-dark"
                          >
                  ...
 
[browser] Uncaught Error: Hydration failed because the server rendered HTML didn't match the client. As a result this tree will be regenerated on the client. This can happen if a SSR-ed Client Component used:

- A server/client branch `if (typeof window !== 'undefined')`.
- Variable input such as `Date.now()` or `Math.random()` which changes each time it's called.
- Date formatting in a user's locale which doesn't match the server.
- External changing data without sending a snapshot of it along with the HTML.
- Invalid HTML tag nesting.

It can also happen if the client has a browser extension installed which messes with the HTML before React loaded.

https://react.dev/link/hydration-mismatch

  ...
    <RosterModule>
      <RosterWorkspace>
        <RosterProvider>
          <Suspense fallback={<div>}>
            <DeepLinkSync>
              <RosterWorkspaceChrome section="roster-board" ...>
                <div className="grid min-w..." data-workspace-nav="horizontal">
                  <div>
                  <div className="min-w-0">
                    <SectionBody section="roster-board">
                      <RosterBoardSection>
                        <SectionFrame sectionId="roster-board" title="Roster Board">
                          <div className="grid gap-4" data-testid="m05-sectio..." data-m05-section="roster-board" ...>
                            <div>
                            <OfflineState>
                            <div
-                             data-ux-state="offline"
-                             data-testid="m05-ux-offline"
                            >
+                             <p className="m-0 mt-1 text-sm text-[var(--muted)]">
-                             <div
-                               className="rounded-[var(--radius)] border border-[var(--v34-card-line)] bg-[var(--card..."
-                             >
                            ...

    at <unknown> (https://react.dev/link/hydration-mismatch)
    at p (<anonymous>)
    at RosterBoardSection (src\modules\m05-roster\sections\RosterBoardSection.tsx:330:9)
    at SectionBody (src\modules\m05-roster\RosterWorkspace.tsx:48:14)
    at RosterWorkspaceChrome (src\modules\m05-roster\RosterWorkspace.tsx:232:11)
    at DeepLinkSync (src\modules\m05-roster\RosterWorkspace.tsx:167:10)
    at RosterWorkspace (src\modules\m05-roster\RosterWorkspace.tsx:259:9)
    at RosterModule (src\modules\m05-roster\RosterModule.tsx:9:10)
    at resolveModuleEntry (src\components\workspaces\ModuleWorkspace.tsx:77:14)
    at ModuleBody (src\components\workspaces\ModuleWorkspace.tsx:122:17)
    at ModuleWorkspace (src\components\workspaces\ModuleWorkspace.tsx:177:11)
    at ModulePage (src\app\(portal)\[module]\page.tsx:78:10)
  328 |       <OfflineState />
  329 |       <div>
> 330 |         <p className="m-0 mt-1 text-sm text-[var(--muted)]">
      |         ^
  331 |           Build weekly rosters — periods, shifts and assignments. Every assignment runs
  332 |           authoritative M04/platform eligibility.
  333 |         </p>
[browser] Uncaught Error: Hydration failed because the server rendered HTML didn't match the client. As a result this tree will be regenerated on the client. This can happen if a SSR-ed Client Component used:

- A server/client branch `if (typeof window !== 'undefined')`.
- Variable input such as `Date.now()` or `Math.random()` which changes each time it's called.
- Date formatting in a user's locale which doesn't match the server.
- External changing data without sending a snapshot of it along with the HTML.
- Invalid HTML tag nesting.

It can also happen if the client has a browser extension installed which messes with the HTML before React loaded.

https://react.dev/link/hydration-mismatch

  ...
    <RosterModule>
      <RosterWorkspace>
        <RosterProvider>
          <Suspense fallback={<div>}>
            <DeepLinkSync>
              <RosterWorkspaceChrome section="roster-board" ...>
                <div className="grid min-w..." data-workspace-nav="horizontal">
                  <div>
                  <div className="min-w-0">
                    <SectionBody section="roster-board">
                      <RosterBoardSection>
                        <SectionFrame sectionId="roster-board" title="Roster Board">
                          <div className="grid gap-4" data-testid="m05-sectio..." data-m05-section="roster-board" ...>
                            <div>
                            <OfflineState>
                            <div
-                             data-ux-state="offline"
-                             data-testid="m05-ux-offline"
                            >
+                             <p className="m-0 mt-1 text-sm text-[var(--muted)]">
-                             <div
-                               className="rounded-[var(--radius)] border border-[var(--v34-card-line)] bg-[var(--card..."
-                             >
                            ...

    at <unknown> (https://react.dev/link/hydration-mismatch)
    at p (<anonymous>)
    at RosterBoardSection (src\modules\m05-roster\sections\RosterBoardSection.tsx:330:9)
    at SectionBody (src\modules\m05-roster\RosterWorkspace.tsx:48:14)
    at RosterWorkspaceChrome (src\modules\m05-roster\RosterWorkspace.tsx:232:11)
    at DeepLinkSync (src\modules\m05-roster\RosterWorkspace.tsx:167:10)
    at RosterWorkspace (src\modules\m05-roster\RosterWorkspace.tsx:259:9)
    at RosterModule (src\modules\m05-roster\RosterModule.tsx:9:10)
    at resolveModuleEntry (src\components\workspaces\ModuleWorkspace.tsx:77:14)
    at ModuleBody (src\components\workspaces\ModuleWorkspace.tsx:122:17)
    at ModuleWorkspace (src\components\workspaces\ModuleWorkspace.tsx:177:11)
    at ModulePage (src\app\(portal)\[module]\page.tsx:78:10)
  328 |       <OfflineState />
  329 |       <div>
> 330 |         <p className="m-0 mt-1 text-sm text-[var(--muted)]">
      |         ^
  331 |           Build weekly rosters — periods, shifts and assignments. Every assignment runs
  332 |           authoritative M04/platform eligibility.
  333 |         </p>
[browser] Uncaught Error: Hydration failed because the server rendered HTML didn't match the client. As a result this tree will be regenerated on the client. This can happen if a SSR-ed Client Component used:

- A server/client branch `if (typeof window !== 'undefined')`.
- Variable input such as `Date.now()` or `Math.random()` which changes each time it's called.
- Date formatting in a user's locale which doesn't match the server.
- External changing data without sending a snapshot of it along with the HTML.
- Invalid HTML tag nesting.

It can also happen if the client has a browser extension installed which messes with the HTML before React loaded.

https://react.dev/link/hydration-mismatch

  ...
    <RosterModule>
      <RosterWorkspace>
        <RosterProvider>
          <Suspense fallback={<div>}>
            <DeepLinkSync>
              <RosterWorkspaceChrome section="roster-board" ...>
                <div className="grid min-w..." data-workspace-nav="horizontal">
                  <div>
                  <div className="min-w-0">
                    <SectionBody section="roster-board">
                      <RosterBoardSection>
                        <SectionFrame sectionId="roster-board" title="Roster Board">
                          <div className="grid gap-4" data-testid="m05-sectio..." data-m05-section="roster-board" ...>
                            <div>
                            <OfflineState>
                            <div
-                             data-ux-state="offline"
-                             data-testid="m05-ux-offline"
                            >
+                             <p className="m-0 mt-1 text-sm text-[var(--muted)]">
-                             <div
-                               className="rounded-[var(--radius)] border border-[var(--v34-card-line)] bg-[var(--card..."
-                             >
                            ...

    at <unknown> (https://react.dev/link/hydration-mismatch)
    at p (<anonymous>)
    at RosterBoardSection (src\modules\m05-roster\sections\RosterBoardSection.tsx:330:9)
    at SectionBody (src\modules\m05-roster\RosterWorkspace.tsx:48:14)
    at RosterWorkspaceChrome (src\modules\m05-roster\RosterWorkspace.tsx:232:11)
    at DeepLinkSync (src\modules\m05-roster\RosterWorkspace.tsx:167:10)
    at RosterWorkspace (src\modules\m05-roster\RosterWorkspace.tsx:259:9)
    at RosterModule (src\modules\m05-roster\RosterModule.tsx:9:10)
    at resolveModuleEntry (src\components\workspaces\ModuleWorkspace.tsx:77:14)
    at ModuleBody (src\components\workspaces\ModuleWorkspace.tsx:122:17)
    at ModuleWorkspace (src\components\workspaces\ModuleWorkspace.tsx:177:11)
    at ModulePage (src\app\(portal)\[module]\page.tsx:78:10)
  328 |       <OfflineState />
  329 |       <div>
> 330 |         <p className="m-0 mt-1 text-sm text-[var(--muted)]">
      |         ^
  331 |           Build weekly rosters — periods, shifts and assignments. Every assignment runs
  332 |           authoritative M04/platform eligibility.
  333 |         </p>
[browser] A tree hydrated but some attributes of the server rendered HTML didn't match the client properties. This won't be patched up. This can happen if a SSR-ed Client Component used:

- A server/client branch `if (typeof window !== 'undefined')`.
- Variable input such as `Date.now()` or `Math.random()` which changes each time it's called.
- Date formatting in a user's locale which doesn't match the server.
- External changing data without sending a snapshot of it along with the HTML.
- Invalid HTML tag nesting.

It can also happen if the client has a browser extension installed which messes with the HTML before React loaded.

https://react.dev/link/hydration-mismatch

  ...
    <HotReload globalError={[...]} webSocket={WebSocket} staticIndicatorState={{pathname:null, ...}}>
      <AppDevOverlayErrorBoundary globalError={[...]}>
        <ReplaySsrOnlyErrors>
        <DevRootHTTPAccessFallbackBoundary>
          <HTTPAccessFallbackBoundary notFound={<NotAllowedRootHTTPFallbackError>}>
            <HTTPAccessFallbackErrorBoundary pathname="/roster" notFound={<NotAllowedRootHTTPFallbackError>} ...>
              <RedirectBoundary>
                <RedirectErrorBoundary router={{...}}>
                  <Head>
                  <__next_root_layout_boundary__>
                    <SegmentViewNode type="layout" pagePath="layout.tsx">
                      <SegmentTrieNode>
                      <link>
                      <RootLayout>
                        <html lang="en" className="h-full">
                          <body
+                           className="min-h-full antialiased"
-                           className="min-h-full antialiased theme-dark"
                          >
                  ...
 
[browser] Uncaught Error: Hydration failed because the server rendered HTML didn't match the client. As a result this tree will be regenerated on the client. This can happen if a SSR-ed Client Component used:

- A server/client branch `if (typeof window !== 'undefined')`.
- Variable input such as `Date.now()` or `Math.random()` which changes each time it's called.
- Date formatting in a user's locale which doesn't match the server.
- External changing data without sending a snapshot of it along with the HTML.
- Invalid HTML tag nesting.

It can also happen if the client has a browser extension installed which messes with the HTML before React loaded.

https://react.dev/link/hydration-mismatch

  ...
    <RosterModule>
      <RosterWorkspace>
        <RosterProvider>
          <Suspense fallback={<div>}>
            <DeepLinkSync>
              <RosterWorkspaceChrome section="roster-board" ...>
                <div className="grid min-w..." data-workspace-nav="horizontal">
                  <div>
                  <div className="min-w-0">
                    <SectionBody section="roster-board">
                      <RosterBoardSection>
                        <SectionFrame sectionId="roster-board" title="Roster Board">
                          <div className="grid gap-4" data-testid="m05-sectio..." data-m05-section="roster-board" ...>
                            <div>
                            <OfflineState>
                            <div
-                             data-ux-state="offline"
-                             data-testid="m05-ux-offline"
                            >
+                             <p className="m-0 mt-1 text-sm text-[var(--muted)]">
-                             <div
-                               className="rounded-[var(--radius)] border border-[var(--v34-card-line)] bg-[var(--card..."
-                             >
                            ...

    at <unknown> (https://react.dev/link/hydration-mismatch)
    at p (<anonymous>)
    at RosterBoardSection (src\modules\m05-roster\sections\RosterBoardSection.tsx:330:9)
    at SectionBody (src\modules\m05-roster\RosterWorkspace.tsx:48:14)
    at RosterWorkspaceChrome (src\modules\m05-roster\RosterWorkspace.tsx:232:11)
    at DeepLinkSync (src\modules\m05-roster\RosterWorkspace.tsx:167:10)
    at RosterWorkspace (src\modules\m05-roster\RosterWorkspace.tsx:259:9)
    at RosterModule (src\modules\m05-roster\RosterModule.tsx:9:10)
    at resolveModuleEntry (src\components\workspaces\ModuleWorkspace.tsx:77:14)
    at ModuleBody (src\components\workspaces\ModuleWorkspace.tsx:122:17)
    at ModuleWorkspace (src\components\workspaces\ModuleWorkspace.tsx:177:11)
    at ModulePage (src\app\(portal)\[module]\page.tsx:78:10)
  328 |       <OfflineState />
  329 |       <div>
> 330 |         <p className="m-0 mt-1 text-sm text-[var(--muted)]">
      |         ^
  331 |           Build weekly rosters — periods, shifts and assignments. Every assignment runs
  332 |           authoritative M04/platform eligibility.
  333 |         </p>
[browser] A tree hydrated but some attributes of the server rendered HTML didn't match the client properties. This won't be patched up. This can happen if a SSR-ed Client Component used:

- A server/client branch `if (typeof window !== 'undefined')`.
- Variable input such as `Date.now()` or `Math.random()` which changes each time it's called.
- Date formatting in a user's locale which doesn't match the server.
- External changing data without sending a snapshot of it along with the HTML.
- Invalid HTML tag nesting.

It can also happen if the client has a browser extension installed which messes with the HTML before React loaded.

https://react.dev/link/hydration-mismatch

  ...
    <HotReload globalError={[...]} webSocket={WebSocket} staticIndicatorState={{pathname:null, ...}}>
      <AppDevOverlayErrorBoundary globalError={[...]}>
        <ReplaySsrOnlyErrors>
        <DevRootHTTPAccessFallbackBoundary>
          <HTTPAccessFallbackBoundary notFound={<NotAllowedRootHTTPFallbackError>}>
            <HTTPAccessFallbackErrorBoundary pathname="/roster" notFound={<NotAllowedRootHTTPFallbackError>} ...>
              <RedirectBoundary>
                <RedirectErrorBoundary router={{...}}>
                  <Head>
                  <__next_root_layout_boundary__>
                    <SegmentViewNode type="layout" pagePath="layout.tsx">
                      <SegmentTrieNode>
                      <link>
                      <RootLayout>
                        <html lang="en" className="h-full">
                          <body
+                           className="min-h-full antialiased"
-                           className="min-h-full antialiased theme-dark"
                          >
                  ...
 
[browser] Uncaught Error: Hydration failed because the server rendered HTML didn't match the client. As a result this tree will be regenerated on the client. This can happen if a SSR-ed Client Component used:

- A server/client branch `if (typeof window !== 'undefined')`.
- Variable input such as `Date.now()` or `Math.random()` which changes each time it's called.
- Date formatting in a user's locale which doesn't match the server.
- External changing data without sending a snapshot of it along with the HTML.
- Invalid HTML tag nesting.

It can also happen if the client has a browser extension installed which messes with the HTML before React loaded.

https://react.dev/link/hydration-mismatch

  ...
    <RosterModule>
      <RosterWorkspace>
        <RosterProvider>
          <Suspense fallback={<div>}>
            <DeepLinkSync>
              <RosterWorkspaceChrome section="roster-board" ...>
                <div className="grid min-w..." data-workspace-nav="horizontal">
                  <div>
                  <div className="min-w-0">
                    <SectionBody section="roster-board">
                      <RosterBoardSection>
                        <SectionFrame sectionId="roster-board" title="Roster Board">
                          <div className="grid gap-4" data-testid="m05-sectio..." data-m05-section="roster-board" ...>
                            <div>
                            <OfflineState>
                            <div
-                             data-ux-state="offline"
-                             data-testid="m05-ux-offline"
                            >
+                             <p className="m-0 mt-1 text-sm text-[var(--muted)]">
-                             <div
-                               className="rounded-[var(--radius)] border border-[var(--v34-card-line)] bg-[var(--card..."
-                             >
                            ...

    at <unknown> (https://react.dev/link/hydration-mismatch)
    at p (<anonymous>)
    at RosterBoardSection (src\modules\m05-roster\sections\RosterBoardSection.tsx:330:9)
    at SectionBody (src\modules\m05-roster\RosterWorkspace.tsx:48:14)
    at RosterWorkspaceChrome (src\modules\m05-roster\RosterWorkspace.tsx:232:11)
    at DeepLinkSync (src\modules\m05-roster\RosterWorkspace.tsx:167:10)
    at RosterWorkspace (src\modules\m05-roster\RosterWorkspace.tsx:259:9)
    at RosterModule (src\modules\m05-roster\RosterModule.tsx:9:10)
    at resolveModuleEntry (src\components\workspaces\ModuleWorkspace.tsx:77:14)
    at ModuleBody (src\components\workspaces\ModuleWorkspace.tsx:122:17)
    at ModuleWorkspace (src\components\workspaces\ModuleWorkspace.tsx:177:11)
    at ModulePage (src\app\(portal)\[module]\page.tsx:78:10)
  328 |       <OfflineState />
  329 |       <div>
> 330 |         <p className="m-0 mt-1 text-sm text-[var(--muted)]">
      |         ^
  331 |           Build weekly rosters — periods, shifts and assignments. Every assignment runs
  332 |           authoritative M04/platform eligibility.
  333 |         </p>
[browser] Uncaught Error: Hydration failed because the server rendered HTML didn't match the client. As a result this tree will be regenerated on the client. This can happen if a SSR-ed Client Component used:

- A server/client branch `if (typeof window !== 'undefined')`.
- Variable input such as `Date.now()` or `Math.random()` which changes each time it's called.
- Date formatting in a user's locale which doesn't match the server.
- External changing data without sending a snapshot of it along with the HTML.
- Invalid HTML tag nesting.

It can also happen if the client has a browser extension installed which messes with the HTML before React loaded.

https://react.dev/link/hydration-mismatch

  ...
    <RosterModule>
      <RosterWorkspace>
        <RosterProvider>
          <Suspense fallback={<div>}>
            <DeepLinkSync>
              <RosterWorkspaceChrome section="roster-board" ...>
                <div className="grid min-w..." data-workspace-nav="horizontal">
                  <div>
                  <div className="min-w-0">
                    <SectionBody section="roster-board">
                      <RosterBoardSection>
                        <SectionFrame sectionId="roster-board" title="Roster Board">
                          <div className="grid gap-4" data-testid="m05-sectio..." data-m05-section="roster-board" ...>
                            <div>
                            <OfflineState>
                            <div
-                             data-ux-state="offline"
-                             data-testid="m05-ux-offline"
                            >
+                             <p className="m-0 mt-1 text-sm text-[var(--muted)]">
-                             <div
-                               className="rounded-[var(--radius)] border border-[var(--v34-card-line)] bg-[var(--card..."
-                             >
                            ...

    at <unknown> (https://react.dev/link/hydration-mismatch)
    at p (<anonymous>)
    at RosterBoardSection (src\modules\m05-roster\sections\RosterBoardSection.tsx:330:9)
    at SectionBody (src\modules\m05-roster\RosterWorkspace.tsx:48:14)
    at RosterWorkspaceChrome (src\modules\m05-roster\RosterWorkspace.tsx:232:11)
    at DeepLinkSync (src\modules\m05-roster\RosterWorkspace.tsx:167:10)
    at RosterWorkspace (src\modules\m05-roster\RosterWorkspace.tsx:259:9)
    at RosterModule (src\modules\m05-roster\RosterModule.tsx:9:10)
    at resolveModuleEntry (src\components\workspaces\ModuleWorkspace.tsx:77:14)
    at ModuleBody (src\components\workspaces\ModuleWorkspace.tsx:122:17)
    at ModuleWorkspace (src\components\workspaces\ModuleWorkspace.tsx:177:11)
    at ModulePage (src\app\(portal)\[module]\page.tsx:78:10)
  328 |       <OfflineState />
  329 |       <div>
> 330 |         <p className="m-0 mt-1 text-sm text-[var(--muted)]">
      |         ^
  331 |           Build weekly rosters — periods, shifts and assignments. Every assignment runs
  332 |           authoritative M04/platform eligibility.
  333 |         </p>
⚠ Fast Refresh had to perform a full reload. Read more: https://nextjs.org/docs/messages/fast-refresh-reload
[browser] A tree hydrated but some attributes of the server rendered HTML didn't match the client properties. This won't be patched up. This can happen if a SSR-ed Client Component used:

- A server/client branch `if (typeof window !== 'undefined')`.
- Variable input such as `Date.now()` or `Math.random()` which changes each time it's called.
- Date formatting in a user's locale which doesn't match the server.
- External changing data without sending a snapshot of it along with the HTML.
- Invalid HTML tag nesting.

It can also happen if the client has a browser extension installed which messes with the HTML before React loaded.

https://react.dev/link/hydration-mismatch

  ...
    <HotReload globalError={[...]} webSocket={WebSocket} staticIndicatorState={{pathname:null, ...}}>
      <AppDevOverlayErrorBoundary globalError={[...]}>
        <ReplaySsrOnlyErrors>
        <DevRootHTTPAccessFallbackBoundary>
          <HTTPAccessFallbackBoundary notFound={<NotAllowedRootHTTPFallbackError>}>
            <HTTPAccessFallbackErrorBoundary pathname="/time-atte..." notFound={<NotAllowedRootHTTPFallbackError>} ...>
              <RedirectBoundary>
                <RedirectErrorBoundary router={{...}}>
                  <Head>
                  <__next_root_layout_boundary__>
                    <SegmentViewNode type="layout" pagePath="layout.tsx">
                      <SegmentTrieNode>
                      <link>
                      <RootLayout>
                        <html lang="en" className="h-full">
                          <body
+                           className="min-h-full antialiased"
-                           className="min-h-full antialiased theme-dark"
                          >
                  ...
 
[browser] A tree hydrated but some attributes of the server rendered HTML didn't match the client properties. This won't be patched up. This can happen if a SSR-ed Client Component used:

- A server/client branch `if (typeof window !== 'undefined')`.
- Variable input such as `Date.now()` or `Math.random()` which changes each time it's called.
- Date formatting in a user's locale which doesn't match the server.
- External changing data without sending a snapshot of it along with the HTML.
- Invalid HTML tag nesting.

It can also happen if the client has a browser extension installed which messes with the HTML before React loaded.

https://react.dev/link/hydration-mismatch

  ...
    <HotReload globalError={[...]} webSocket={WebSocket} staticIndicatorState={{pathname:null, ...}}>
      <AppDevOverlayErrorBoundary globalError={[...]}>
        <ReplaySsrOnlyErrors>
        <DevRootHTTPAccessFallbackBoundary>
          <HTTPAccessFallbackBoundary notFound={<NotAllowedRootHTTPFallbackError>}>
            <HTTPAccessFallbackErrorBoundary pathname="/time-atte..." notFound={<NotAllowedRootHTTPFallbackError>} ...>
              <RedirectBoundary>
                <RedirectErrorBoundary router={{...}}>
                  <Head>
                  <__next_root_layout_boundary__>
                    <SegmentViewNode type="layout" pagePath="layout.tsx">
                      <SegmentTrieNode>
                      <link>
                      <RootLayout>
                        <html lang="en" className="h-full">
                          <body
+                           className="min-h-full antialiased"
-                           className="min-h-full antialiased theme-dark"
                          >
                  ...
 
⚠ Fast Refresh had to perform a full reload. Read more: https://nextjs.org/docs/messages/fast-refresh-reload
[browser] A tree hydrated but some attributes of the server rendered HTML didn't match the client properties. This won't be patched up. This can happen if a SSR-ed Client Component used:

- A server/client branch `if (typeof window !== 'undefined')`.
- Variable input such as `Date.now()` or `Math.random()` which changes each time it's called.
- Date formatting in a user's locale which doesn't match the server.
- External changing data without sending a snapshot of it along with the HTML.
- Invalid HTML tag nesting.

It can also happen if the client has a browser extension installed which messes with the HTML before React loaded.

https://react.dev/link/hydration-mismatch

  ...
    <HotReload globalError={[...]} webSocket={WebSocket} staticIndicatorState={{pathname:null, ...}}>
      <AppDevOverlayErrorBoundary globalError={[...]}>
        <ReplaySsrOnlyErrors>
        <DevRootHTTPAccessFallbackBoundary>
          <HTTPAccessFallbackBoundary notFound={<NotAllowedRootHTTPFallbackError>}>
            <HTTPAccessFallbackErrorBoundary pathname="/time-atte..." notFound={<NotAllowedRootHTTPFallbackError>} ...>
              <RedirectBoundary>
                <RedirectErrorBoundary router={{...}}>
                  <Head>
                  <__next_root_layout_boundary__>
                    <SegmentViewNode type="layout" pagePath="layout.tsx">
                      <SegmentTrieNode>
                      <link>
                      <RootLayout>
                        <html lang="en" className="h-full">
                          <body
+                           className="min-h-full antialiased"
-                           className="min-h-full antialiased theme-dark"
                          >
                  ...
 
[browser] Uncaught Error: Hydration failed because the server rendered HTML didn't match the client. As a result this tree will be regenerated on the client. This can happen if a SSR-ed Client Component used:

- A server/client branch `if (typeof window !== 'undefined')`.
- Variable input such as `Date.now()` or `Math.random()` which changes each time it's called.
- Date formatting in a user's locale which doesn't match the server.
- External changing data without sending a snapshot of it along with the HTML.
- Invalid HTML tag nesting.

It can also happen if the client has a browser extension installed which messes with the HTML before React loaded.

https://react.dev/link/hydration-mismatch

  ...
    <SegmentViewNode type="page" pagePath="(portal)/[...">
      <SegmentTrieNode>
      <ModulePage>
        <ModuleWorkspace module={{id:"staffpay", ...}}>
          <PageHeader>
          ...
            <ModuleBody module={{id:"staffpay", ...}}>
              <StaffPayModule>
                <StaffPayWorkspace>
                  <StaffPayProvider>
                    <Suspense fallback={<div>}>
                      <DeepLinkSync>
                      <WorkspaceInner>
                        <div className="m07-shell ..." data-m07-shell="batch6-export" data-workspace-nav="horizontal">
                          <style>
                          <header className="rounded-2x...">
                            <p>
                            <p>
                            <p>
+                           <p className="mt-2 text-xs text-[var(--muted)]" role="status">
-                           <div className="mt-4">
                            ...
                          ...

    at <unknown> (https://react.dev/link/hydration-mismatch)
    at p (<anonymous>)
    at WorkspaceInner (src\modules\m07-staff-pay\StaffPayWorkspace.tsx:114:11)
    at StaffPayWorkspace (src\modules\m07-staff-pay\StaffPayWorkspace.tsx:140:9)
    at StaffPayModule (src\modules\m07-staff-pay\StaffPayModule.tsx:10:10)
    at resolveModuleEntry (src\components\workspaces\ModuleWorkspace.tsx:81:14)
    at ModuleBody (src\components\workspaces\ModuleWorkspace.tsx:122:17)
    at ModuleWorkspace (src\components\workspaces\ModuleWorkspace.tsx:177:11)
    at ModulePage (src\app\(portal)\[module]\page.tsx:78:10)
  112 |         <p className="mt-2 text-xs text-[var(--muted)]">{M07_NON_CERTIFIED_DISCLAIMER}</p>
  113 |         {bootstrap ? (
> 114 |           <p className="mt-2 text-xs text-[var(--muted)]" role="status">
      |           ^
  115 |             Storage bootstrap · schema v9 · v9Ran={String(bootstrap.v9Ran ?? false)}
  116 |           </p>
  117 |         ) : null}
[browser] Uncaught Error: Hydration failed because the server rendered HTML didn't match the client. As a result this tree will be regenerated on the client. This can happen if a SSR-ed Client Component used:

- A server/client branch `if (typeof window !== 'undefined')`.
- Variable input such as `Date.now()` or `Math.random()` which changes each time it's called.
- Date formatting in a user's locale which doesn't match the server.
- External changing data without sending a snapshot of it along with the HTML.
- Invalid HTML tag nesting.

It can also happen if the client has a browser extension installed which messes with the HTML before React loaded.

https://react.dev/link/hydration-mismatch

  ...
    <SegmentViewNode type="page" pagePath="(portal)/[...">
      <SegmentTrieNode>
      <ModulePage>
        <ModuleWorkspace module={{id:"staffpay", ...}}>
          <PageHeader>
          ...
            <ModuleBody module={{id:"staffpay", ...}}>
              <StaffPayModule>
                <StaffPayWorkspace>
                  <StaffPayProvider>
                    <Suspense fallback={<div>}>
                      <DeepLinkSync>
                      <WorkspaceInner>
                        <div className="m07-shell ..." data-m07-shell="batch6-export" data-workspace-nav="horizontal">
                          <style>
                          <header className="rounded-2x...">
                            <p>
                            <p>
                            <p>
+                           <p className="mt-2 text-xs text-[var(--muted)]" role="status">
-                           <div className="mt-4">
                            ...
                          ...

    at <unknown> (https://react.dev/link/hydration-mismatch)
    at p (<anonymous>)
    at WorkspaceInner (src\modules\m07-staff-pay\StaffPayWorkspace.tsx:114:11)
    at StaffPayWorkspace (src\modules\m07-staff-pay\StaffPayWorkspace.tsx:140:9)
    at StaffPayModule (src\modules\m07-staff-pay\StaffPayModule.tsx:10:10)
    at resolveModuleEntry (src\components\workspaces\ModuleWorkspace.tsx:81:14)
    at ModuleBody (src\components\workspaces\ModuleWorkspace.tsx:122:17)
    at ModuleWorkspace (src\components\workspaces\ModuleWorkspace.tsx:177:11)
    at ModulePage (src\app\(portal)\[module]\page.tsx:78:10)
  112 |         <p className="mt-2 text-xs text-[var(--muted)]">{M07_NON_CERTIFIED_DISCLAIMER}</p>
  113 |         {bootstrap ? (
> 114 |           <p className="mt-2 text-xs text-[var(--muted)]" role="status">
      |           ^
  115 |             Storage bootstrap · schema v9 · v9Ran={String(bootstrap.v9Ran ?? false)}
  116 |           </p>
  117 |         ) : null}
[browser] A tree hydrated but some attributes of the server rendered HTML didn't match the client properties. This won't be patched up. This can happen if a SSR-ed Client Component used:

- A server/client branch `if (typeof window !== 'undefined')`.
- Variable input such as `Date.now()` or `Math.random()` which changes each time it's called.
- Date formatting in a user's locale which doesn't match the server.
- External changing data without sending a snapshot of it along with the HTML.
- Invalid HTML tag nesting.

It can also happen if the client has a browser extension installed which messes with the HTML before React loaded.

https://react.dev/link/hydration-mismatch

  ...
    <HotReload globalError={[...]} webSocket={WebSocket} staticIndicatorState={{pathname:null, ...}}>
      <AppDevOverlayErrorBoundary globalError={[...]}>
        <ReplaySsrOnlyErrors>
        <DevRootHTTPAccessFallbackBoundary>
          <HTTPAccessFallbackBoundary notFound={<NotAllowedRootHTTPFallbackError>}>
            <HTTPAccessFallbackErrorBoundary pathname="/staffpay" notFound={<NotAllowedRootHTTPFallbackError>} ...>
              <RedirectBoundary>
                <RedirectErrorBoundary router={{...}}>
                  <Head>
                  <__next_root_layout_boundary__>
                    <SegmentViewNode type="layout" pagePath="layout.tsx">
                      <SegmentTrieNode>
                      <link>
                      <RootLayout>
                        <html lang="en" className="h-full">
                          <body
+                           className="min-h-full antialiased"
-                           className="min-h-full antialiased theme-dark"
                          >
                  ...
 
[browser] Uncaught Error: Hydration failed because the server rendered HTML didn't match the client. As a result this tree will be regenerated on the client. This can happen if a SSR-ed Client Component used:

- A server/client branch `if (typeof window !== 'undefined')`.
- Variable input such as `Date.now()` or `Math.random()` which changes each time it's called.
- Date formatting in a user's locale which doesn't match the server.
- External changing data without sending a snapshot of it along with the HTML.
- Invalid HTML tag nesting.

It can also happen if the client has a browser extension installed which messes with the HTML before React loaded.

https://react.dev/link/hydration-mismatch

  ...
    <SegmentViewNode type="page" pagePath="(portal)/[...">
      <SegmentTrieNode>
      <ModulePage>
        <ModuleWorkspace module={{id:"staffpay", ...}}>
          <PageHeader>
          ...
            <ModuleBody module={{id:"staffpay", ...}}>
              <StaffPayModule>
                <StaffPayWorkspace>
                  <StaffPayProvider>
                    <Suspense fallback={<div>}>
                      <DeepLinkSync>
                      <WorkspaceInner>
                        <div className="m07-shell ..." data-m07-shell="batch6-export" data-workspace-nav="horizontal">
                          <style>
                          <header className="rounded-2x...">
                            <p>
                            <p>
                            <p>
+                           <p className="mt-2 text-xs text-[var(--muted)]" role="status">
-                           <div className="mt-4">
                            ...
                          ...

    at <unknown> (https://react.dev/link/hydration-mismatch)
    at p (<anonymous>)
    at WorkspaceInner (src\modules\m07-staff-pay\StaffPayWorkspace.tsx:114:11)
    at StaffPayWorkspace (src\modules\m07-staff-pay\StaffPayWorkspace.tsx:140:9)
    at StaffPayModule (src\modules\m07-staff-pay\StaffPayModule.tsx:10:10)
    at resolveModuleEntry (src\components\workspaces\ModuleWorkspace.tsx:81:14)
    at ModuleBody (src\components\workspaces\ModuleWorkspace.tsx:122:17)
    at ModuleWorkspace (src\components\workspaces\ModuleWorkspace.tsx:177:11)
    at ModulePage (src\app\(portal)\[module]\page.tsx:78:10)
  112 |         <p className="mt-2 text-xs text-[var(--muted)]">{M07_NON_CERTIFIED_DISCLAIMER}</p>
  113 |         {bootstrap ? (
> 114 |           <p className="mt-2 text-xs text-[var(--muted)]" role="status">
      |           ^
  115 |             Storage bootstrap · schema v9 · v9Ran={String(bootstrap.v9Ran ?? false)}
  116 |           </p>
  117 |         ) : null}
[browser] Uncaught Error: Hydration failed because the server rendered HTML didn't match the client. As a result this tree will be regenerated on the client. This can happen if a SSR-ed Client Component used:

- A server/client branch `if (typeof window !== 'undefined')`.
- Variable input such as `Date.now()` or `Math.random()` which changes each time it's called.
- Date formatting in a user's locale which doesn't match the server.
- External changing data without sending a snapshot of it along with the HTML.
- Invalid HTML tag nesting.

It can also happen if the client has a browser extension installed which messes with the HTML before React loaded.

https://react.dev/link/hydration-mismatch

  ...
    <SegmentViewNode type="page" pagePath="(portal)/[...">
      <SegmentTrieNode>
      <ModulePage>
        <ModuleWorkspace module={{id:"staffpay", ...}}>
          <PageHeader>
          ...
            <ModuleBody module={{id:"staffpay", ...}}>
              <StaffPayModule>
                <StaffPayWorkspace>
                  <StaffPayProvider>
                    <Suspense fallback={<div>}>
                      <DeepLinkSync>
                      <WorkspaceInner>
                        <div className="m07-shell ..." data-m07-shell="batch6-export" data-workspace-nav="horizontal">
                          <style>
                          <header className="rounded-2x...">
                            <p>
                            <p>
                            <p>
+                           <p className="mt-2 text-xs text-[var(--muted)]" role="status">
-                           <div className="mt-4">
                            ...
                          ...

    at <unknown> (https://react.dev/link/hydration-mismatch)
    at p (<anonymous>)
    at WorkspaceInner (src\modules\m07-staff-pay\StaffPayWorkspace.tsx:114:11)
    at StaffPayWorkspace (src\modules\m07-staff-pay\StaffPayWorkspace.tsx:140:9)
    at StaffPayModule (src\modules\m07-staff-pay\StaffPayModule.tsx:10:10)
    at resolveModuleEntry (src\components\workspaces\ModuleWorkspace.tsx:81:14)
    at ModuleBody (src\components\workspaces\ModuleWorkspace.tsx:122:17)
    at ModuleWorkspace (src\components\workspaces\ModuleWorkspace.tsx:177:11)
    at ModulePage (src\app\(portal)\[module]\page.tsx:78:10)
  112 |         <p className="mt-2 text-xs text-[var(--muted)]">{M07_NON_CERTIFIED_DISCLAIMER}</p>
  113 |         {bootstrap ? (
> 114 |           <p className="mt-2 text-xs text-[var(--muted)]" role="status">
      |           ^
  115 |             Storage bootstrap · schema v9 · v9Ran={String(bootstrap.v9Ran ?? false)}
  116 |           </p>
  117 |         ) : null}
[browser] Uncaught Error: Hydration failed because the server rendered HTML didn't match the client. As a result this tree will be regenerated on the client. This can happen if a SSR-ed Client Component used:

- A server/client branch `if (typeof window !== 'undefined')`.
- Variable input such as `Date.now()` or `Math.random()` which changes each time it's called.
- Date formatting in a user's locale which doesn't match the server.
- External changing data without sending a snapshot of it along with the HTML.
- Invalid HTML tag nesting.

It can also happen if the client has a browser extension installed which messes with the HTML before React loaded.

https://react.dev/link/hydration-mismatch

  ...
    <SegmentViewNode type="page" pagePath="(portal)/[...">
      <SegmentTrieNode>
      <ModulePage>
        <ModuleWorkspace module={{id:"staffpay", ...}}>
          <PageHeader>
          ...
            <ModuleBody module={{id:"staffpay", ...}}>
              <StaffPayModule>
                <StaffPayWorkspace>
                  <StaffPayProvider>
                    <Suspense fallback={<div>}>
                      <DeepLinkSync>
                      <WorkspaceInner>
                        <div className="m07-shell ..." data-m07-shell="batch6-export" data-workspace-nav="horizontal">
                          <style>
                          <header className="rounded-2x...">
                            <p>
                            <p>
                            <p>
+                           <p className="mt-2 text-xs text-[var(--muted)]" role="status">
-                           <div className="mt-4">
                            ...
                          ...

    at <unknown> (https://react.dev/link/hydration-mismatch)
    at p (<anonymous>)
    at WorkspaceInner (src\modules\m07-staff-pay\StaffPayWorkspace.tsx:114:11)
    at StaffPayWorkspace (src\modules\m07-staff-pay\StaffPayWorkspace.tsx:140:9)
    at StaffPayModule (src\modules\m07-staff-pay\StaffPayModule.tsx:10:10)
    at resolveModuleEntry (src\components\workspaces\ModuleWorkspace.tsx:81:14)
    at ModuleBody (src\components\workspaces\ModuleWorkspace.tsx:122:17)
    at ModuleWorkspace (src\components\workspaces\ModuleWorkspace.tsx:177:11)
    at ModulePage (src\app\(portal)\[module]\page.tsx:78:10)
  112 |         <p className="mt-2 text-xs text-[var(--muted)]">{M07_NON_CERTIFIED_DISCLAIMER}</p>
  113 |         {bootstrap ? (
> 114 |           <p className="mt-2 text-xs text-[var(--muted)]" role="status">
      |           ^
  115 |             Storage bootstrap · schema v9 · v9Ran={String(bootstrap.v9Ran ?? false)}
  116 |           </p>
  117 |         ) : null}
[browser] A tree hydrated but some attributes of the server rendered HTML didn't match the client properties. This won't be patched up. This can happen if a SSR-ed Client Component used:

- A server/client branch `if (typeof window !== 'undefined')`.
- Variable input such as `Date.now()` or `Math.random()` which changes each time it's called.
- Date formatting in a user's locale which doesn't match the server.
- External changing data without sending a snapshot of it along with the HTML.
- Invalid HTML tag nesting.

It can also happen if the client has a browser extension installed which messes with the HTML before React loaded.

https://react.dev/link/hydration-mismatch

  ...
    <HotReload globalError={[...]} webSocket={WebSocket} staticIndicatorState={{pathname:null, ...}}>
      <AppDevOverlayErrorBoundary globalError={[...]}>
        <ReplaySsrOnlyErrors>
        <DevRootHTTPAccessFallbackBoundary>
          <HTTPAccessFallbackBoundary notFound={<NotAllowedRootHTTPFallbackError>}>
            <HTTPAccessFallbackErrorBoundary pathname="/staffpay" notFound={<NotAllowedRootHTTPFallbackError>} ...>
              <RedirectBoundary>
                <RedirectErrorBoundary router={{...}}>
                  <Head>
                  <__next_root_layout_boundary__>
                    <SegmentViewNode type="layout" pagePath="layout.tsx">
                      <SegmentTrieNode>
                      <link>
                      <RootLayout>
                        <html lang="en" className="h-full">
                          <body
+                           className="min-h-full antialiased"
-                           className="min-h-full antialiased theme-dark"
                          >
                  ...
 
[browser] Uncaught Error: Hydration failed because the server rendered HTML didn't match the client. As a result this tree will be regenerated on the client. This can happen if a SSR-ed Client Component used:

- A server/client branch `if (typeof window !== 'undefined')`.
- Variable input such as `Date.now()` or `Math.random()` which changes each time it's called.
- Date formatting in a user's locale which doesn't match the server.
- External changing data without sending a snapshot of it along with the HTML.
- Invalid HTML tag nesting.

It can also happen if the client has a browser extension installed which messes with the HTML before React loaded.

https://react.dev/link/hydration-mismatch

  ...
    <SegmentViewNode type="page" pagePath="(portal)/[...">
      <SegmentTrieNode>
      <ModulePage>
        <ModuleWorkspace module={{id:"staffpay", ...}}>
          <PageHeader>
          ...
            <ModuleBody module={{id:"staffpay", ...}}>
              <StaffPayModule>
                <StaffPayWorkspace>
                  <StaffPayProvider>
                    <Suspense fallback={<div>}>
                      <DeepLinkSync>
                      <WorkspaceInner>
                        <div className="m07-shell ..." data-m07-shell="batch6-export" data-workspace-nav="horizontal">
                          <style>
                          <header className="rounded-2x...">
                            <p>
                            <p>
                            <p>
+                           <p className="mt-2 text-xs text-[var(--muted)]" role="status">
-                           <div className="mt-4">
                            ...
                          ...

    at <unknown> (https://react.dev/link/hydration-mismatch)
    at p (<anonymous>)
    at WorkspaceInner (src\modules\m07-staff-pay\StaffPayWorkspace.tsx:114:11)
    at StaffPayWorkspace (src\modules\m07-staff-pay\StaffPayWorkspace.tsx:140:9)
    at StaffPayModule (src\modules\m07-staff-pay\StaffPayModule.tsx:10:10)
    at resolveModuleEntry (src\components\workspaces\ModuleWorkspace.tsx:81:14)
    at ModuleBody (src\components\workspaces\ModuleWorkspace.tsx:122:17)
    at ModuleWorkspace (src\components\workspaces\ModuleWorkspace.tsx:177:11)
    at ModulePage (src\app\(portal)\[module]\page.tsx:78:10)
  112 |         <p className="mt-2 text-xs text-[var(--muted)]">{M07_NON_CERTIFIED_DISCLAIMER}</p>
  113 |         {bootstrap ? (
> 114 |           <p className="mt-2 text-xs text-[var(--muted)]" role="status">
      |           ^
  115 |             Storage bootstrap · schema v9 · v9Ran={String(bootstrap.v9Ran ?? false)}
  116 |           </p>
  117 |         ) : null}
[browser] Uncaught Error: Internal Next.js error: Router action dispatched before initialization.
[browser] Uncaught Error: Hydration failed because the server rendered HTML didn't match the client. As a result this tree will be regenerated on the client. This can happen if a SSR-ed Client Component used:

- A server/client branch `if (typeof window !== 'undefined')`.
- Variable input such as `Date.now()` or `Math.random()` which changes each time it's called.
- Date formatting in a user's locale which doesn't match the server.
- External changing data without sending a snapshot of it along with the HTML.
- Invalid HTML tag nesting.

It can also happen if the client has a browser extension installed which messes with the HTML before React loaded.

https://react.dev/link/hydration-mismatch

  ...
    <SegmentViewNode type="page" pagePath="(portal)/[...">
      <SegmentTrieNode>
      <ModulePage>
        <ModuleWorkspace module={{id:"staffpay", ...}}>
          <PageHeader>
          ...
            <ModuleBody module={{id:"staffpay", ...}}>
              <StaffPayModule>
                <StaffPayWorkspace>
                  <StaffPayProvider>
                    <Suspense fallback={<div>}>
                      <DeepLinkSync>
                      <WorkspaceInner>
                        <div className="m07-shell ..." data-m07-shell="batch6-export" data-workspace-nav="horizontal">
                          <style>
                          <header className="rounded-2x...">
                            <p>
                            <p>
                            <p>
+                           <p className="mt-2 text-xs text-[var(--muted)]" role="status">
-                           <div className="mt-4">
                            ...
                          ...

    at <unknown> (https://react.dev/link/hydration-mismatch)
    at p (<anonymous>)
    at WorkspaceInner (src\modules\m07-staff-pay\StaffPayWorkspace.tsx:114:11)
    at StaffPayWorkspace (src\modules\m07-staff-pay\StaffPayWorkspace.tsx:140:9)
    at StaffPayModule (src\modules\m07-staff-pay\StaffPayModule.tsx:10:10)
    at resolveModuleEntry (src\components\workspaces\ModuleWorkspace.tsx:81:14)
    at ModuleBody (src\components\workspaces\ModuleWorkspace.tsx:122:17)
    at ModuleWorkspace (src\components\workspaces\ModuleWorkspace.tsx:177:11)
    at ModulePage (src\app\(portal)\[module]\page.tsx:78:10)
  112 |         <p className="mt-2 text-xs text-[var(--muted)]">{M07_NON_CERTIFIED_DISCLAIMER}</p>
  113 |         {bootstrap ? (
> 114 |           <p className="mt-2 text-xs text-[var(--muted)]" role="status">
      |           ^
  115 |             Storage bootstrap · schema v9 · v9Ran={String(bootstrap.v9Ran ?? false)}
  116 |           </p>
  117 |         ) : null}
[browser] A tree hydrated but some attributes of the server rendered HTML didn't match the client properties. This won't be patched up. This can happen if a SSR-ed Client Component used:

- A server/client branch `if (typeof window !== 'undefined')`.
- Variable input such as `Date.now()` or `Math.random()` which changes each time it's called.
- Date formatting in a user's locale which doesn't match the server.
- External changing data without sending a snapshot of it along with the HTML.
- Invalid HTML tag nesting.

It can also happen if the client has a browser extension installed which messes with the HTML before React loaded.

https://react.dev/link/hydration-mismatch

  ...
    <HotReload globalError={[...]} webSocket={WebSocket} staticIndicatorState={{pathname:null, ...}}>
      <AppDevOverlayErrorBoundary globalError={[...]}>
        <ReplaySsrOnlyErrors>
        <DevRootHTTPAccessFallbackBoundary>
          <HTTPAccessFallbackBoundary notFound={<NotAllowedRootHTTPFallbackError>}>
            <HTTPAccessFallbackErrorBoundary pathname="/staffpay" notFound={<NotAllowedRootHTTPFallbackError>} ...>
              <RedirectBoundary>
                <RedirectErrorBoundary router={{...}}>
                  <Head>
                  <__next_root_layout_boundary__>
                    <SegmentViewNode type="layout" pagePath="layout.tsx">
                      <SegmentTrieNode>
                      <link>
                      <RootLayout>
                        <html lang="en" className="h-full">
                          <body
+                           className="min-h-full antialiased"
-                           className="min-h-full antialiased theme-dark"
                          >
                  ...
 
[browser] Uncaught Error: Hydration failed because the server rendered HTML didn't match the client. As a result this tree will be regenerated on the client. This can happen if a SSR-ed Client Component used:

- A server/client branch `if (typeof window !== 'undefined')`.
- Variable input such as `Date.now()` or `Math.random()` which changes each time it's called.
- Date formatting in a user's locale which doesn't match the server.
- External changing data without sending a snapshot of it along with the HTML.
- Invalid HTML tag nesting.

It can also happen if the client has a browser extension installed which messes with the HTML before React loaded.

https://react.dev/link/hydration-mismatch

  ...
    <SegmentViewNode type="page" pagePath="(portal)/[...">
      <SegmentTrieNode>
      <ModulePage>
        <ModuleWorkspace module={{id:"staffpay", ...}}>
          <PageHeader>
          ...
            <ModuleBody module={{id:"staffpay", ...}}>
              <StaffPayModule>
                <StaffPayWorkspace>
                  <StaffPayProvider>
                    <Suspense fallback={<div>}>
                      <DeepLinkSync>
                      <WorkspaceInner>
                        <div className="m07-shell ..." data-m07-shell="batch6-export" data-workspace-nav="horizontal">
                          <style>
                          <header className="rounded-2x...">
                            <p>
                            <p>
                            <p>
+                           <p className="mt-2 text-xs text-[var(--muted)]" role="status">
-                           <div className="mt-4">
                            ...
                          ...

    at <unknown> (https://react.dev/link/hydration-mismatch)
    at p (<anonymous>)
    at WorkspaceInner (src\modules\m07-staff-pay\StaffPayWorkspace.tsx:114:11)
    at StaffPayWorkspace (src\modules\m07-staff-pay\StaffPayWorkspace.tsx:140:9)
    at StaffPayModule (src\modules\m07-staff-pay\StaffPayModule.tsx:10:10)
    at resolveModuleEntry (src\components\workspaces\ModuleWorkspace.tsx:81:14)
    at ModuleBody (src\components\workspaces\ModuleWorkspace.tsx:122:17)
    at ModuleWorkspace (src\components\workspaces\ModuleWorkspace.tsx:177:11)
    at ModulePage (src\app\(portal)\[module]\page.tsx:78:10)
  112 |         <p className="mt-2 text-xs text-[var(--muted)]">{M07_NON_CERTIFIED_DISCLAIMER}</p>
  113 |         {bootstrap ? (
> 114 |           <p className="mt-2 text-xs text-[var(--muted)]" role="status">
      |           ^
  115 |             Storage bootstrap · schema v9 · v9Ran={String(bootstrap.v9Ran ?? false)}
  116 |           </p>
  117 |         ) : null}
[browser] Uncaught Error: Hydration failed because the server rendered HTML didn't match the client. As a result this tree will be regenerated on the client. This can happen if a SSR-ed Client Component used:

- A server/client branch `if (typeof window !== 'undefined')`.
- Variable input such as `Date.now()` or `Math.random()` which changes each time it's called.
- Date formatting in a user's locale which doesn't match the server.
- External changing data without sending a snapshot of it along with the HTML.
- Invalid HTML tag nesting.

It can also happen if the client has a browser extension installed which messes with the HTML before React loaded.

https://react.dev/link/hydration-mismatch

  ...
    <SegmentViewNode type="page" pagePath="(portal)/[...">
      <SegmentTrieNode>
      <ModulePage>
        <ModuleWorkspace module={{id:"staffpay", ...}}>
          <PageHeader>
          ...
            <ModuleBody module={{id:"staffpay", ...}}>
              <StaffPayModule>
                <StaffPayWorkspace>
                  <StaffPayProvider>
                    <Suspense fallback={<div>}>
                      <DeepLinkSync>
                      <WorkspaceInner>
                        <div className="m07-shell ..." data-m07-shell="batch6-export" data-workspace-nav="horizontal">
                          <style>
                          <header className="rounded-2x...">
                            <p>
                            <p>
                            <p>
+                           <p className="mt-2 text-xs text-[var(--muted)]" role="status">
-                           <div className="mt-4">
                            ...
                          ...

    at <unknown> (https://react.dev/link/hydration-mismatch)
    at p (<anonymous>)
    at WorkspaceInner (src\modules\m07-staff-pay\StaffPayWorkspace.tsx:114:11)
    at StaffPayWorkspace (src\modules\m07-staff-pay\StaffPayWorkspace.tsx:140:9)
    at StaffPayModule (src\modules\m07-staff-pay\StaffPayModule.tsx:10:10)
    at resolveModuleEntry (src\components\workspaces\ModuleWorkspace.tsx:81:14)
    at ModuleBody (src\components\workspaces\ModuleWorkspace.tsx:122:17)
    at ModuleWorkspace (src\components\workspaces\ModuleWorkspace.tsx:177:11)
    at ModulePage (src\app\(portal)\[module]\page.tsx:78:10)
  112 |         <p className="mt-2 text-xs text-[var(--muted)]">{M07_NON_CERTIFIED_DISCLAIMER}</p>
  113 |         {bootstrap ? (
> 114 |           <p className="mt-2 text-xs text-[var(--muted)]" role="status">
      |           ^
  115 |             Storage bootstrap · schema v9 · v9Ran={String(bootstrap.v9Ran ?? false)}
  116 |           </p>
  117 |         ) : null}
[browser] Uncaught Error: Hydration failed because the server rendered HTML didn't match the client. As a result this tree will be regenerated on the client. This can happen if a SSR-ed Client Component used:

- A server/client branch `if (typeof window !== 'undefined')`.
- Variable input such as `Date.now()` or `Math.random()` which changes each time it's called.
- Date formatting in a user's locale which doesn't match the server.
- External changing data without sending a snapshot of it along with the HTML.
- Invalid HTML tag nesting.

It can also happen if the client has a browser extension installed which messes with the HTML before React loaded.

https://react.dev/link/hydration-mismatch

  ...
    <SegmentViewNode type="page" pagePath="(portal)/[...">
      <SegmentTrieNode>
      <ModulePage>
        <ModuleWorkspace module={{id:"staffpay", ...}}>
          <PageHeader>
          ...
            <ModuleBody module={{id:"staffpay", ...}}>
              <StaffPayModule>
                <StaffPayWorkspace>
                  <StaffPayProvider>
                    <Suspense fallback={<div>}>
                      <DeepLinkSync>
                      <WorkspaceInner>
                        <div className="m07-shell ..." data-m07-shell="batch6-export" data-workspace-nav="horizontal">
                          <style>
                          <header className="rounded-2x...">
                            <p>
                            <p>
                            <p>
+                           <p className="mt-2 text-xs text-[var(--muted)]" role="status">
-                           <div className="mt-4">
                            ...
                          ...

    at <unknown> (https://react.dev/link/hydration-mismatch)
    at p (<anonymous>)
    at WorkspaceInner (src\modules\m07-staff-pay\StaffPayWorkspace.tsx:114:11)
    at StaffPayWorkspace (src\modules\m07-staff-pay\StaffPayWorkspace.tsx:140:9)
    at StaffPayModule (src\modules\m07-staff-pay\StaffPayModule.tsx:10:10)
    at resolveModuleEntry (src\components\workspaces\ModuleWorkspace.tsx:81:14)
    at ModuleBody (src\components\workspaces\ModuleWorkspace.tsx:122:17)
    at ModuleWorkspace (src\components\workspaces\ModuleWorkspace.tsx:177:11)
    at ModulePage (src\app\(portal)\[module]\page.tsx:78:10)
  112 |         <p className="mt-2 text-xs text-[var(--muted)]">{M07_NON_CERTIFIED_DISCLAIMER}</p>
  113 |         {bootstrap ? (
> 114 |           <p className="mt-2 text-xs text-[var(--muted)]" role="status">
      |           ^
  115 |             Storage bootstrap · schema v9 · v9Ran={String(bootstrap.v9Ran ?? false)}
  116 |           </p>
  117 |         ) : null}
[browser] Uncaught Error: Hydration failed because the server rendered HTML didn't match the client. As a result this tree will be regenerated on the client. This can happen if a SSR-ed Client Component used:

- A server/client branch `if (typeof window !== 'undefined')`.
- Variable input such as `Date.now()` or `Math.random()` which changes each time it's called.
- Date formatting in a user's locale which doesn't match the server.
- External changing data without sending a snapshot of it along with the HTML.
- Invalid HTML tag nesting.

It can also happen if the client has a browser extension installed which messes with the HTML before React loaded.

https://react.dev/link/hydration-mismatch

  ...
    <SegmentViewNode type="page" pagePath="(portal)/[...">
      <SegmentTrieNode>
      <ModulePage>
        <ModuleWorkspace module={{id:"staffpay", ...}}>
          <PageHeader>
          ...
            <ModuleBody module={{id:"staffpay", ...}}>
              <StaffPayModule>
                <StaffPayWorkspace>
                  <StaffPayProvider>
                    <Suspense fallback={<div>}>
                      <DeepLinkSync>
                      <WorkspaceInner>
                        <div className="m07-shell ..." data-m07-shell="batch6-export" data-workspace-nav="horizontal">
                          <style>
                          <header className="rounded-2x...">
                            <p>
                            <p>
                            <p>
+                           <p className="mt-2 text-xs text-[var(--muted)]" role="status">
-                           <div className="mt-4">
                            ...
                          ...

    at <unknown> (https://react.dev/link/hydration-mismatch)
    at p (<anonymous>)
    at WorkspaceInner (src\modules\m07-staff-pay\StaffPayWorkspace.tsx:114:11)
    at StaffPayWorkspace (src\modules\m07-staff-pay\StaffPayWorkspace.tsx:140:9)
    at StaffPayModule (src\modules\m07-staff-pay\StaffPayModule.tsx:10:10)
    at resolveModuleEntry (src\components\workspaces\ModuleWorkspace.tsx:81:14)
    at ModuleBody (src\components\workspaces\ModuleWorkspace.tsx:122:17)
    at ModuleWorkspace (src\components\workspaces\ModuleWorkspace.tsx:177:11)
    at ModulePage (src\app\(portal)\[module]\page.tsx:78:10)
  112 |         <p className="mt-2 text-xs text-[var(--muted)]">{M07_NON_CERTIFIED_DISCLAIMER}</p>
  113 |         {bootstrap ? (
> 114 |           <p className="mt-2 text-xs text-[var(--muted)]" role="status">
      |           ^
  115 |             Storage bootstrap · schema v9 · v9Ran={String(bootstrap.v9Ran ?? false)}
  116 |           </p>
  117 |         ) : null}
[browser] A tree hydrated but some attributes of the server rendered HTML didn't match the client properties. This won't be patched up. This can happen if a SSR-ed Client Component used:

- A server/client branch `if (typeof window !== 'undefined')`.
- Variable input such as `Date.now()` or `Math.random()` which changes each time it's called.
- Date formatting in a user's locale which doesn't match the server.
- External changing data without sending a snapshot of it along with the HTML.
- Invalid HTML tag nesting.

It can also happen if the client has a browser extension installed which messes with the HTML before React loaded.

https://react.dev/link/hydration-mismatch

  ...
    <HotReload globalError={[...]} webSocket={WebSocket} staticIndicatorState={{pathname:null, ...}}>
      <AppDevOverlayErrorBoundary globalError={[...]}>
        <ReplaySsrOnlyErrors>
        <DevRootHTTPAccessFallbackBoundary>
          <HTTPAccessFallbackBoundary notFound={<NotAllowedRootHTTPFallbackError>}>
            <HTTPAccessFallbackErrorBoundary pathname="/staffpay" notFound={<NotAllowedRootHTTPFallbackError>} ...>
              <RedirectBoundary>
                <RedirectErrorBoundary router={{...}}>
                  <Head>
                  <__next_root_layout_boundary__>
                    <SegmentViewNode type="layout" pagePath="layout.tsx">
                      <SegmentTrieNode>
                      <link>
                      <RootLayout>
                        <html lang="en" className="h-full">
                          <body
+                           className="min-h-full antialiased"
-                           className="min-h-full antialiased theme-dark"
                          >
                  ...
 
[browser] Uncaught Error: Hydration failed because the server rendered HTML didn't match the client. As a result this tree will be regenerated on the client. This can happen if a SSR-ed Client Component used:

- A server/client branch `if (typeof window !== 'undefined')`.
- Variable input such as `Date.now()` or `Math.random()` which changes each time it's called.
- Date formatting in a user's locale which doesn't match the server.
- External changing data without sending a snapshot of it along with the HTML.
- Invalid HTML tag nesting.

It can also happen if the client has a browser extension installed which messes with the HTML before React loaded.

https://react.dev/link/hydration-mismatch

  ...
    <SegmentViewNode type="page" pagePath="(portal)/[...">
      <SegmentTrieNode>
      <ModulePage>
        <ModuleWorkspace module={{id:"staffpay", ...}}>
          <PageHeader>
          ...
            <ModuleBody module={{id:"staffpay", ...}}>
              <StaffPayModule>
                <StaffPayWorkspace>
                  <StaffPayProvider>
                    <Suspense fallback={<div>}>
                      <DeepLinkSync>
                      <WorkspaceInner>
                        <div className="m07-shell ..." data-m07-shell="batch6-export" data-workspace-nav="horizontal">
                          <style>
                          <header className="rounded-2x...">
                            <p>
                            <p>
                            <p>
+                           <p className="mt-2 text-xs text-[var(--muted)]" role="status">
-                           <div className="mt-4">
                            ...
                          ...

    at <unknown> (https://react.dev/link/hydration-mismatch)
    at p (<anonymous>)
    at WorkspaceInner (src\modules\m07-staff-pay\StaffPayWorkspace.tsx:114:11)
    at StaffPayWorkspace (src\modules\m07-staff-pay\StaffPayWorkspace.tsx:140:9)
    at StaffPayModule (src\modules\m07-staff-pay\StaffPayModule.tsx:10:10)
    at resolveModuleEntry (src\components\workspaces\ModuleWorkspace.tsx:81:14)
    at ModuleBody (src\components\workspaces\ModuleWorkspace.tsx:122:17)
    at ModuleWorkspace (src\components\workspaces\ModuleWorkspace.tsx:177:11)
    at ModulePage (src\app\(portal)\[module]\page.tsx:78:10)
  112 |         <p className="mt-2 text-xs text-[var(--muted)]">{M07_NON_CERTIFIED_DISCLAIMER}</p>
  113 |         {bootstrap ? (
> 114 |           <p className="mt-2 text-xs text-[var(--muted)]" role="status">
      |           ^
  115 |             Storage bootstrap · schema v9 · v9Ran={String(bootstrap.v9Ran ?? false)}
  116 |           </p>
  117 |         ) : null}
[browser] Uncaught Error: Internal Next.js error: Router action dispatched before initialization.
[browser] Uncaught Error: Hydration failed because the server rendered text didn't match the client. As a result this tree will be regenerated on the client. This can happen if a SSR-ed Client Component used:

- A server/client branch `if (typeof window !== 'undefined')`.
- Variable input such as `Date.now()` or `Math.random()` which changes each time it's called.
- Date formatting in a user's locale which doesn't match the server.
- External changing data without sending a snapshot of it along with the HTML.
- Invalid HTML tag nesting.

It can also happen if the client has a browser extension installed which messes with the HTML before React loaded.

https://react.dev/link/hydration-mismatch

  ...
    <Suspense fallback={<div>}>
      <DeepLinkSync>
        <StaffDoctorsWorkspaceChrome section="overview" onNavigate={function DeepLinkSync.useCallback[navigateSection]}>
          <div className="grid min-w..." data-workspace-nav="horizontal">
            <div>
            <div className="min-w-0">
              <SectionBody section="overview">
                <OverviewSection>
                  <div className="grid gap-4">
                    <div>
                    <div className="grid gap-3...">
                      <button type="button" className="text-left" onClick={function onClick}>
                        <Metric label="Active staff" value={41} icon="users" tone="success">
                          <div className="flex items...">
                            <div>
                              <div>
                              <div className="mt-1 text-[28px] font-extrabold tracking-tight text-[var(--ink)]">
+                               41
-                               0
                            ...
                      ...
                    ...

    at <unknown> (https://react.dev/link/hydration-mismatch)
    at div (<anonymous>)
    at Metric (src\components\ui\Metric.tsx:36:9)
    at OverviewSection (src\modules\m04-staff-doctors\sections\OverviewSection.tsx:31:11)
    at SectionBody (src\modules\m04-staff-doctors\StaffDoctorsWorkspace.tsx:39:14)
    at StaffDoctorsWorkspaceChrome (src\modules\m04-staff-doctors\StaffDoctorsWorkspace.tsx:119:9)
    at DeepLinkSync (src\modules\m04-staff-doctors\StaffDoctorsWorkspace.tsx:88:10)
    at StaffDoctorsWorkspace (src\modules\m04-staff-doctors\StaffDoctorsWorkspace.tsx:135:9)
    at StaffDoctorsModule (src\modules\m04-staff-doctors\StaffDoctorsModule.tsx:10:10)
    at resolveModuleEntry (src\components\workspaces\ModuleWorkspace.tsx:75:14)
    at ModuleBody (src\components\workspaces\ModuleWorkspace.tsx:122:17)
    at ModuleWorkspace (src\components\workspaces\ModuleWorkspace.tsx:177:11)
    at ModulePage (src\app\(portal)\[module]\page.tsx:78:10)
  34 |           {label}
  35 |         </div>
> 36 |         <div className="mt-1 text-[28px] font-extrabold tracking-tight text-[var(--ink)]">
     |         ^
  37 |           {value}
  38 |         </div>
  39 |       </div>
[browser] Uncaught Error: Hydration failed because the server rendered text didn't match the client. As a result this tree will be regenerated on the client. This can happen if a SSR-ed Client Component used:

- A server/client branch `if (typeof window !== 'undefined')`.
- Variable input such as `Date.now()` or `Math.random()` which changes each time it's called.
- Date formatting in a user's locale which doesn't match the server.
- External changing data without sending a snapshot of it along with the HTML.
- Invalid HTML tag nesting.

It can also happen if the client has a browser extension installed which messes with the HTML before React loaded.

https://react.dev/link/hydration-mismatch

  ...
    <Suspense fallback={<div>}>
      <DeepLinkSync>
        <StaffDoctorsWorkspaceChrome section="overview" onNavigate={function DeepLinkSync.useCallback[navigateSection]}>
          <div className="grid min-w..." data-workspace-nav="horizontal">
            <div>
            <div className="min-w-0">
              <SectionBody section="overview">
                <OverviewSection>
                  <div className="grid gap-4">
                    <div>
                    <div className="grid gap-3...">
                      <button type="button" className="text-left" onClick={function onClick}>
                        <Metric label="Active staff" value={41} icon="users" tone="success">
                          <div className="flex items...">
                            <div>
                              <div>
                              <div className="mt-1 text-[28px] font-extrabold tracking-tight text-[var(--ink)]">
+                               41
-                               0
                            ...
                      ...
                    ...

    at <unknown> (https://react.dev/link/hydration-mismatch)
    at div (<anonymous>)
    at Metric (src\components\ui\Metric.tsx:36:9)
    at OverviewSection (src\modules\m04-staff-doctors\sections\OverviewSection.tsx:31:11)
    at SectionBody (src\modules\m04-staff-doctors\StaffDoctorsWorkspace.tsx:39:14)
    at StaffDoctorsWorkspaceChrome (src\modules\m04-staff-doctors\StaffDoctorsWorkspace.tsx:119:9)
    at DeepLinkSync (src\modules\m04-staff-doctors\StaffDoctorsWorkspace.tsx:88:10)
    at StaffDoctorsWorkspace (src\modules\m04-staff-doctors\StaffDoctorsWorkspace.tsx:135:9)
    at StaffDoctorsModule (src\modules\m04-staff-doctors\StaffDoctorsModule.tsx:10:10)
    at resolveModuleEntry (src\components\workspaces\ModuleWorkspace.tsx:75:14)
    at ModuleBody (src\components\workspaces\ModuleWorkspace.tsx:122:17)
    at ModuleWorkspace (src\components\workspaces\ModuleWorkspace.tsx:177:11)
    at ModulePage (src\app\(portal)\[module]\page.tsx:78:10)
  34 |           {label}
  35 |         </div>
> 36 |         <div className="mt-1 text-[28px] font-extrabold tracking-tight text-[var(--ink)]">
     |         ^
  37 |           {value}
  38 |         </div>
  39 |       </div>
[browser] Uncaught Error: Hydration failed because the server rendered text didn't match the client. As a result this tree will be regenerated on the client. This can happen if a SSR-ed Client Component used:

- A server/client branch `if (typeof window !== 'undefined')`.
- Variable input such as `Date.now()` or `Math.random()` which changes each time it's called.
- Date formatting in a user's locale which doesn't match the server.
- External changing data without sending a snapshot of it along with the HTML.
- Invalid HTML tag nesting.

It can also happen if the client has a browser extension installed which messes with the HTML before React loaded.

https://react.dev/link/hydration-mismatch

  ...
    <Suspense fallback={<div>}>
      <DeepLinkSync>
        <StaffDoctorsWorkspaceChrome section="overview" onNavigate={function DeepLinkSync.useCallback[navigateSection]}>
          <div className="grid min-w..." data-workspace-nav="horizontal">
            <div>
            <div className="min-w-0">
              <SectionBody section="overview">
                <OverviewSection>
                  <div className="grid gap-4">
                    <div>
                    <div className="grid gap-3...">
                      <button type="button" className="text-left" onClick={function onClick}>
                        <Metric label="Active staff" value={41} icon="users" tone="success">
                          <div className="flex items...">
                            <div>
                              <div>
                              <div className="mt-1 text-[28px] font-extrabold tracking-tight text-[var(--ink)]">
+                               41
-                               0
                            ...
                      ...
                    ...

    at <unknown> (https://react.dev/link/hydration-mismatch)
    at div (<anonymous>)
    at Metric (src\components\ui\Metric.tsx:36:9)
    at OverviewSection (src\modules\m04-staff-doctors\sections\OverviewSection.tsx:31:11)
    at SectionBody (src\modules\m04-staff-doctors\StaffDoctorsWorkspace.tsx:39:14)
    at StaffDoctorsWorkspaceChrome (src\modules\m04-staff-doctors\StaffDoctorsWorkspace.tsx:119:9)
    at DeepLinkSync (src\modules\m04-staff-doctors\StaffDoctorsWorkspace.tsx:88:10)
    at StaffDoctorsWorkspace (src\modules\m04-staff-doctors\StaffDoctorsWorkspace.tsx:135:9)
    at StaffDoctorsModule (src\modules\m04-staff-doctors\StaffDoctorsModule.tsx:10:10)
    at resolveModuleEntry (src\components\workspaces\ModuleWorkspace.tsx:75:14)
    at ModuleBody (src\components\workspaces\ModuleWorkspace.tsx:122:17)
    at ModuleWorkspace (src\components\workspaces\ModuleWorkspace.tsx:177:11)
    at ModulePage (src\app\(portal)\[module]\page.tsx:78:10)
  34 |           {label}
  35 |         </div>
> 36 |         <div className="mt-1 text-[28px] font-extrabold tracking-tight text-[var(--ink)]">
     |         ^
  37 |           {value}
  38 |         </div>
  39 |       </div>
[browser] Uncaught Error: Hydration failed because the server rendered text didn't match the client. As a result this tree will be regenerated on the client. This can happen if a SSR-ed Client Component used:

- A server/client branch `if (typeof window !== 'undefined')`.
- Variable input such as `Date.now()` or `Math.random()` which changes each time it's called.
- Date formatting in a user's locale which doesn't match the server.
- External changing data without sending a snapshot of it along with the HTML.
- Invalid HTML tag nesting.

It can also happen if the client has a browser extension installed which messes with the HTML before React loaded.

https://react.dev/link/hydration-mismatch

  ...
    <Suspense fallback={<div>}>
      <DeepLinkSync>
        <StaffDoctorsWorkspaceChrome section="overview" onNavigate={function DeepLinkSync.useCallback[navigateSection]}>
          <div className="grid min-w..." data-workspace-nav="horizontal">
            <div>
            <div className="min-w-0">
              <SectionBody section="overview">
                <OverviewSection>
                  <div className="grid gap-4">
                    <div>
                    <div className="grid gap-3...">
                      <button type="button" className="text-left" onClick={function onClick}>
                        <Metric label="Active staff" value={41} icon="users" tone="success">
                          <div className="flex items...">
                            <div>
                              <div>
                              <div className="mt-1 text-[28px] font-extrabold tracking-tight text-[var(--ink)]">
+                               41
-                               0
                            ...
                      ...
                    ...

    at <unknown> (https://react.dev/link/hydration-mismatch)
    at div (<anonymous>)
    at Metric (src\components\ui\Metric.tsx:36:9)
    at OverviewSection (src\modules\m04-staff-doctors\sections\OverviewSection.tsx:31:11)
    at SectionBody (src\modules\m04-staff-doctors\StaffDoctorsWorkspace.tsx:39:14)
    at StaffDoctorsWorkspaceChrome (src\modules\m04-staff-doctors\StaffDoctorsWorkspace.tsx:119:9)
    at DeepLinkSync (src\modules\m04-staff-doctors\StaffDoctorsWorkspace.tsx:88:10)
    at StaffDoctorsWorkspace (src\modules\m04-staff-doctors\StaffDoctorsWorkspace.tsx:135:9)
    at StaffDoctorsModule (src\modules\m04-staff-doctors\StaffDoctorsModule.tsx:10:10)
    at resolveModuleEntry (src\components\workspaces\ModuleWorkspace.tsx:75:14)
    at ModuleBody (src\components\workspaces\ModuleWorkspace.tsx:122:17)
    at ModuleWorkspace (src\components\workspaces\ModuleWorkspace.tsx:177:11)
    at ModulePage (src\app\(portal)\[module]\page.tsx:78:10)
  34 |           {label}
  35 |         </div>
> 36 |         <div className="mt-1 text-[28px] font-extrabold tracking-tight text-[var(--ink)]">
     |         ^
  37 |           {value}
  38 |         </div>
  39 |       </div>
[browser] Uncaught Error: Hydration failed because the server rendered text didn't match the client. As a result this tree will be regenerated on the client. This can happen if a SSR-ed Client Component used:

- A server/client branch `if (typeof window !== 'undefined')`.
- Variable input such as `Date.now()` or `Math.random()` which changes each time it's called.
- Date formatting in a user's locale which doesn't match the server.
- External changing data without sending a snapshot of it along with the HTML.
- Invalid HTML tag nesting.

It can also happen if the client has a browser extension installed which messes with the HTML before React loaded.

https://react.dev/link/hydration-mismatch

  ...
    <Suspense fallback={<div>}>
      <DeepLinkSync>
        <StaffDoctorsWorkspaceChrome section="overview" onNavigate={function DeepLinkSync.useCallback[navigateSection]}>
          <div className="grid min-w..." data-workspace-nav="horizontal">
            <div>
            <div className="min-w-0">
              <SectionBody section="overview">
                <OverviewSection>
                  <div className="grid gap-4">
                    <div>
                    <div className="grid gap-3...">
                      <button type="button" className="text-left" onClick={function onClick}>
                        <Metric label="Active staff" value={41} icon="users" tone="success">
                          <div className="flex items...">
                            <div>
                              <div>
                              <div className="mt-1 text-[28px] font-extrabold tracking-tight text-[var(--ink)]">
+                               41
-                               0
                            ...
                      ...
                    ...

    at <unknown> (https://react.dev/link/hydration-mismatch)
    at div (<anonymous>)
    at Metric (src\components\ui\Metric.tsx:36:9)
    at OverviewSection (src\modules\m04-staff-doctors\sections\OverviewSection.tsx:31:11)
    at SectionBody (src\modules\m04-staff-doctors\StaffDoctorsWorkspace.tsx:39:14)
    at StaffDoctorsWorkspaceChrome (src\modules\m04-staff-doctors\StaffDoctorsWorkspace.tsx:119:9)
    at DeepLinkSync (src\modules\m04-staff-doctors\StaffDoctorsWorkspace.tsx:88:10)
    at StaffDoctorsWorkspace (src\modules\m04-staff-doctors\StaffDoctorsWorkspace.tsx:135:9)
    at StaffDoctorsModule (src\modules\m04-staff-doctors\StaffDoctorsModule.tsx:10:10)
    at resolveModuleEntry (src\components\workspaces\ModuleWorkspace.tsx:75:14)
    at ModuleBody (src\components\workspaces\ModuleWorkspace.tsx:122:17)
    at ModuleWorkspace (src\components\workspaces\ModuleWorkspace.tsx:177:11)
    at ModulePage (src\app\(portal)\[module]\page.tsx:78:10)
  34 |           {label}
  35 |         </div>
> 36 |         <div className="mt-1 text-[28px] font-extrabold tracking-tight text-[var(--ink)]">
     |         ^
  37 |           {value}
  38 |         </div>
  39 |       </div>
⚠ Fast Refresh had to perform a full reload. Read more: https://nextjs.org/docs/messages/fast-refresh-reload
[browser] Uncaught Error: Hydration failed because the server rendered text didn't match the client. As a result this tree will be regenerated on the client. This can happen if a SSR-ed Client Component used:

- A server/client branch `if (typeof window !== 'undefined')`.
- Variable input such as `Date.now()` or `Math.random()` which changes each time it's called.
- Date formatting in a user's locale which doesn't match the server.
- External changing data without sending a snapshot of it along with the HTML.
- Invalid HTML tag nesting.

It can also happen if the client has a browser extension installed which messes with the HTML before React loaded.

https://react.dev/link/hydration-mismatch

  ...
    <Suspense fallback={<div>}>
      <DeepLinkSync>
        <StaffDoctorsWorkspaceChrome section="overview" onNavigate={function DeepLinkSync.useCallback[navigateSection]}>
          <div className="grid min-w..." data-workspace-nav="horizontal">
            <div>
            <div className="min-w-0">
              <SectionBody section="overview">
                <OverviewSection>
                  <div className="grid gap-4">
                    <div>
                    <div className="grid gap-3...">
                      <button type="button" className="text-left" onClick={function onClick}>
                        <Metric label="Active staff" value={41} icon="users" tone="success">
                          <div className="flex items...">
                            <div>
                              <div>
                              <div className="mt-1 text-[28px] font-extrabold tracking-tight text-[var(--ink)]">
+                               41
-                               0
                            ...
                      ...
                    ...

    at <unknown> (https://react.dev/link/hydration-mismatch)
    at div (<anonymous>)
    at Metric (src\components\ui\Metric.tsx:36:9)
    at OverviewSection (src\modules\m04-staff-doctors\sections\OverviewSection.tsx:31:11)
    at SectionBody (src\modules\m04-staff-doctors\StaffDoctorsWorkspace.tsx:39:14)
    at StaffDoctorsWorkspaceChrome (src\modules\m04-staff-doctors\StaffDoctorsWorkspace.tsx:119:9)
    at DeepLinkSync (src\modules\m04-staff-doctors\StaffDoctorsWorkspace.tsx:88:10)
    at StaffDoctorsWorkspace (src\modules\m04-staff-doctors\StaffDoctorsWorkspace.tsx:135:9)
    at StaffDoctorsModule (src\modules\m04-staff-doctors\StaffDoctorsModule.tsx:10:10)
    at resolveModuleEntry (src\components\workspaces\ModuleWorkspace.tsx:75:14)
    at ModuleBody (src\components\workspaces\ModuleWorkspace.tsx:122:17)
    at ModuleWorkspace (src\components\workspaces\ModuleWorkspace.tsx:177:11)
    at ModulePage (src\app\(portal)\[module]\page.tsx:78:10)
  34 |           {label}
  35 |         </div>
> 36 |         <div className="mt-1 text-[28px] font-extrabold tracking-tight text-[var(--ink)]">
     |         ^
  37 |           {value}
  38 |         </div>
  39 |       </div>
[browser] Uncaught Error: Hydration failed because the server rendered text didn't match the client. As a result this tree will be regenerated on the client. This can happen if a SSR-ed Client Component used:

- A server/client branch `if (typeof window !== 'undefined')`.
- Variable input such as `Date.now()` or `Math.random()` which changes each time it's called.
- Date formatting in a user's locale which doesn't match the server.
- External changing data without sending a snapshot of it along with the HTML.
- Invalid HTML tag nesting.

It can also happen if the client has a browser extension installed which messes with the HTML before React loaded.

https://react.dev/link/hydration-mismatch

  ...
    <Suspense fallback={<div>}>
      <DeepLinkSync>
        <StaffDoctorsWorkspaceChrome section="overview" onNavigate={function DeepLinkSync.useCallback[navigateSection]}>
          <div className="grid min-w..." data-workspace-nav="horizontal">
            <div>
            <div className="min-w-0">
              <SectionBody section="overview">
                <OverviewSection>
                  <div className="grid gap-4">
                    <div>
                    <div className="grid gap-3...">
                      <button type="button" className="text-left" onClick={function onClick}>
                        <Metric label="Active staff" value={41} icon="users" tone="success">
                          <div className="flex items...">
                            <div>
                              <div>
                              <div className="mt-1 text-[28px] font-extrabold tracking-tight text-[var(--ink)]">
+                               41
-                               0
                            ...
                      ...
                    ...

    at <unknown> (https://react.dev/link/hydration-mismatch)
    at div (<anonymous>)
    at Metric (src\components\ui\Metric.tsx:36:9)
    at OverviewSection (src\modules\m04-staff-doctors\sections\OverviewSection.tsx:31:11)
    at SectionBody (src\modules\m04-staff-doctors\StaffDoctorsWorkspace.tsx:39:14)
    at StaffDoctorsWorkspaceChrome (src\modules\m04-staff-doctors\StaffDoctorsWorkspace.tsx:119:9)
    at DeepLinkSync (src\modules\m04-staff-doctors\StaffDoctorsWorkspace.tsx:88:10)
    at StaffDoctorsWorkspace (src\modules\m04-staff-doctors\StaffDoctorsWorkspace.tsx:135:9)
    at StaffDoctorsModule (src\modules\m04-staff-doctors\StaffDoctorsModule.tsx:10:10)
    at resolveModuleEntry (src\components\workspaces\ModuleWorkspace.tsx:75:14)
    at ModuleBody (src\components\workspaces\ModuleWorkspace.tsx:122:17)
    at ModuleWorkspace (src\components\workspaces\ModuleWorkspace.tsx:177:11)
    at ModulePage (src\app\(portal)\[module]\page.tsx:78:10)
  34 |           {label}
  35 |         </div>
> 36 |         <div className="mt-1 text-[28px] font-extrabold tracking-tight text-[var(--ink)]">
     |         ^
  37 |           {value}
  38 |         </div>
  39 |       </div>
[browser] Uncaught Error: Hydration failed because the server rendered HTML didn't match the client. As a result this tree will be regenerated on the client. This can happen if a SSR-ed Client Component used:

- A server/client branch `if (typeof window !== 'undefined')`.
- Variable input such as `Date.now()` or `Math.random()` which changes each time it's called.
- Date formatting in a user's locale which doesn't match the server.
- External changing data without sending a snapshot of it along with the HTML.
- Invalid HTML tag nesting.

It can also happen if the client has a browser extension installed which messes with the HTML before React loaded.

https://react.dev/link/hydration-mismatch

  ...
    <RosterModule>
      <RosterWorkspace>
        <RosterProvider>
          <Suspense fallback={<div>}>
            <DeepLinkSync>
              <RosterWorkspaceChrome section="roster-board" ...>
                <div className="grid min-w..." data-workspace-nav="horizontal">
                  <div>
                  <div className="min-w-0">
                    <SectionBody section="roster-board">
                      <RosterBoardSection>
                        <SectionFrame sectionId="roster-board" title="Roster Board">
                          <div className="grid gap-4" data-testid="m05-sectio..." data-m05-section="roster-board" ...>
                            <div>
                            <OfflineState>
                            <div
-                             data-ux-state="offline"
-                             data-testid="m05-ux-offline"
                            >
+                             <p className="m-0 mt-1 text-sm text-[var(--muted)]">
-                             <div
-                               className="rounded-[var(--radius)] border border-[var(--v34-card-line)] bg-[var(--card..."
-                             >
                            ...

    at <unknown> (https://react.dev/link/hydration-mismatch)
    at p (<anonymous>)
    at RosterBoardSection (src\modules\m05-roster\sections\RosterBoardSection.tsx:330:9)
    at SectionBody (src\modules\m05-roster\RosterWorkspace.tsx:48:14)
    at RosterWorkspaceChrome (src\modules\m05-roster\RosterWorkspace.tsx:232:11)
    at DeepLinkSync (src\modules\m05-roster\RosterWorkspace.tsx:167:10)
    at RosterWorkspace (src\modules\m05-roster\RosterWorkspace.tsx:259:9)
    at RosterModule (src\modules\m05-roster\RosterModule.tsx:9:10)
    at resolveModuleEntry (src\components\workspaces\ModuleWorkspace.tsx:77:14)
    at ModuleBody (src\components\workspaces\ModuleWorkspace.tsx:122:17)
    at ModuleWorkspace (src\components\workspaces\ModuleWorkspace.tsx:177:11)
    at ModulePage (src\app\(portal)\[module]\page.tsx:78:10)
  328 |       <OfflineState />
  329 |       <div>
> 330 |         <p className="m-0 mt-1 text-sm text-[var(--muted)]">
      |         ^
  331 |           Build weekly rosters — periods, shifts and assignments. Every assignment runs
  332 |           authoritative M04/platform eligibility.
  333 |         </p>
[browser] Uncaught Error: Internal Next.js error: Router action dispatched before initialization.
[browser] Uncaught Error: Hydration failed because the server rendered HTML didn't match the client. As a result this tree will be regenerated on the client. This can happen if a SSR-ed Client Component used:

- A server/client branch `if (typeof window !== 'undefined')`.
- Variable input such as `Date.now()` or `Math.random()` which changes each time it's called.
- Date formatting in a user's locale which doesn't match the server.
- External changing data without sending a snapshot of it along with the HTML.
- Invalid HTML tag nesting.

It can also happen if the client has a browser extension installed which messes with the HTML before React loaded.

https://react.dev/link/hydration-mismatch

  ...
    <RosterModule>
      <RosterWorkspace>
        <RosterProvider>
          <Suspense fallback={<div>}>
            <DeepLinkSync>
              <RosterWorkspaceChrome section="roster-board" ...>
                <div className="grid min-w..." data-workspace-nav="horizontal">
                  <div>
                  <div className="min-w-0">
                    <SectionBody section="roster-board">
                      <RosterBoardSection>
                        <SectionFrame sectionId="roster-board" title="Roster Board">
                          <div className="grid gap-4" data-testid="m05-sectio..." data-m05-section="roster-board" ...>
                            <div>
                            <OfflineState>
                            <div
-                             data-ux-state="offline"
-                             data-testid="m05-ux-offline"
                            >
+                             <p className="m-0 mt-1 text-sm text-[var(--muted)]">
-                             <div
-                               className="rounded-[var(--radius)] border border-[var(--v34-card-line)] bg-[var(--card..."
-                             >
                            ...

    at <unknown> (https://react.dev/link/hydration-mismatch)
    at p (<anonymous>)
    at RosterBoardSection (src\modules\m05-roster\sections\RosterBoardSection.tsx:330:9)
    at SectionBody (src\modules\m05-roster\RosterWorkspace.tsx:48:14)
    at RosterWorkspaceChrome (src\modules\m05-roster\RosterWorkspace.tsx:232:11)
    at DeepLinkSync (src\modules\m05-roster\RosterWorkspace.tsx:167:10)
    at RosterWorkspace (src\modules\m05-roster\RosterWorkspace.tsx:259:9)
    at RosterModule (src\modules\m05-roster\RosterModule.tsx:9:10)
    at resolveModuleEntry (src\components\workspaces\ModuleWorkspace.tsx:77:14)
    at ModuleBody (src\components\workspaces\ModuleWorkspace.tsx:122:17)
    at ModuleWorkspace (src\components\workspaces\ModuleWorkspace.tsx:177:11)
    at ModulePage (src\app\(portal)\[module]\page.tsx:78:10)
  328 |       <OfflineState />
  329 |       <div>
> 330 |         <p className="m-0 mt-1 text-sm text-[var(--muted)]">
      |         ^
  331 |           Build weekly rosters — periods, shifts and assignments. Every assignment runs
  332 |           authoritative M04/platform eligibility.
  333 |         </p>
[browser] Uncaught Error: Internal Next.js error: Router action dispatched before initialization.
[browser] Uncaught Error: Hydration failed because the server rendered HTML didn't match the client. As a result this tree will be regenerated on the client. This can happen if a SSR-ed Client Component used:

- A server/client branch `if (typeof window !== 'undefined')`.
- Variable input such as `Date.now()` or `Math.random()` which changes each time it's called.
- Date formatting in a user's locale which doesn't match the server.
- External changing data without sending a snapshot of it along with the HTML.
- Invalid HTML tag nesting.

It can also happen if the client has a browser extension installed which messes with the HTML before React loaded.

https://react.dev/link/hydration-mismatch

  ...
    <RosterModule>
      <RosterWorkspace>
        <RosterProvider>
          <Suspense fallback={<div>}>
            <DeepLinkSync>
              <RosterWorkspaceChrome section="roster-board" ...>
                <div className="grid min-w..." data-workspace-nav="horizontal">
                  <div>
                  <div className="min-w-0">
                    <SectionBody section="roster-board">
                      <RosterBoardSection>
                        <SectionFrame sectionId="roster-board" title="Roster Board">
                          <div className="grid gap-4" data-testid="m05-sectio..." data-m05-section="roster-board" ...>
                            <div>
                            <OfflineState>
                            <div
-                             data-ux-state="offline"
-                             data-testid="m05-ux-offline"
                            >
+                             <p className="m-0 mt-1 text-sm text-[var(--muted)]">
-                             <div
-                               className="rounded-[var(--radius)] border border-[var(--v34-card-line)] bg-[var(--card..."
-                             >
                            ...

    at <unknown> (https://react.dev/link/hydration-mismatch)
    at p (<anonymous>)
    at RosterBoardSection (src\modules\m05-roster\sections\RosterBoardSection.tsx:330:9)
    at SectionBody (src\modules\m05-roster\RosterWorkspace.tsx:48:14)
    at RosterWorkspaceChrome (src\modules\m05-roster\RosterWorkspace.tsx:232:11)
    at DeepLinkSync (src\modules\m05-roster\RosterWorkspace.tsx:167:10)
    at RosterWorkspace (src\modules\m05-roster\RosterWorkspace.tsx:259:9)
    at RosterModule (src\modules\m05-roster\RosterModule.tsx:9:10)
    at resolveModuleEntry (src\components\workspaces\ModuleWorkspace.tsx:77:14)
    at ModuleBody (src\components\workspaces\ModuleWorkspace.tsx:122:17)
    at ModuleWorkspace (src\components\workspaces\ModuleWorkspace.tsx:177:11)
    at ModulePage (src\app\(portal)\[module]\page.tsx:78:10)
  328 |       <OfflineState />
  329 |       <div>
> 330 |         <p className="m-0 mt-1 text-sm text-[var(--muted)]">
      |         ^
  331 |           Build weekly rosters — periods, shifts and assignments. Every assignment runs
  332 |           authoritative M04/platform eligibility.
  333 |         </p>
⚠ Fast Refresh had to perform a full reload. Read more: https://nextjs.org/docs/messages/fast-refresh-reload
[browser] Can't perform a React state update on a component that hasn't mounted yet. This indicates that you have a side-effect in your render function that asynchronously tries to update the component. Move this work to useEffect instead. 
[browser] Uncaught Error: Internal Next.js error: Router action dispatched before initialization.
[browser] Uncaught Error: Hydration failed because the server rendered HTML didn't match the client. As a result this tree will be regenerated on the client. This can happen if a SSR-ed Client Component used:

- A server/client branch `if (typeof window !== 'undefined')`.
- Variable input such as `Date.now()` or `Math.random()` which changes each time it's called.
- Date formatting in a user's locale which doesn't match the server.
- External changing data without sending a snapshot of it along with the HTML.
- Invalid HTML tag nesting.

It can also happen if the client has a browser extension installed which messes with the HTML before React loaded.

https://react.dev/link/hydration-mismatch

  ...
    <SegmentViewNode type="page" pagePath="(portal)/[...">
      <SegmentTrieNode>
      <ModulePage>
        <ModuleWorkspace module={{id:"staffpay", ...}}>
          <PageHeader>
          ...
            <ModuleBody module={{id:"staffpay", ...}}>
              <StaffPayModule>
                <StaffPayWorkspace>
                  <StaffPayProvider>
                    <Suspense fallback={<div>}>
                      <DeepLinkSync>
                      <WorkspaceInner>
                        <div className="m07-shell ..." data-m07-shell="batch6-export" data-workspace-nav="horizontal">
                          <style>
                          <header className="rounded-2x...">
                            <p>
                            <p>
                            <p>
+                           <p className="mt-2 text-xs text-[var(--muted)]" role="status">
-                           <div className="mt-4">
                            ...
                          ...

    at <unknown> (https://react.dev/link/hydration-mismatch)
    at p (<anonymous>)
    at WorkspaceInner (src\modules\m07-staff-pay\StaffPayWorkspace.tsx:114:11)
    at StaffPayWorkspace (src\modules\m07-staff-pay\StaffPayWorkspace.tsx:140:9)
    at StaffPayModule (src\modules\m07-staff-pay\StaffPayModule.tsx:10:10)
    at resolveModuleEntry (src\components\workspaces\ModuleWorkspace.tsx:81:14)
    at ModuleBody (src\components\workspaces\ModuleWorkspace.tsx:122:17)
    at ModuleWorkspace (src\components\workspaces\ModuleWorkspace.tsx:177:11)
    at ModulePage (src\app\(portal)\[module]\page.tsx:78:10)
  112 |         <p className="mt-2 text-xs text-[var(--muted)]">{M07_NON_CERTIFIED_DISCLAIMER}</p>
  113 |         {bootstrap ? (
> 114 |           <p className="mt-2 text-xs text-[var(--muted)]" role="status">
      |           ^
  115 |             Storage bootstrap · schema v9 · v9Ran={String(bootstrap.v9Ran ?? false)}
  116 |           </p>
  117 |         ) : null}
[browser] Uncaught Error: Hydration failed because the server rendered HTML didn't match the client. As a result this tree will be regenerated on the client. This can happen if a SSR-ed Client Component used:

- A server/client branch `if (typeof window !== 'undefined')`.
- Variable input such as `Date.now()` or `Math.random()` which changes each time it's called.
- Date formatting in a user's locale which doesn't match the server.
- External changing data without sending a snapshot of it along with the HTML.
- Invalid HTML tag nesting.

It can also happen if the client has a browser extension installed which messes with the HTML before React loaded.

https://react.dev/link/hydration-mismatch

  ...
    <SegmentViewNode type="page" pagePath="(portal)/[...">
      <SegmentTrieNode>
      <ModulePage>
        <ModuleWorkspace module={{id:"staffpay", ...}}>
          <PageHeader>
          ...
            <ModuleBody module={{id:"staffpay", ...}}>
              <StaffPayModule>
                <StaffPayWorkspace>
                  <StaffPayProvider>
                    <Suspense fallback={<div>}>
                      <DeepLinkSync>
                      <WorkspaceInner>
                        <div className="m07-shell ..." data-m07-shell="batch6-export" data-workspace-nav="horizontal">
                          <style>
                          <header className="rounded-2x...">
                            <p>
                            <p>
                            <p>
+                           <p className="mt-2 text-xs text-[var(--muted)]" role="status">
-                           <div className="mt-4">
                            ...
                          ...

    at <unknown> (https://react.dev/link/hydration-mismatch)
    at p (<anonymous>)
    at WorkspaceInner (src\modules\m07-staff-pay\StaffPayWorkspace.tsx:114:11)
    at StaffPayWorkspace (src\modules\m07-staff-pay\StaffPayWorkspace.tsx:140:9)
    at StaffPayModule (src\modules\m07-staff-pay\StaffPayModule.tsx:10:10)
    at resolveModuleEntry (src\components\workspaces\ModuleWorkspace.tsx:81:14)
    at ModuleBody (src\components\workspaces\ModuleWorkspace.tsx:122:17)
    at ModuleWorkspace (src\components\workspaces\ModuleWorkspace.tsx:177:11)
    at ModulePage (src\app\(portal)\[module]\page.tsx:78:10)
  112 |         <p className="mt-2 text-xs text-[var(--muted)]">{M07_NON_CERTIFIED_DISCLAIMER}</p>
  113 |         {bootstrap ? (
> 114 |           <p className="mt-2 text-xs text-[var(--muted)]" role="status">
      |           ^
  115 |             Storage bootstrap · schema v9 · v9Ran={String(bootstrap.v9Ran ?? false)}
  116 |           </p>
  117 |         ) : null}
[browser] Uncaught Error: Hydration failed because the server rendered HTML didn't match the client. As a result this tree will be regenerated on the client. This can happen if a SSR-ed Client Component used:

- A server/client branch `if (typeof window !== 'undefined')`.
- Variable input such as `Date.now()` or `Math.random()` which changes each time it's called.
- Date formatting in a user's locale which doesn't match the server.
- External changing data without sending a snapshot of it along with the HTML.
- Invalid HTML tag nesting.

It can also happen if the client has a browser extension installed which messes with the HTML before React loaded.

https://react.dev/link/hydration-mismatch

  ...
    <SegmentViewNode type="page" pagePath="(portal)/[...">
      <SegmentTrieNode>
      <ModulePage>
        <ModuleWorkspace module={{id:"staffpay", ...}}>
          <PageHeader>
          ...
            <ModuleBody module={{id:"staffpay", ...}}>
              <StaffPayModule>
                <StaffPayWorkspace>
                  <StaffPayProvider>
                    <Suspense fallback={<div>}>
                      <DeepLinkSync>
                      <WorkspaceInner>
                        <div className="m07-shell ..." data-m07-shell="batch6-export" data-workspace-nav="horizontal">
                          <style>
                          <header className="rounded-2x...">
                            <p>
                            <p>
                            <p>
+                           <p className="mt-2 text-xs text-[var(--muted)]" role="status">
-                           <div className="mt-4">
                            ...
                          ...

    at <unknown> (https://react.dev/link/hydration-mismatch)
    at p (<anonymous>)
    at WorkspaceInner (src\modules\m07-staff-pay\StaffPayWorkspace.tsx:114:11)
    at StaffPayWorkspace (src\modules\m07-staff-pay\StaffPayWorkspace.tsx:140:9)
    at StaffPayModule (src\modules\m07-staff-pay\StaffPayModule.tsx:10:10)
    at resolveModuleEntry (src\components\workspaces\ModuleWorkspace.tsx:81:14)
    at ModuleBody (src\components\workspaces\ModuleWorkspace.tsx:122:17)
    at ModuleWorkspace (src\components\workspaces\ModuleWorkspace.tsx:177:11)
    at ModulePage (src\app\(portal)\[module]\page.tsx:78:10)
  112 |         <p className="mt-2 text-xs text-[var(--muted)]">{M07_NON_CERTIFIED_DISCLAIMER}</p>
  113 |         {bootstrap ? (
> 114 |           <p className="mt-2 text-xs text-[var(--muted)]" role="status">
      |           ^
  115 |             Storage bootstrap · schema v9 · v9Ran={String(bootstrap.v9Ran ?? false)}
  116 |           </p>
  117 |         ) : null}
[browser] Uncaught Error: Hydration failed because the server rendered HTML didn't match the client. As a result this tree will be regenerated on the client. This can happen if a SSR-ed Client Component used:

- A server/client branch `if (typeof window !== 'undefined')`.
- Variable input such as `Date.now()` or `Math.random()` which changes each time it's called.
- Date formatting in a user's locale which doesn't match the server.
- External changing data without sending a snapshot of it along with the HTML.
- Invalid HTML tag nesting.

It can also happen if the client has a browser extension installed which messes with the HTML before React loaded.

https://react.dev/link/hydration-mismatch

  ...
    <SegmentViewNode type="page" pagePath="(portal)/[...">
      <SegmentTrieNode>
      <ModulePage>
        <ModuleWorkspace module={{id:"staffpay", ...}}>
          <PageHeader>
          ...
            <ModuleBody module={{id:"staffpay", ...}}>
              <StaffPayModule>
                <StaffPayWorkspace>
                  <StaffPayProvider>
                    <Suspense fallback={<div>}>
                      <DeepLinkSync>
                      <WorkspaceInner>
                        <div className="m07-shell ..." data-m07-shell="batch6-export" data-workspace-nav="horizontal">
                          <style>
                          <header className="rounded-2x...">
                            <p>
                            <p>
                            <p>
+                           <p className="mt-2 text-xs text-[var(--muted)]" role="status">
-                           <div className="mt-4">
                            ...
                          ...

    at <unknown> (https://react.dev/link/hydration-mismatch)
    at p (<anonymous>)
    at WorkspaceInner (src\modules\m07-staff-pay\StaffPayWorkspace.tsx:114:11)
    at StaffPayWorkspace (src\modules\m07-staff-pay\StaffPayWorkspace.tsx:140:9)
    at StaffPayModule (src\modules\m07-staff-pay\StaffPayModule.tsx:10:10)
    at resolveModuleEntry (src\components\workspaces\ModuleWorkspace.tsx:81:14)
    at ModuleBody (src\components\workspaces\ModuleWorkspace.tsx:122:17)
    at ModuleWorkspace (src\components\workspaces\ModuleWorkspace.tsx:177:11)
    at ModulePage (src\app\(portal)\[module]\page.tsx:78:10)
  112 |         <p className="mt-2 text-xs text-[var(--muted)]">{M07_NON_CERTIFIED_DISCLAIMER}</p>
  113 |         {bootstrap ? (
> 114 |           <p className="mt-2 text-xs text-[var(--muted)]" role="status">
      |           ^
  115 |             Storage bootstrap · schema v9 · v9Ran={String(bootstrap.v9Ran ?? false)}
  116 |           </p>
  117 |         ) : null}
[browser] Uncaught Error: Hydration failed because the server rendered HTML didn't match the client. As a result this tree will be regenerated on the client. This can happen if a SSR-ed Client Component used:

- A server/client branch `if (typeof window !== 'undefined')`.
- Variable input such as `Date.now()` or `Math.random()` which changes each time it's called.
- Date formatting in a user's locale which doesn't match the server.
- External changing data without sending a snapshot of it along with the HTML.
- Invalid HTML tag nesting.

It can also happen if the client has a browser extension installed which messes with the HTML before React loaded.

https://react.dev/link/hydration-mismatch

  ...
    <SegmentViewNode type="page" pagePath="(portal)/[...">
      <SegmentTrieNode>
      <ModulePage>
        <ModuleWorkspace module={{id:"staffpay", ...}}>
          <PageHeader>
          ...
            <ModuleBody module={{id:"staffpay", ...}}>
              <StaffPayModule>
                <StaffPayWorkspace>
                  <StaffPayProvider>
                    <Suspense fallback={<div>}>
                      <DeepLinkSync>
                      <WorkspaceInner>
                        <div className="m07-shell ..." data-m07-shell="batch6-export" data-workspace-nav="horizontal">
                          <style>
                          <header className="rounded-2x...">
                            <p>
                            <p>
                            <p>
+                           <p className="mt-2 text-xs text-[var(--muted)]" role="status">
-                           <div className="mt-4">
                            ...
                          ...

    at <unknown> (https://react.dev/link/hydration-mismatch)
    at p (<anonymous>)
    at WorkspaceInner (src\modules\m07-staff-pay\StaffPayWorkspace.tsx:114:11)
    at StaffPayWorkspace (src\modules\m07-staff-pay\StaffPayWorkspace.tsx:140:9)
    at StaffPayModule (src\modules\m07-staff-pay\StaffPayModule.tsx:10:10)
    at resolveModuleEntry (src\components\workspaces\ModuleWorkspace.tsx:81:14)
    at ModuleBody (src\components\workspaces\ModuleWorkspace.tsx:122:17)
    at ModuleWorkspace (src\components\workspaces\ModuleWorkspace.tsx:177:11)
    at ModulePage (src\app\(portal)\[module]\page.tsx:78:10)
  112 |         <p className="mt-2 text-xs text-[var(--muted)]">{M07_NON_CERTIFIED_DISCLAIMER}</p>
  113 |         {bootstrap ? (
> 114 |           <p className="mt-2 text-xs text-[var(--muted)]" role="status">
      |           ^
  115 |             Storage bootstrap · schema v9 · v9Ran={String(bootstrap.v9Ran ?? false)}
  116 |           </p>
  117 |         ) : null}
[browser] Uncaught Error: Hydration failed because the server rendered HTML didn't match the client. As a result this tree will be regenerated on the client. This can happen if a SSR-ed Client Component used:

- A server/client branch `if (typeof window !== 'undefined')`.
- Variable input such as `Date.now()` or `Math.random()` which changes each time it's called.
- Date formatting in a user's locale which doesn't match the server.
- External changing data without sending a snapshot of it along with the HTML.
- Invalid HTML tag nesting.

It can also happen if the client has a browser extension installed which messes with the HTML before React loaded.

https://react.dev/link/hydration-mismatch

  ...
    <SegmentViewNode type="page" pagePath="(portal)/[...">
      <SegmentTrieNode>
      <ModulePage>
        <ModuleWorkspace module={{id:"staffpay", ...}}>
          <PageHeader>
          ...
            <ModuleBody module={{id:"staffpay", ...}}>
              <StaffPayModule>
                <StaffPayWorkspace>
                  <StaffPayProvider>
                    <Suspense fallback={<div>}>
                      <DeepLinkSync>
                      <WorkspaceInner>
                        <div className="m07-shell ..." data-m07-shell="batch6-export" data-workspace-nav="horizontal">
                          <style>
                          <header className="rounded-2x...">
                            <p>
                            <p>
                            <p>
+                           <p className="mt-2 text-xs text-[var(--muted)]" role="status">
-                           <div className="mt-4">
                            ...
                          ...

    at <unknown> (https://react.dev/link/hydration-mismatch)
    at p (<anonymous>)
    at WorkspaceInner (src\modules\m07-staff-pay\StaffPayWorkspace.tsx:114:11)
    at StaffPayWorkspace (src\modules\m07-staff-pay\StaffPayWorkspace.tsx:140:9)
    at StaffPayModule (src\modules\m07-staff-pay\StaffPayModule.tsx:10:10)
    at resolveModuleEntry (src\components\workspaces\ModuleWorkspace.tsx:81:14)
    at ModuleBody (src\components\workspaces\ModuleWorkspace.tsx:122:17)
    at ModuleWorkspace (src\components\workspaces\ModuleWorkspace.tsx:177:11)
    at ModulePage (src\app\(portal)\[module]\page.tsx:78:10)
  112 |         <p className="mt-2 text-xs text-[var(--muted)]">{M07_NON_CERTIFIED_DISCLAIMER}</p>
  113 |         {bootstrap ? (
> 114 |           <p className="mt-2 text-xs text-[var(--muted)]" role="status">
      |           ^
  115 |             Storage bootstrap · schema v9 · v9Ran={String(bootstrap.v9Ran ?? false)}
  116 |           </p>
  117 |         ) : null}
[browser] Uncaught Error: Hydration failed because the server rendered HTML didn't match the client. As a result this tree will be regenerated on the client. This can happen if a SSR-ed Client Component used:

- A server/client branch `if (typeof window !== 'undefined')`.
- Variable input such as `Date.now()` or `Math.random()` which changes each time it's called.
- Date formatting in a user's locale which doesn't match the server.
- External changing data without sending a snapshot of it along with the HTML.
- Invalid HTML tag nesting.

It can also happen if the client has a browser extension installed which messes with the HTML before React loaded.

https://react.dev/link/hydration-mismatch

  ...
    <SegmentViewNode type="page" pagePath="(portal)/[...">
      <SegmentTrieNode>
      <ModulePage>
        <ModuleWorkspace module={{id:"staffpay", ...}}>
          <PageHeader>
          ...
            <ModuleBody module={{id:"staffpay", ...}}>
              <StaffPayModule>
                <StaffPayWorkspace>
                  <StaffPayProvider>
                    <Suspense fallback={<div>}>
                      <DeepLinkSync>
                      <WorkspaceInner>
                        <div className="m07-shell ..." data-m07-shell="batch6-export" data-workspace-nav="horizontal">
                          <style>
                          <header className="rounded-2x...">
                            <p>
                            <p>
                            <p>
+                           <p className="mt-2 text-xs text-[var(--muted)]" role="status">
-                           <div className="mt-4">
                            ...
                          ...

    at <unknown> (https://react.dev/link/hydration-mismatch)
    at p (<anonymous>)
    at WorkspaceInner (src\modules\m07-staff-pay\StaffPayWorkspace.tsx:114:11)
    at StaffPayWorkspace (src\modules\m07-staff-pay\StaffPayWorkspace.tsx:140:9)
    at StaffPayModule (src\modules\m07-staff-pay\StaffPayModule.tsx:10:10)
    at resolveModuleEntry (src\components\workspaces\ModuleWorkspace.tsx:81:14)
    at ModuleBody (src\components\workspaces\ModuleWorkspace.tsx:122:17)
    at ModuleWorkspace (src\components\workspaces\ModuleWorkspace.tsx:177:11)
    at ModulePage (src\app\(portal)\[module]\page.tsx:78:10)
  112 |         <p className="mt-2 text-xs text-[var(--muted)]">{M07_NON_CERTIFIED_DISCLAIMER}</p>
  113 |         {bootstrap ? (
> 114 |           <p className="mt-2 text-xs text-[var(--muted)]" role="status">
      |           ^
  115 |             Storage bootstrap · schema v9 · v9Ran={String(bootstrap.v9Ran ?? false)}
  116 |           </p>
  117 |         ) : null}
[browser] Uncaught Error: Hydration failed because the server rendered HTML didn't match the client. As a result this tree will be regenerated on the client. This can happen if a SSR-ed Client Component used:

- A server/client branch `if (typeof window !== 'undefined')`.
- Variable input such as `Date.now()` or `Math.random()` which changes each time it's called.
- Date formatting in a user's locale which doesn't match the server.
- External changing data without sending a snapshot of it along with the HTML.
- Invalid HTML tag nesting.

It can also happen if the client has a browser extension installed which messes with the HTML before React loaded.

https://react.dev/link/hydration-mismatch

  ...
    <SegmentViewNode type="page" pagePath="(portal)/[...">
      <SegmentTrieNode>
      <ModulePage>
        <ModuleWorkspace module={{id:"staffpay", ...}}>
          <PageHeader>
          ...
            <ModuleBody module={{id:"staffpay", ...}}>
              <StaffPayModule>
                <StaffPayWorkspace>
                  <StaffPayProvider>
                    <Suspense fallback={<div>}>
                      <DeepLinkSync>
                      <WorkspaceInner>
                        <div className="m07-shell ..." data-m07-shell="batch6-export" data-workspace-nav="horizontal">
                          <style>
                          <header className="rounded-2x...">
                            <p>
                            <p>
                            <p>
+                           <p className="mt-2 text-xs text-[var(--muted)]" role="status">
-                           <div className="mt-4">
                            ...
                          ...

    at <unknown> (https://react.dev/link/hydration-mismatch)
    at p (<anonymous>)
    at WorkspaceInner (src\modules\m07-staff-pay\StaffPayWorkspace.tsx:114:11)
    at StaffPayWorkspace (src\modules\m07-staff-pay\StaffPayWorkspace.tsx:140:9)
    at StaffPayModule (src\modules\m07-staff-pay\StaffPayModule.tsx:10:10)
    at resolveModuleEntry (src\components\workspaces\ModuleWorkspace.tsx:81:14)
    at ModuleBody (src\components\workspaces\ModuleWorkspace.tsx:122:17)
    at ModuleWorkspace (src\components\workspaces\ModuleWorkspace.tsx:177:11)
    at ModulePage (src\app\(portal)\[module]\page.tsx:78:10)
  112 |         <p className="mt-2 text-xs text-[var(--muted)]">{M07_NON_CERTIFIED_DISCLAIMER}</p>
  113 |         {bootstrap ? (
> 114 |           <p className="mt-2 text-xs text-[var(--muted)]" role="status">
      |           ^
  115 |             Storage bootstrap · schema v9 · v9Ran={String(bootstrap.v9Ran ?? false)}
  116 |           </p>
  117 |         ) : null}
[browser] Can't perform a React state update on a component that hasn't mounted yet. This indicates that you have a side-effect in your render function that asynchronously tries to update the component. Move this work to useEffect instead. 
[browser] Uncaught Error: Hydration failed because the server rendered text didn't match the client. As a result this tree will be regenerated on the client. This can happen if a SSR-ed Client Component used:

- A server/client branch `if (typeof window !== 'undefined')`.
- Variable input such as `Date.now()` or `Math.random()` which changes each time it's called.
- Date formatting in a user's locale which doesn't match the server.
- External changing data without sending a snapshot of it along with the HTML.
- Invalid HTML tag nesting.

It can also happen if the client has a browser extension installed which messes with the HTML before React loaded.

https://react.dev/link/hydration-mismatch

  ...
    <Suspense fallback={<div>}>
      <DeepLinkSync>
        <StaffDoctorsWorkspaceChrome section="overview" onNavigate={function DeepLinkSync.useCallback[navigateSection]}>
          <div className="grid min-w..." data-workspace-nav="horizontal">
            <div>
            <div className="min-w-0">
              <SectionBody section="overview">
                <OverviewSection>
                  <div className="grid gap-4">
                    <div>
                    <div className="grid gap-3...">
                      <button type="button" className="text-left" onClick={function onClick}>
                        <Metric label="Active staff" value={41} icon="users" tone="success">
                          <div className="flex items...">
                            <div>
                              <div>
                              <div className="mt-1 text-[28px] font-extrabold tracking-tight text-[var(--ink)]">
+                               41
-                               0
                            ...
                      ...
                    ...

    at <unknown> (https://react.dev/link/hydration-mismatch)
    at div (<anonymous>)
    at Metric (src\components\ui\Metric.tsx:36:9)
    at OverviewSection (src\modules\m04-staff-doctors\sections\OverviewSection.tsx:31:11)
    at SectionBody (src\modules\m04-staff-doctors\StaffDoctorsWorkspace.tsx:39:14)
    at StaffDoctorsWorkspaceChrome (src\modules\m04-staff-doctors\StaffDoctorsWorkspace.tsx:119:9)
    at DeepLinkSync (src\modules\m04-staff-doctors\StaffDoctorsWorkspace.tsx:88:10)
    at StaffDoctorsWorkspace (src\modules\m04-staff-doctors\StaffDoctorsWorkspace.tsx:135:9)
    at StaffDoctorsModule (src\modules\m04-staff-doctors\StaffDoctorsModule.tsx:10:10)
    at resolveModuleEntry (src\components\workspaces\ModuleWorkspace.tsx:75:14)
    at ModuleBody (src\components\workspaces\ModuleWorkspace.tsx:122:17)
    at ModuleWorkspace (src\components\workspaces\ModuleWorkspace.tsx:177:11)
    at ModulePage (src\app\(portal)\[module]\page.tsx:78:10)
  34 |           {label}
  35 |         </div>
> 36 |         <div className="mt-1 text-[28px] font-extrabold tracking-tight text-[var(--ink)]">
     |         ^
  37 |           {value}
  38 |         </div>
  39 |       </div>
[browser] Uncaught Error: Hydration failed because the server rendered HTML didn't match the client. As a result this tree will be regenerated on the client. This can happen if a SSR-ed Client Component used:

- A server/client branch `if (typeof window !== 'undefined')`.
- Variable input such as `Date.now()` or `Math.random()` which changes each time it's called.
- Date formatting in a user's locale which doesn't match the server.
- External changing data without sending a snapshot of it along with the HTML.
- Invalid HTML tag nesting.

It can also happen if the client has a browser extension installed which messes with the HTML before React loaded.

https://react.dev/link/hydration-mismatch

  ...
    <RosterModule>
      <RosterWorkspace>
        <RosterProvider>
          <Suspense fallback={<div>}>
            <DeepLinkSync>
              <RosterWorkspaceChrome section="roster-board" ...>
                <div className="grid min-w..." data-workspace-nav="horizontal">
                  <div>
                  <div className="min-w-0">
                    <SectionBody section="roster-board">
                      <RosterBoardSection>
                        <SectionFrame sectionId="roster-board" title="Roster Board">
                          <div className="grid gap-4" data-testid="m05-sectio..." data-m05-section="roster-board" ...>
                            <div>
                            <OfflineState>
                            <div
-                             data-ux-state="offline"
-                             data-testid="m05-ux-offline"
                            >
+                             <p className="m-0 mt-1 text-sm text-[var(--muted)]">
-                             <div
-                               className="rounded-[var(--radius)] border border-[var(--v34-card-line)] bg-[var(--card..."
-                             >
                            ...

    at <unknown> (https://react.dev/link/hydration-mismatch)
    at p (<anonymous>)
    at RosterBoardSection (src\modules\m05-roster\sections\RosterBoardSection.tsx:330:9)
    at SectionBody (src\modules\m05-roster\RosterWorkspace.tsx:48:14)
    at RosterWorkspaceChrome (src\modules\m05-roster\RosterWorkspace.tsx:232:11)
    at DeepLinkSync (src\modules\m05-roster\RosterWorkspace.tsx:167:10)
    at RosterWorkspace (src\modules\m05-roster\RosterWorkspace.tsx:259:9)
    at RosterModule (src\modules\m05-roster\RosterModule.tsx:9:10)
    at resolveModuleEntry (src\components\workspaces\ModuleWorkspace.tsx:77:14)
    at ModuleBody (src\components\workspaces\ModuleWorkspace.tsx:122:17)
    at ModuleWorkspace (src\components\workspaces\ModuleWorkspace.tsx:177:11)
    at ModulePage (src\app\(portal)\[module]\page.tsx:78:10)
  328 |       <OfflineState />
  329 |       <div>
> 330 |         <p className="m-0 mt-1 text-sm text-[var(--muted)]">
      |         ^
  331 |           Build weekly rosters — periods, shifts and assignments. Every assignment runs
  332 |           authoritative M04/platform eligibility.
  333 |         </p>
⚠ Fast Refresh had to perform a full reload. Read more: https://nextjs.org/docs/messages/fast-refresh-reload
[browser] Uncaught Error: Hydration failed because the server rendered HTML didn't match the client. As a result this tree will be regenerated on the client. This can happen if a SSR-ed Client Component used:

- A server/client branch `if (typeof window !== 'undefined')`.
- Variable input such as `Date.now()` or `Math.random()` which changes each time it's called.
- Date formatting in a user's locale which doesn't match the server.
- External changing data without sending a snapshot of it along with the HTML.
- Invalid HTML tag nesting.

It can also happen if the client has a browser extension installed which messes with the HTML before React loaded.

https://react.dev/link/hydration-mismatch

  ...
    <SegmentViewNode type="page" pagePath="(portal)/[...">
      <SegmentTrieNode>
      <ModulePage>
        <ModuleWorkspace module={{id:"staffpay", ...}}>
          <PageHeader>
          ...
            <ModuleBody module={{id:"staffpay", ...}}>
              <StaffPayModule>
                <StaffPayWorkspace>
                  <StaffPayProvider>
                    <Suspense fallback={<div>}>
                      <DeepLinkSync>
                      <WorkspaceInner>
                        <div className="m07-shell ..." data-m07-shell="batch6-export" data-workspace-nav="horizontal">
                          <style>
                          <header className="rounded-2x...">
                            <p>
                            <p>
                            <p>
+                           <p className="mt-2 text-xs text-[var(--muted)]" role="status">
-                           <div className="mt-4">
                            ...
                          ...

    at <unknown> (https://react.dev/link/hydration-mismatch)
    at p (<anonymous>)
    at WorkspaceInner (src\modules\m07-staff-pay\StaffPayWorkspace.tsx:114:11)
    at StaffPayWorkspace (src\modules\m07-staff-pay\StaffPayWorkspace.tsx:140:9)
    at StaffPayModule (src\modules\m07-staff-pay\StaffPayModule.tsx:10:10)
    at resolveModuleEntry (src\components\workspaces\ModuleWorkspace.tsx:81:14)
    at ModuleBody (src\components\workspaces\ModuleWorkspace.tsx:122:17)
    at ModuleWorkspace (src\components\workspaces\ModuleWorkspace.tsx:177:11)
    at ModulePage (src\app\(portal)\[module]\page.tsx:78:10)
  112 |         <p className="mt-2 text-xs text-[var(--muted)]">{M07_NON_CERTIFIED_DISCLAIMER}</p>
  113 |         {bootstrap ? (
> 114 |           <p className="mt-2 text-xs text-[var(--muted)]" role="status">
      |           ^
  115 |             Storage bootstrap · schema v9 · v9Ran={String(bootstrap.v9Ran ?? false)}
  116 |           </p>
  117 |         ) : null}
[browser] Uncaught Error: Hydration failed because the server rendered HTML didn't match the client. As a result this tree will be regenerated on the client. This can happen if a SSR-ed Client Component used:

- A server/client branch `if (typeof window !== 'undefined')`.
- Variable input such as `Date.now()` or `Math.random()` which changes each time it's called.
- Date formatting in a user's locale which doesn't match the server.
- External changing data without sending a snapshot of it along with the HTML.
- Invalid HTML tag nesting.

It can also happen if the client has a browser extension installed which messes with the HTML before React loaded.

https://react.dev/link/hydration-mismatch

  ...
    <SegmentViewNode type="page" pagePath="(portal)/[...">
      <SegmentTrieNode>
      <ModulePage>
        <ModuleWorkspace module={{id:"staffpay", ...}}>
          <PageHeader>
          ...
            <ModuleBody module={{id:"staffpay", ...}}>
              <StaffPayModule>
                <StaffPayWorkspace>
                  <StaffPayProvider>
                    <Suspense fallback={<div>}>
                      <DeepLinkSync>
                      <WorkspaceInner>
                        <div className="m07-shell ..." data-m07-shell="batch6-export" data-workspace-nav="horizontal">
                          <style>
                          <header className="rounded-2x...">
                            <p>
                            <p>
                            <p>
+                           <p className="mt-2 text-xs text-[var(--muted)]" role="status">
-                           <div className="mt-4">
                            ...
                          ...

    at <unknown> (https://react.dev/link/hydration-mismatch)
    at p (<anonymous>)
    at WorkspaceInner (src\modules\m07-staff-pay\StaffPayWorkspace.tsx:114:11)
    at StaffPayWorkspace (src\modules\m07-staff-pay\StaffPayWorkspace.tsx:140:9)
    at StaffPayModule (src\modules\m07-staff-pay\StaffPayModule.tsx:10:10)
    at resolveModuleEntry (src\components\workspaces\ModuleWorkspace.tsx:81:14)
    at ModuleBody (src\components\workspaces\ModuleWorkspace.tsx:122:17)
    at ModuleWorkspace (src\components\workspaces\ModuleWorkspace.tsx:177:11)
    at ModulePage (src\app\(portal)\[module]\page.tsx:78:10)
  112 |         <p className="mt-2 text-xs text-[var(--muted)]">{M07_NON_CERTIFIED_DISCLAIMER}</p>
  113 |         {bootstrap ? (
> 114 |           <p className="mt-2 text-xs text-[var(--muted)]" role="status">
      |           ^
  115 |             Storage bootstrap · schema v9 · v9Ran={String(bootstrap.v9Ran ?? false)}
  116 |           </p>
  117 |         ) : null}
[browser] Uncaught Error: Hydration failed because the server rendered text didn't match the client. As a result this tree will be regenerated on the client. This can happen if a SSR-ed Client Component used:

- A server/client branch `if (typeof window !== 'undefined')`.
- Variable input such as `Date.now()` or `Math.random()` which changes each time it's called.
- Date formatting in a user's locale which doesn't match the server.
- External changing data without sending a snapshot of it along with the HTML.
- Invalid HTML tag nesting.

It can also happen if the client has a browser extension installed which messes with the HTML before React loaded.

https://react.dev/link/hydration-mismatch

  ...
    <Suspense fallback={<div>}>
      <DeepLinkSync>
        <StaffDoctorsWorkspaceChrome section="overview" onNavigate={function DeepLinkSync.useCallback[navigateSection]}>
          <div className="grid min-w..." data-workspace-nav="horizontal">
            <div>
            <div className="min-w-0">
              <SectionBody section="overview">
                <OverviewSection>
                  <div className="grid gap-4">
                    <div>
                    <div className="grid gap-3...">
                      <button type="button" className="text-left" onClick={function onClick}>
                        <Metric label="Active staff" value={41} icon="users" tone="success">
                          <div className="flex items...">
                            <div>
                              <div>
                              <div className="mt-1 text-[28px] font-extrabold tracking-tight text-[var(--ink)]">
+                               41
-                               0
                            ...
                      ...
                    ...

    at <unknown> (https://react.dev/link/hydration-mismatch)
    at div (<anonymous>)
    at Metric (src\components\ui\Metric.tsx:36:9)
    at OverviewSection (src\modules\m04-staff-doctors\sections\OverviewSection.tsx:31:11)
    at SectionBody (src\modules\m04-staff-doctors\StaffDoctorsWorkspace.tsx:39:14)
    at StaffDoctorsWorkspaceChrome (src\modules\m04-staff-doctors\StaffDoctorsWorkspace.tsx:119:9)
    at DeepLinkSync (src\modules\m04-staff-doctors\StaffDoctorsWorkspace.tsx:88:10)
    at StaffDoctorsWorkspace (src\modules\m04-staff-doctors\StaffDoctorsWorkspace.tsx:135:9)
    at StaffDoctorsModule (src\modules\m04-staff-doctors\StaffDoctorsModule.tsx:10:10)
    at resolveModuleEntry (src\components\workspaces\ModuleWorkspace.tsx:75:14)
    at ModuleBody (src\components\workspaces\ModuleWorkspace.tsx:122:17)
    at ModuleWorkspace (src\components\workspaces\ModuleWorkspace.tsx:177:11)
    at ModulePage (src\app\(portal)\[module]\page.tsx:78:10)
  34 |           {label}
  35 |         </div>
> 36 |         <div className="mt-1 text-[28px] font-extrabold tracking-tight text-[var(--ink)]">
     |         ^
  37 |           {value}
  38 |         </div>
  39 |       </div>
[browser] Uncaught Error: Hydration failed because the server rendered HTML didn't match the client. As a result this tree will be regenerated on the client. This can happen if a SSR-ed Client Component used:

- A server/client branch `if (typeof window !== 'undefined')`.
- Variable input such as `Date.now()` or `Math.random()` which changes each time it's called.
- Date formatting in a user's locale which doesn't match the server.
- External changing data without sending a snapshot of it along with the HTML.
- Invalid HTML tag nesting.

It can also happen if the client has a browser extension installed which messes with the HTML before React loaded.

https://react.dev/link/hydration-mismatch

  ...
    <RosterModule>
      <RosterWorkspace>
        <RosterProvider>
          <Suspense fallback={<div>}>
            <DeepLinkSync>
              <RosterWorkspaceChrome section="roster-board" ...>
                <div className="grid min-w..." data-workspace-nav="horizontal">
                  <div>
                  <div className="min-w-0">
                    <SectionBody section="roster-board">
                      <RosterBoardSection>
                        <SectionFrame sectionId="roster-board" title="Roster Board">
                          <div className="grid gap-4" data-testid="m05-sectio..." data-m05-section="roster-board" ...>
                            <div>
                            <OfflineState>
                            <div
-                             data-ux-state="offline"
-                             data-testid="m05-ux-offline"
                            >
+                             <p className="m-0 mt-1 text-sm text-[var(--muted)]">
-                             <div
-                               className="rounded-[var(--radius)] border border-[var(--v34-card-line)] bg-[var(--card..."
-                             >
                            ...

    at <unknown> (https://react.dev/link/hydration-mismatch)
    at p (<anonymous>)
    at RosterBoardSection (src\modules\m05-roster\sections\RosterBoardSection.tsx:330:9)
    at SectionBody (src\modules\m05-roster\RosterWorkspace.tsx:48:14)
    at RosterWorkspaceChrome (src\modules\m05-roster\RosterWorkspace.tsx:232:11)
    at DeepLinkSync (src\modules\m05-roster\RosterWorkspace.tsx:167:10)
    at RosterWorkspace (src\modules\m05-roster\RosterWorkspace.tsx:259:9)
    at RosterModule (src\modules\m05-roster\RosterModule.tsx:9:10)
    at resolveModuleEntry (src\components\workspaces\ModuleWorkspace.tsx:77:14)
    at ModuleBody (src\components\workspaces\ModuleWorkspace.tsx:122:17)
    at ModuleWorkspace (src\components\workspaces\ModuleWorkspace.tsx:177:11)
    at ModulePage (src\app\(portal)\[module]\page.tsx:78:10)
  328 |       <OfflineState />
  329 |       <div>
> 330 |         <p className="m-0 mt-1 text-sm text-[var(--muted)]">
      |         ^
  331 |           Build weekly rosters — periods, shifts and assignments. Every assignment runs
  332 |           authoritative M04/platform eligibility.
  333 |         </p>
[browser] Uncaught Error: Hydration failed because the server rendered HTML didn't match the client. As a result this tree will be regenerated on the client. This can happen if a SSR-ed Client Component used:

- A server/client branch `if (typeof window !== 'undefined')`.
- Variable input such as `Date.now()` or `Math.random()` which changes each time it's called.
- Date formatting in a user's locale which doesn't match the server.
- External changing data without sending a snapshot of it along with the HTML.
- Invalid HTML tag nesting.

It can also happen if the client has a browser extension installed which messes with the HTML before React loaded.

https://react.dev/link/hydration-mismatch

  ...
    <SegmentViewNode type="page" pagePath="(portal)/[...">
      <SegmentTrieNode>
      <ModulePage>
        <ModuleWorkspace module={{id:"staffpay", ...}}>
          <PageHeader>
          ...
            <ModuleBody module={{id:"staffpay", ...}}>
              <StaffPayModule>
                <StaffPayWorkspace>
                  <StaffPayProvider>
                    <Suspense fallback={<div>}>
                      <DeepLinkSync>
                      <WorkspaceInner>
                        <div className="m07-shell ..." data-m07-shell="batch6-export" data-workspace-nav="horizontal">
                          <style>
                          <header className="rounded-2x...">
                            <p>
                            <p>
                            <p>
+                           <p className="mt-2 text-xs text-[var(--muted)]" role="status">
-                           <div className="mt-4">
                            ...
                          ...

    at <unknown> (https://react.dev/link/hydration-mismatch)
    at p (<anonymous>)
    at WorkspaceInner (src\modules\m07-staff-pay\StaffPayWorkspace.tsx:114:11)
    at StaffPayWorkspace (src\modules\m07-staff-pay\StaffPayWorkspace.tsx:140:9)
    at StaffPayModule (src\modules\m07-staff-pay\StaffPayModule.tsx:10:10)
    at resolveModuleEntry (src\components\workspaces\ModuleWorkspace.tsx:81:14)
    at ModuleBody (src\components\workspaces\ModuleWorkspace.tsx:122:17)
    at ModuleWorkspace (src\components\workspaces\ModuleWorkspace.tsx:177:11)
    at ModulePage (src\app\(portal)\[module]\page.tsx:78:10)
  112 |         <p className="mt-2 text-xs text-[var(--muted)]">{M07_NON_CERTIFIED_DISCLAIMER}</p>
  113 |         {bootstrap ? (
> 114 |           <p className="mt-2 text-xs text-[var(--muted)]" role="status">
      |           ^
  115 |             Storage bootstrap · schema v9 · v9Ran={String(bootstrap.v9Ran ?? false)}
  116 |           </p>
  117 |         ) : null}
[browser] Can't perform a React state update on a component that hasn't mounted yet. This indicates that you have a side-effect in your render function that asynchronously tries to update the component. Move this work to useEffect instead. 
[browser] Uncaught Error: Hydration failed because the server rendered HTML didn't match the client. As a result this tree will be regenerated on the client. This can happen if a SSR-ed Client Component used:

- A server/client branch `if (typeof window !== 'undefined')`.
- Variable input such as `Date.now()` or `Math.random()` which changes each time it's called.
- Date formatting in a user's locale which doesn't match the server.
- External changing data without sending a snapshot of it along with the HTML.
- Invalid HTML tag nesting.

It can also happen if the client has a browser extension installed which messes with the HTML before React loaded.

https://react.dev/link/hydration-mismatch

  ...
    <SegmentViewNode type="page" pagePath="(portal)/[...">
      <SegmentTrieNode>
      <ModulePage>
        <ModuleWorkspace module={{id:"staffpay", ...}}>
          <PageHeader>
          ...
            <ModuleBody module={{id:"staffpay", ...}}>
              <StaffPayModule>
                <StaffPayWorkspace>
                  <StaffPayProvider>
                    <Suspense fallback={<div>}>
                      <DeepLinkSync>
                      <WorkspaceInner>
                        <div className="m07-shell ..." data-m07-shell="batch6-export" data-workspace-nav="horizontal">
                          <style>
                          <header className="rounded-2x...">
                            <p>
                            <p>
                            <p>
+                           <p className="mt-2 text-xs text-[var(--muted)]" role="status">
-                           <div className="mt-4">
                            ...
                          ...

    at <unknown> (https://react.dev/link/hydration-mismatch)
    at p (<anonymous>)
    at WorkspaceInner (src\modules\m07-staff-pay\StaffPayWorkspace.tsx:114:11)
    at StaffPayWorkspace (src\modules\m07-staff-pay\StaffPayWorkspace.tsx:140:9)
    at StaffPayModule (src\modules\m07-staff-pay\StaffPayModule.tsx:10:10)
    at resolveModuleEntry (src\components\workspaces\ModuleWorkspace.tsx:81:14)
    at ModuleBody (src\components\workspaces\ModuleWorkspace.tsx:122:17)
    at ModuleWorkspace (src\components\workspaces\ModuleWorkspace.tsx:177:11)
    at ModulePage (src\app\(portal)\[module]\page.tsx:78:10)
  112 |         <p className="mt-2 text-xs text-[var(--muted)]">{M07_NON_CERTIFIED_DISCLAIMER}</p>
  113 |         {bootstrap ? (
> 114 |           <p className="mt-2 text-xs text-[var(--muted)]" role="status">
      |           ^
  115 |             Storage bootstrap · schema v9 · v9Ran={String(bootstrap.v9Ran ?? false)}
  116 |           </p>
  117 |         ) : null}
[browser] A tree hydrated but some attributes of the server rendered HTML didn't match the client properties. This won't be patched up. This can happen if a SSR-ed Client Component used:

- A server/client branch `if (typeof window !== 'undefined')`.
- Variable input such as `Date.now()` or `Math.random()` which changes each time it's called.
- Date formatting in a user's locale which doesn't match the server.
- External changing data without sending a snapshot of it along with the HTML.
- Invalid HTML tag nesting.

It can also happen if the client has a browser extension installed which messes with the HTML before React loaded.

https://react.dev/link/hydration-mismatch

  ...
    <HotReload globalError={[...]} webSocket={WebSocket} staticIndicatorState={{pathname:null, ...}}>
      <AppDevOverlayErrorBoundary globalError={[...]}>
        <ReplaySsrOnlyErrors>
        <DevRootHTTPAccessFallbackBoundary>
          <HTTPAccessFallbackBoundary notFound={<NotAllowedRootHTTPFallbackError>}>
            <HTTPAccessFallbackErrorBoundary pathname="/dashboard" notFound={<NotAllowedRootHTTPFallbackError>} ...>
              <RedirectBoundary>
                <RedirectErrorBoundary router={{...}}>
                  <Head>
                  <__next_root_layout_boundary__>
                    <SegmentViewNode type="layout" pagePath="layout.tsx">
                      <SegmentTrieNode>
                      <link>
                      <RootLayout>
                        <html lang="en" className="h-full">
                          <body
+                           className="min-h-full antialiased"
-                           className="min-h-full antialiased theme-dark"
                          >
                  ...
 
[browser] A tree hydrated but some attributes of the server rendered HTML didn't match the client properties. This won't be patched up. This can happen if a SSR-ed Client Component used:

- A server/client branch `if (typeof window !== 'undefined')`.
- Variable input such as `Date.now()` or `Math.random()` which changes each time it's called.
- Date formatting in a user's locale which doesn't match the server.
- External changing data without sending a snapshot of it along with the HTML.
- Invalid HTML tag nesting.

It can also happen if the client has a browser extension installed which messes with the HTML before React loaded.

https://react.dev/link/hydration-mismatch

  ...
    <HotReload globalError={[...]} webSocket={WebSocket} staticIndicatorState={{pathname:null, ...}}>
      <AppDevOverlayErrorBoundary globalError={[...]}>
        <ReplaySsrOnlyErrors>
        <DevRootHTTPAccessFallbackBoundary>
          <HTTPAccessFallbackBoundary notFound={<NotAllowedRootHTTPFallbackError>}>
            <HTTPAccessFallbackErrorBoundary pathname="/dashboard" notFound={<NotAllowedRootHTTPFallbackError>} ...>
              <RedirectBoundary>
                <RedirectErrorBoundary router={{...}}>
                  <Head>
                  <__next_root_layout_boundary__>
                    <SegmentViewNode type="layout" pagePath="layout.tsx">
                      <SegmentTrieNode>
                      <link>
                      <RootLayout>
                        <html lang="en" className="h-full">
                          <body
+                           className="min-h-full antialiased"
-                           className="min-h-full antialiased theme-dark"
                          >
                  ...
 
[browser] A tree hydrated but some attributes of the server rendered HTML didn't match the client properties. This won't be patched up. This can happen if a SSR-ed Client Component used:

- A server/client branch `if (typeof window !== 'undefined')`.
- Variable input such as `Date.now()` or `Math.random()` which changes each time it's called.
- Date formatting in a user's locale which doesn't match the server.
- External changing data without sending a snapshot of it along with the HTML.
- Invalid HTML tag nesting.

It can also happen if the client has a browser extension installed which messes with the HTML before React loaded.

https://react.dev/link/hydration-mismatch

  ...
    <HotReload globalError={[...]} webSocket={WebSocket} staticIndicatorState={{pathname:null, ...}}>
      <AppDevOverlayErrorBoundary globalError={[...]}>
        <ReplaySsrOnlyErrors>
        <DevRootHTTPAccessFallbackBoundary>
          <HTTPAccessFallbackBoundary notFound={<NotAllowedRootHTTPFallbackError>}>
            <HTTPAccessFallbackErrorBoundary pathname="/staff-doc..." notFound={<NotAllowedRootHTTPFallbackError>} ...>
              <RedirectBoundary>
                <RedirectErrorBoundary router={{...}}>
                  <Head>
                  <__next_root_layout_boundary__>
                    <SegmentViewNode type="layout" pagePath="layout.tsx">
                      <SegmentTrieNode>
                      <link>
                      <RootLayout>
                        <html lang="en" className="h-full">
                          <body
+                           className="min-h-full antialiased"
-                           className="min-h-full antialiased theme-dark"
                          >
                  ...
 
[browser] Uncaught Error: Hydration failed because the server rendered text didn't match the client. As a result this tree will be regenerated on the client. This can happen if a SSR-ed Client Component used:

- A server/client branch `if (typeof window !== 'undefined')`.
- Variable input such as `Date.now()` or `Math.random()` which changes each time it's called.
- Date formatting in a user's locale which doesn't match the server.
- External changing data without sending a snapshot of it along with the HTML.
- Invalid HTML tag nesting.

It can also happen if the client has a browser extension installed which messes with the HTML before React loaded.

https://react.dev/link/hydration-mismatch

  ...
    <Suspense fallback={<div>}>
      <DeepLinkSync>
        <StaffDoctorsWorkspaceChrome section="overview" onNavigate={function DeepLinkSync.useCallback[navigateSection]}>
          <div className="grid min-w..." data-workspace-nav="horizontal">
            <div>
            <div className="min-w-0">
              <SectionBody section="overview">
                <OverviewSection>
                  <div className="grid gap-4">
                    <div>
                    <div className="grid gap-3...">
                      <button type="button" className="text-left" onClick={function onClick}>
                        <Metric label="Active staff" value={41} icon="users" tone="success">
                          <div className="flex items...">
                            <div>
                              <div>
                              <div className="mt-1 text-[28px] font-extrabold tracking-tight text-[var(--ink)]">
+                               41
-                               0
                            ...
                      ...
                    ...

    at <unknown> (https://react.dev/link/hydration-mismatch)
    at div (<anonymous>)
    at Metric (src\components\ui\Metric.tsx:36:9)
    at OverviewSection (src\modules\m04-staff-doctors\sections\OverviewSection.tsx:31:11)
    at SectionBody (src\modules\m04-staff-doctors\StaffDoctorsWorkspace.tsx:39:14)
    at StaffDoctorsWorkspaceChrome (src\modules\m04-staff-doctors\StaffDoctorsWorkspace.tsx:119:9)
    at DeepLinkSync (src\modules\m04-staff-doctors\StaffDoctorsWorkspace.tsx:88:10)
    at StaffDoctorsWorkspace (src\modules\m04-staff-doctors\StaffDoctorsWorkspace.tsx:135:9)
    at StaffDoctorsModule (src\modules\m04-staff-doctors\StaffDoctorsModule.tsx:10:10)
    at resolveModuleEntry (src\components\workspaces\ModuleWorkspace.tsx:75:14)
    at ModuleBody (src\components\workspaces\ModuleWorkspace.tsx:122:17)
    at ModuleWorkspace (src\components\workspaces\ModuleWorkspace.tsx:177:11)
    at ModulePage (src\app\(portal)\[module]\page.tsx:78:10)
  34 |           {label}
  35 |         </div>
> 36 |         <div className="mt-1 text-[28px] font-extrabold tracking-tight text-[var(--ink)]">
     |         ^
  37 |           {value}
  38 |         </div>
  39 |       </div>
[browser] A tree hydrated but some attributes of the server rendered HTML didn't match the client properties. This won't be patched up. This can happen if a SSR-ed Client Component used:

- A server/client branch `if (typeof window !== 'undefined')`.
- Variable input such as `Date.now()` or `Math.random()` which changes each time it's called.
- Date formatting in a user's locale which doesn't match the server.
- External changing data without sending a snapshot of it along with the HTML.
- Invalid HTML tag nesting.

It can also happen if the client has a browser extension installed which messes with the HTML before React loaded.

https://react.dev/link/hydration-mismatch

  ...
    <HotReload globalError={[...]} webSocket={WebSocket} staticIndicatorState={{pathname:null, ...}}>
      <AppDevOverlayErrorBoundary globalError={[...]}>
        <ReplaySsrOnlyErrors>
        <DevRootHTTPAccessFallbackBoundary>
          <HTTPAccessFallbackBoundary notFound={<NotAllowedRootHTTPFallbackError>}>
            <HTTPAccessFallbackErrorBoundary pathname="/roster" notFound={<NotAllowedRootHTTPFallbackError>} ...>
              <RedirectBoundary>
                <RedirectErrorBoundary router={{...}}>
                  <Head>
                  <__next_root_layout_boundary__>
                    <SegmentViewNode type="layout" pagePath="layout.tsx">
                      <SegmentTrieNode>
                      <link>
                      <RootLayout>
                        <html lang="en" className="h-full">
                          <body
+                           className="min-h-full antialiased"
-                           className="min-h-full antialiased theme-dark"
                          >
                  ...
 
[browser] Uncaught Error: Hydration failed because the server rendered HTML didn't match the client. As a result this tree will be regenerated on the client. This can happen if a SSR-ed Client Component used:

- A server/client branch `if (typeof window !== 'undefined')`.
- Variable input such as `Date.now()` or `Math.random()` which changes each time it's called.
- Date formatting in a user's locale which doesn't match the server.
- External changing data without sending a snapshot of it along with the HTML.
- Invalid HTML tag nesting.

It can also happen if the client has a browser extension installed which messes with the HTML before React loaded.

https://react.dev/link/hydration-mismatch

  ...
    <RosterModule>
      <RosterWorkspace>
        <RosterProvider>
          <Suspense fallback={<div>}>
            <DeepLinkSync>
              <RosterWorkspaceChrome section="roster-board" ...>
                <div className="grid min-w..." data-workspace-nav="horizontal">
                  <div>
                  <div className="min-w-0">
                    <SectionBody section="roster-board">
                      <RosterBoardSection>
                        <SectionFrame sectionId="roster-board" title="Roster Board">
                          <div className="grid gap-4" data-testid="m05-sectio..." data-m05-section="roster-board" ...>
                            <div>
                            <OfflineState>
                            <div
-                             data-ux-state="offline"
-                             data-testid="m05-ux-offline"
                            >
+                             <p className="m-0 mt-1 text-sm text-[var(--muted)]">
-                             <div
-                               className="rounded-[var(--radius)] border border-[var(--v34-card-line)] bg-[var(--card..."
-                             >
                            ...

    at <unknown> (https://react.dev/link/hydration-mismatch)
    at p (<anonymous>)
    at RosterBoardSection (src\modules\m05-roster\sections\RosterBoardSection.tsx:330:9)
    at SectionBody (src\modules\m05-roster\RosterWorkspace.tsx:48:14)
    at RosterWorkspaceChrome (src\modules\m05-roster\RosterWorkspace.tsx:232:11)
    at DeepLinkSync (src\modules\m05-roster\RosterWorkspace.tsx:167:10)
    at RosterWorkspace (src\modules\m05-roster\RosterWorkspace.tsx:259:9)
    at RosterModule (src\modules\m05-roster\RosterModule.tsx:9:10)
    at resolveModuleEntry (src\components\workspaces\ModuleWorkspace.tsx:77:14)
    at ModuleBody (src\components\workspaces\ModuleWorkspace.tsx:122:17)
    at ModuleWorkspace (src\components\workspaces\ModuleWorkspace.tsx:177:11)
    at ModulePage (src\app\(portal)\[module]\page.tsx:78:10)
  328 |       <OfflineState />
  329 |       <div>
> 330 |         <p className="m-0 mt-1 text-sm text-[var(--muted)]">
      |         ^
  331 |           Build weekly rosters — periods, shifts and assignments. Every assignment runs
  332 |           authoritative M04/platform eligibility.
  333 |         </p>
[browser] A tree hydrated but some attributes of the server rendered HTML didn't match the client properties. This won't be patched up. This can happen if a SSR-ed Client Component used:

- A server/client branch `if (typeof window !== 'undefined')`.
- Variable input such as `Date.now()` or `Math.random()` which changes each time it's called.
- Date formatting in a user's locale which doesn't match the server.
- External changing data without sending a snapshot of it along with the HTML.
- Invalid HTML tag nesting.

It can also happen if the client has a browser extension installed which messes with the HTML before React loaded.

https://react.dev/link/hydration-mismatch

  ...
    <HotReload globalError={[...]} webSocket={WebSocket} staticIndicatorState={{pathname:null, ...}}>
      <AppDevOverlayErrorBoundary globalError={[...]}>
        <ReplaySsrOnlyErrors>
        <DevRootHTTPAccessFallbackBoundary>
          <HTTPAccessFallbackBoundary notFound={<NotAllowedRootHTTPFallbackError>}>
            <HTTPAccessFallbackErrorBoundary pathname="/time-atte..." notFound={<NotAllowedRootHTTPFallbackError>} ...>
              <RedirectBoundary>
                <RedirectErrorBoundary router={{...}}>
                  <Head>
                  <__next_root_layout_boundary__>
                    <SegmentViewNode type="layout" pagePath="layout.tsx">
                      <SegmentTrieNode>
                      <link>
                      <RootLayout>
                        <html lang="en" className="h-full">
                          <body
+                           className="min-h-full antialiased"
-                           className="min-h-full antialiased theme-dark"
                          >
                  ...
 
[browser] A tree hydrated but some attributes of the server rendered HTML didn't match the client properties. This won't be patched up. This can happen if a SSR-ed Client Component used:

- A server/client branch `if (typeof window !== 'undefined')`.
- Variable input such as `Date.now()` or `Math.random()` which changes each time it's called.
- Date formatting in a user's locale which doesn't match the server.
- External changing data without sending a snapshot of it along with the HTML.
- Invalid HTML tag nesting.

It can also happen if the client has a browser extension installed which messes with the HTML before React loaded.

https://react.dev/link/hydration-mismatch

  ...
    <HotReload globalError={[...]} webSocket={WebSocket} staticIndicatorState={{pathname:null, ...}}>
      <AppDevOverlayErrorBoundary globalError={[...]}>
        <ReplaySsrOnlyErrors>
        <DevRootHTTPAccessFallbackBoundary>
          <HTTPAccessFallbackBoundary notFound={<NotAllowedRootHTTPFallbackError>}>
            <HTTPAccessFallbackErrorBoundary pathname="/staffpay" notFound={<NotAllowedRootHTTPFallbackError>} ...>
              <RedirectBoundary>
                <RedirectErrorBoundary router={{...}}>
                  <Head>
                  <__next_root_layout_boundary__>
                    <SegmentViewNode type="layout" pagePath="layout.tsx">
                      <SegmentTrieNode>
                      <link>
                      <RootLayout>
                        <html lang="en" className="h-full">
                          <body
+                           className="min-h-full antialiased"
-                           className="min-h-full antialiased theme-dark"
                          >
                  ...
 
[browser] Uncaught Error: Hydration failed because the server rendered HTML didn't match the client. As a result this tree will be regenerated on the client. This can happen if a SSR-ed Client Component used:

- A server/client branch `if (typeof window !== 'undefined')`.
- Variable input such as `Date.now()` or `Math.random()` which changes each time it's called.
- Date formatting in a user's locale which doesn't match the server.
- External changing data without sending a snapshot of it along with the HTML.
- Invalid HTML tag nesting.

It can also happen if the client has a browser extension installed which messes with the HTML before React loaded.

https://react.dev/link/hydration-mismatch

  ...
    <SegmentViewNode type="page" pagePath="(portal)/[...">
      <SegmentTrieNode>
      <ModulePage>
        <ModuleWorkspace module={{id:"staffpay", ...}}>
          <PageHeader>
          ...
            <ModuleBody module={{id:"staffpay", ...}}>
              <StaffPayModule>
                <StaffPayWorkspace>
                  <StaffPayProvider>
                    <Suspense fallback={<div>}>
                      <DeepLinkSync>
                      <WorkspaceInner>
                        <div className="m07-shell ..." data-m07-shell="batch6-export" data-workspace-nav="horizontal">
                          <style>
                          <header className="rounded-2x...">
                            <p>
                            <p>
                            <p>
+                           <p className="mt-2 text-xs text-[var(--muted)]" role="status">
-                           <div className="mt-4">
                            ...
                          ...

    at <unknown> (https://react.dev/link/hydration-mismatch)
    at p (<anonymous>)
    at WorkspaceInner (src\modules\m07-staff-pay\StaffPayWorkspace.tsx:114:11)
    at StaffPayWorkspace (src\modules\m07-staff-pay\StaffPayWorkspace.tsx:140:9)
    at StaffPayModule (src\modules\m07-staff-pay\StaffPayModule.tsx:10:10)
    at resolveModuleEntry (src\components\workspaces\ModuleWorkspace.tsx:81:14)
    at ModuleBody (src\components\workspaces\ModuleWorkspace.tsx:122:17)
    at ModuleWorkspace (src\components\workspaces\ModuleWorkspace.tsx:177:11)
    at ModulePage (src\app\(portal)\[module]\page.tsx:78:10)
  112 |         <p className="mt-2 text-xs text-[var(--muted)]">{M07_NON_CERTIFIED_DISCLAIMER}</p>
  113 |         {bootstrap ? (
> 114 |           <p className="mt-2 text-xs text-[var(--muted)]" role="status">
      |           ^
  115 |             Storage bootstrap · schema v9 · v9Ran={String(bootstrap.v9Ran ?? false)}
  116 |           </p>
  117 |         ) : null}
[browser] A tree hydrated but some attributes of the server rendered HTML didn't match the client properties. This won't be patched up. This can happen if a SSR-ed Client Component used:

- A server/client branch `if (typeof window !== 'undefined')`.
- Variable input such as `Date.now()` or `Math.random()` which changes each time it's called.
- Date formatting in a user's locale which doesn't match the server.
- External changing data without sending a snapshot of it along with the HTML.
- Invalid HTML tag nesting.

It can also happen if the client has a browser extension installed which messes with the HTML before React loaded.

https://react.dev/link/hydration-mismatch

  ...
    <HotReload globalError={[...]} webSocket={WebSocket} staticIndicatorState={{pathname:null, ...}}>
      <AppDevOverlayErrorBoundary globalError={[...]}>
        <ReplaySsrOnlyErrors>
        <DevRootHTTPAccessFallbackBoundary>
          <HTTPAccessFallbackBoundary notFound={<NotAllowedRootHTTPFallbackError>}>
            <HTTPAccessFallbackErrorBoundary pathname="/staffpay" notFound={<NotAllowedRootHTTPFallbackError>} ...>
              <RedirectBoundary>
                <RedirectErrorBoundary router={{...}}>
                  <Head>
                  <__next_root_layout_boundary__>
                    <SegmentViewNode type="layout" pagePath="layout.tsx">
                      <SegmentTrieNode>
                      <link>
                      <RootLayout>
                        <html lang="en" className="h-full">
                          <body
+                           className="min-h-full antialiased"
-                           className="min-h-full antialiased theme-dark"
                          >
                  ...
 
[browser] Uncaught Error: Hydration failed because the server rendered HTML didn't match the client. As a result this tree will be regenerated on the client. This can happen if a SSR-ed Client Component used:

- A server/client branch `if (typeof window !== 'undefined')`.
- Variable input such as `Date.now()` or `Math.random()` which changes each time it's called.
- Date formatting in a user's locale which doesn't match the server.
- External changing data without sending a snapshot of it along with the HTML.
- Invalid HTML tag nesting.

It can also happen if the client has a browser extension installed which messes with the HTML before React loaded.

https://react.dev/link/hydration-mismatch

  ...
    <SegmentViewNode type="page" pagePath="(portal)/[...">
      <SegmentTrieNode>
      <ModulePage>
        <ModuleWorkspace module={{id:"staffpay", ...}}>
          <PageHeader>
          ...
            <ModuleBody module={{id:"staffpay", ...}}>
              <StaffPayModule>
                <StaffPayWorkspace>
                  <StaffPayProvider>
                    <Suspense fallback={<div>}>
                      <DeepLinkSync>
                      <WorkspaceInner>
                        <div className="m07-shell ..." data-m07-shell="batch6-export" data-workspace-nav="horizontal">
                          <style>
                          <header className="rounded-2x...">
                            <p>
                            <p>
                            <p>
+                           <p className="mt-2 text-xs text-[var(--muted)]" role="status">
-                           <div className="mt-4">
                            ...
                          ...

    at <unknown> (https://react.dev/link/hydration-mismatch)
    at p (<anonymous>)
    at WorkspaceInner (src\modules\m07-staff-pay\StaffPayWorkspace.tsx:114:11)
    at StaffPayWorkspace (src\modules\m07-staff-pay\StaffPayWorkspace.tsx:140:9)
    at StaffPayModule (src\modules\m07-staff-pay\StaffPayModule.tsx:10:10)
    at resolveModuleEntry (src\components\workspaces\ModuleWorkspace.tsx:81:14)
    at ModuleBody (src\components\workspaces\ModuleWorkspace.tsx:122:17)
    at ModuleWorkspace (src\components\workspaces\ModuleWorkspace.tsx:177:11)
    at ModulePage (src\app\(portal)\[module]\page.tsx:78:10)
  112 |         <p className="mt-2 text-xs text-[var(--muted)]">{M07_NON_CERTIFIED_DISCLAIMER}</p>
  113 |         {bootstrap ? (
> 114 |           <p className="mt-2 text-xs text-[var(--muted)]" role="status">
      |           ^
  115 |             Storage bootstrap · schema v9 · v9Ran={String(bootstrap.v9Ran ?? false)}
  116 |           </p>
  117 |         ) : null}
[browser] Can't perform a React state update on a component that hasn't mounted yet. This indicates that you have a side-effect in your render function that asynchronously tries to update the component. Move this work to useEffect instead. 
[browser] A tree hydrated but some attributes of the server rendered HTML didn't match the client properties. This won't be patched up. This can happen if a SSR-ed Client Component used:

- A server/client branch `if (typeof window !== 'undefined')`.
- Variable input such as `Date.now()` or `Math.random()` which changes each time it's called.
- Date formatting in a user's locale which doesn't match the server.
- External changing data without sending a snapshot of it along with the HTML.
- Invalid HTML tag nesting.

It can also happen if the client has a browser extension installed which messes with the HTML before React loaded.

https://react.dev/link/hydration-mismatch

  ...
    <HotReload globalError={[...]} webSocket={WebSocket} staticIndicatorState={{pathname:null, ...}}>
      <AppDevOverlayErrorBoundary globalError={[...]}>
        <ReplaySsrOnlyErrors>
        <DevRootHTTPAccessFallbackBoundary>
          <HTTPAccessFallbackBoundary notFound={<NotAllowedRootHTTPFallbackError>}>
            <HTTPAccessFallbackErrorBoundary pathname="/dashboard" notFound={<NotAllowedRootHTTPFallbackError>} ...>
              <RedirectBoundary>
                <RedirectErrorBoundary router={{...}}>
                  <Head>
                  <__next_root_layout_boundary__>
                    <SegmentViewNode type="layout" pagePath="layout.tsx">
                      <SegmentTrieNode>
                      <link>
                      <RootLayout>
                        <html lang="en" className="h-full">
                          <body
+                           className="min-h-full antialiased"
-                           className="min-h-full antialiased theme-dark"
                          >
                            ...
                              <div className="pulse-top-...">
                                <div>
                                <div className="ribbon-cen...">
                                  <label className="search-com...">
                                    <Icon>
                                    <input
                                      type="search"
                                      className="w-full border-0 bg-transparent text-[12px] font-semibold text-[var(--..."
                                      placeholder="Search modules and sections..."
                                      aria-label="Search modules and sections"
                                      value=""
                                      onChange={function onChange}
                                      onKeyDown={function onKeyDown}
-                                     style={{caret-color:"transparent"}}
                                    >
                                ...
                  ...
 
[browser] A tree hydrated but some attributes of the server rendered HTML didn't match the client properties. This won't be patched up. This can happen if a SSR-ed Client Component used:

- A server/client branch `if (typeof window !== 'undefined')`.
- Variable input such as `Date.now()` or `Math.random()` which changes each time it's called.
- Date formatting in a user's locale which doesn't match the server.
- External changing data without sending a snapshot of it along with the HTML.
- Invalid HTML tag nesting.

It can also happen if the client has a browser extension installed which messes with the HTML before React loaded.

https://react.dev/link/hydration-mismatch

  ...
    <HotReload globalError={[...]} webSocket={WebSocket} staticIndicatorState={{pathname:null, ...}}>
      <AppDevOverlayErrorBoundary globalError={[...]}>
        <ReplaySsrOnlyErrors>
        <DevRootHTTPAccessFallbackBoundary>
          <HTTPAccessFallbackBoundary notFound={<NotAllowedRootHTTPFallbackError>}>
            <HTTPAccessFallbackErrorBoundary pathname="/dashboard" notFound={<NotAllowedRootHTTPFallbackError>} ...>
              <RedirectBoundary>
                <RedirectErrorBoundary router={{...}}>
                  <Head>
                  <__next_root_layout_boundary__>
                    <SegmentViewNode type="layout" pagePath="layout.tsx">
                      <SegmentTrieNode>
                      <link>
                      <RootLayout>
                        <html lang="en" className="h-full">
                          <body
+                           className="min-h-full antialiased"
-                           className="min-h-full antialiased theme-dark"
                          >
                  ...
 
[browser] Uncaught Error: Hydration failed because the server rendered text didn't match the client. As a result this tree will be regenerated on the client. This can happen if a SSR-ed Client Component used:

- A server/client branch `if (typeof window !== 'undefined')`.
- Variable input such as `Date.now()` or `Math.random()` which changes each time it's called.
- Date formatting in a user's locale which doesn't match the server.
- External changing data without sending a snapshot of it along with the HTML.
- Invalid HTML tag nesting.

It can also happen if the client has a browser extension installed which messes with the HTML before React loaded.

https://react.dev/link/hydration-mismatch

  ...
    <Suspense fallback={<div>}>
      <DeepLinkSync>
        <StaffDoctorsWorkspaceChrome section="overview" onNavigate={function DeepLinkSync.useCallback[navigateSection]}>
          <div className="grid min-w..." data-workspace-nav="horizontal">
            <div>
            <div className="min-w-0">
              <SectionBody section="overview">
                <OverviewSection>
                  <div className="grid gap-4">
                    <div>
                    <div className="grid gap-3...">
                      <button type="button" className="text-left" onClick={function onClick}>
                        <Metric label="Active staff" value={41} icon="users" tone="success">
                          <div className="flex items...">
                            <div>
                              <div>
                              <div className="mt-1 text-[28px] font-extrabold tracking-tight text-[var(--ink)]">
+                               41
-                               0
                            ...
                      ...
                    ...

    at <unknown> (https://react.dev/link/hydration-mismatch)
    at div (<anonymous>)
    at Metric (src\components\ui\Metric.tsx:36:9)
    at OverviewSection (src\modules\m04-staff-doctors\sections\OverviewSection.tsx:31:11)
    at SectionBody (src\modules\m04-staff-doctors\StaffDoctorsWorkspace.tsx:39:14)
    at StaffDoctorsWorkspaceChrome (src\modules\m04-staff-doctors\StaffDoctorsWorkspace.tsx:119:9)
    at DeepLinkSync (src\modules\m04-staff-doctors\StaffDoctorsWorkspace.tsx:88:10)
    at StaffDoctorsWorkspace (src\modules\m04-staff-doctors\StaffDoctorsWorkspace.tsx:135:9)
    at StaffDoctorsModule (src\modules\m04-staff-doctors\StaffDoctorsModule.tsx:10:10)
    at resolveModuleEntry (src\components\workspaces\ModuleWorkspace.tsx:75:14)
    at ModuleBody (src\components\workspaces\ModuleWorkspace.tsx:122:17)
    at ModuleWorkspace (src\components\workspaces\ModuleWorkspace.tsx:177:11)
    at ModulePage (src\app\(portal)\[module]\page.tsx:78:10)
  34 |           {label}
  35 |         </div>
> 36 |         <div className="mt-1 text-[28px] font-extrabold tracking-tight text-[var(--ink)]">
     |         ^
  37 |           {value}
  38 |         </div>
  39 |       </div>
[browser] A tree hydrated but some attributes of the server rendered HTML didn't match the client properties. This won't be patched up. This can happen if a SSR-ed Client Component used:

- A server/client branch `if (typeof window !== 'undefined')`.
- Variable input such as `Date.now()` or `Math.random()` which changes each time it's called.
- Date formatting in a user's locale which doesn't match the server.
- External changing data without sending a snapshot of it along with the HTML.
- Invalid HTML tag nesting.

It can also happen if the client has a browser extension installed which messes with the HTML before React loaded.

https://react.dev/link/hydration-mismatch

  ...
    <HotReload globalError={[...]} webSocket={WebSocket} staticIndicatorState={{pathname:null, ...}}>
      <AppDevOverlayErrorBoundary globalError={[...]}>
        <ReplaySsrOnlyErrors>
        <DevRootHTTPAccessFallbackBoundary>
          <HTTPAccessFallbackBoundary notFound={<NotAllowedRootHTTPFallbackError>}>
            <HTTPAccessFallbackErrorBoundary pathname="/staff-doc..." notFound={<NotAllowedRootHTTPFallbackError>} ...>
              <RedirectBoundary>
                <RedirectErrorBoundary router={{...}}>
                  <Head>
                  <__next_root_layout_boundary__>
                    <SegmentViewNode type="layout" pagePath="layout.tsx">
                      <SegmentTrieNode>
                      <link>
                      <RootLayout>
                        <html lang="en" className="h-full">
                          <body
+                           className="min-h-full antialiased"
-                           className="min-h-full antialiased theme-dark"
                          >
                  ...
 
⨯ SyntaxError: Unexpected end of JSON input
    at JSON.parse (<anonymous>) {
  page: '/roster'
}
⚠ Fast Refresh had to perform a full reload. Read more: https://nextjs.org/docs/messages/fast-refresh-reload
[browser] Uncaught SyntaxError: Unexpected end of JSON input
    at JSON.parse (<anonymous>)
[browser] A tree hydrated but some attributes of the server rendered HTML didn't match the client properties. This won't be patched up. This can happen if a SSR-ed Client Component used:

- A server/client branch `if (typeof window !== 'undefined')`.
- Variable input such as `Date.now()` or `Math.random()` which changes each time it's called.
- Date formatting in a user's locale which doesn't match the server.
- External changing data without sending a snapshot of it along with the HTML.
- Invalid HTML tag nesting.

It can also happen if the client has a browser extension installed which messes with the HTML before React loaded.

https://react.dev/link/hydration-mismatch

  ...
    <HotReload globalError={[...]} webSocket={WebSocket} staticIndicatorState={{pathname:null, ...}}>
      <AppDevOverlayErrorBoundary globalError={[...]}>
        <ReplaySsrOnlyErrors>
        <DevRootHTTPAccessFallbackBoundary>
          <HTTPAccessFallbackBoundary notFound={<NotAllowedRootHTTPFallbackError>}>
            <HTTPAccessFallbackErrorBoundary pathname="/time-atte..." notFound={<NotAllowedRootHTTPFallbackError>} ...>
              <RedirectBoundary>
                <RedirectErrorBoundary router={{...}}>
                  <Head>
                  <__next_root_layout_boundary__>
                    <SegmentViewNode type="layout" pagePath="layout.tsx">
                      <SegmentTrieNode>
                      <link>
                      <RootLayout>
                        <html lang="en" className="h-full">
                          <body
+                           className="min-h-full antialiased"
-                           className="min-h-full antialiased theme-dark"
                          >
                  ...
 
[browser] A tree hydrated but some attributes of the server rendered HTML didn't match the client properties. This won't be patched up. This can happen if a SSR-ed Client Component used:

- A server/client branch `if (typeof window !== 'undefined')`.
- Variable input such as `Date.now()` or `Math.random()` which changes each time it's called.
- Date formatting in a user's locale which doesn't match the server.
- External changing data without sending a snapshot of it along with the HTML.
- Invalid HTML tag nesting.

It can also happen if the client has a browser extension installed which messes with the HTML before React loaded.

https://react.dev/link/hydration-mismatch

  ...
    <HotReload globalError={[...]} webSocket={WebSocket} staticIndicatorState={{pathname:null, ...}}>
      <AppDevOverlayErrorBoundary globalError={[...]}>
        <ReplaySsrOnlyErrors>
        <DevRootHTTPAccessFallbackBoundary>
          <HTTPAccessFallbackBoundary notFound={<NotAllowedRootHTTPFallbackError>}>
            <HTTPAccessFallbackErrorBoundary pathname="/staffpay" notFound={<NotAllowedRootHTTPFallbackError>} ...>
              <RedirectBoundary>
                <RedirectErrorBoundary router={{...}}>
                  <Head>
                  <__next_root_layout_boundary__>
                    <SegmentViewNode type="layout" pagePath="layout.tsx">
                      <SegmentTrieNode>
                      <link>
                      <RootLayout>
                        <html lang="en" className="h-full">
                          <body
+                           className="min-h-full antialiased"
-                           className="min-h-full antialiased theme-dark"
                          >
                  ...
 
[browser] Uncaught Error: Hydration failed because the server rendered HTML didn't match the client. As a result this tree will be regenerated on the client. This can happen if a SSR-ed Client Component used:

- A server/client branch `if (typeof window !== 'undefined')`.
- Variable input such as `Date.now()` or `Math.random()` which changes each time it's called.
- Date formatting in a user's locale which doesn't match the server.
- External changing data without sending a snapshot of it along with the HTML.
- Invalid HTML tag nesting.

It can also happen if the client has a browser extension installed which messes with the HTML before React loaded.

https://react.dev/link/hydration-mismatch

  ...
    <SegmentViewNode type="page" pagePath="(portal)/[...">
      <SegmentTrieNode>
      <ModulePage>
        <ModuleWorkspace module={{id:"staffpay", ...}}>
          <PageHeader>
          ...
            <ModuleBody module={{id:"staffpay", ...}}>
              <StaffPayModule>
                <StaffPayWorkspace>
                  <StaffPayProvider>
                    <Suspense fallback={<div>}>
                      <DeepLinkSync>
                      <WorkspaceInner>
                        <div className="m07-shell ..." data-m07-shell="batch6-export" data-workspace-nav="horizontal">
                          <style>
                          <header className="rounded-2x...">
                            <p>
                            <p>
                            <p>
+                           <p className="mt-2 text-xs text-[var(--muted)]" role="status">
-                           <div className="mt-4">
                            ...
                          ...

    at <unknown> (https://react.dev/link/hydration-mismatch)
    at p (<anonymous>)
    at WorkspaceInner (src\modules\m07-staff-pay\StaffPayWorkspace.tsx:114:11)
    at StaffPayWorkspace (src\modules\m07-staff-pay\StaffPayWorkspace.tsx:140:9)
    at StaffPayModule (src\modules\m07-staff-pay\StaffPayModule.tsx:10:10)
    at resolveModuleEntry (src\components\workspaces\ModuleWorkspace.tsx:81:14)
    at ModuleBody (src\components\workspaces\ModuleWorkspace.tsx:122:17)
    at ModuleWorkspace (src\components\workspaces\ModuleWorkspace.tsx:177:11)
    at ModulePage (src\app\(portal)\[module]\page.tsx:78:10)
  112 |         <p className="mt-2 text-xs text-[var(--muted)]">{M07_NON_CERTIFIED_DISCLAIMER}</p>
  113 |         {bootstrap ? (
> 114 |           <p className="mt-2 text-xs text-[var(--muted)]" role="status">
      |           ^
  115 |             Storage bootstrap · schema v9 · v9Ran={String(bootstrap.v9Ran ?? false)}
  116 |           </p>
  117 |         ) : null}
[browser] A tree hydrated but some attributes of the server rendered HTML didn't match the client properties. This won't be patched up. This can happen if a SSR-ed Client Component used:

- A server/client branch `if (typeof window !== 'undefined')`.
- Variable input such as `Date.now()` or `Math.random()` which changes each time it's called.
- Date formatting in a user's locale which doesn't match the server.
- External changing data without sending a snapshot of it along with the HTML.
- Invalid HTML tag nesting.

It can also happen if the client has a browser extension installed which messes with the HTML before React loaded.

https://react.dev/link/hydration-mismatch

  ...
    <HotReload globalError={[...]} webSocket={WebSocket} staticIndicatorState={{pathname:null, ...}}>
      <AppDevOverlayErrorBoundary globalError={[...]}>
        <ReplaySsrOnlyErrors>
        <DevRootHTTPAccessFallbackBoundary>
          <HTTPAccessFallbackBoundary notFound={<NotAllowedRootHTTPFallbackError>}>
            <HTTPAccessFallbackErrorBoundary pathname="/staffpay" notFound={<NotAllowedRootHTTPFallbackError>} ...>
              <RedirectBoundary>
                <RedirectErrorBoundary router={{...}}>
                  <Head>
                  <__next_root_layout_boundary__>
                    <SegmentViewNode type="layout" pagePath="layout.tsx">
                      <SegmentTrieNode>
                      <link>
                      <RootLayout>
                        <html lang="en" className="h-full">
                          <body
+                           className="min-h-full antialiased"
-                           className="min-h-full antialiased theme-dark"
                          >
                  ...
 
[browser] Uncaught Error: Hydration failed because the server rendered HTML didn't match the client. As a result this tree will be regenerated on the client. This can happen if a SSR-ed Client Component used:

- A server/client branch `if (typeof window !== 'undefined')`.
- Variable input such as `Date.now()` or `Math.random()` which changes each time it's called.
- Date formatting in a user's locale which doesn't match the server.
- External changing data without sending a snapshot of it along with the HTML.
- Invalid HTML tag nesting.

It can also happen if the client has a browser extension installed which messes with the HTML before React loaded.

https://react.dev/link/hydration-mismatch

  ...
    <SegmentViewNode type="page" pagePath="(portal)/[...">
      <SegmentTrieNode>
      <ModulePage>
        <ModuleWorkspace module={{id:"staffpay", ...}}>
          <PageHeader>
          ...
            <ModuleBody module={{id:"staffpay", ...}}>
              <StaffPayModule>
                <StaffPayWorkspace>
                  <StaffPayProvider>
                    <Suspense fallback={<div>}>
                      <DeepLinkSync>
                      <WorkspaceInner>
                        <div className="m07-shell ..." data-m07-shell="batch6-export" data-workspace-nav="horizontal">
                          <style>
                          <header className="rounded-2x...">
                            <p>
                            <p>
                            <p>
+                           <p className="mt-2 text-xs text-[var(--muted)]" role="status">
-                           <div className="mt-4">
                            ...
                          ...

    at <unknown> (https://react.dev/link/hydration-mismatch)
    at p (<anonymous>)
    at WorkspaceInner (src\modules\m07-staff-pay\StaffPayWorkspace.tsx:114:11)
    at StaffPayWorkspace (src\modules\m07-staff-pay\StaffPayWorkspace.tsx:140:9)
    at StaffPayModule (src\modules\m07-staff-pay\StaffPayModule.tsx:10:10)
    at resolveModuleEntry (src\components\workspaces\ModuleWorkspace.tsx:81:14)
    at ModuleBody (src\components\workspaces\ModuleWorkspace.tsx:122:17)
    at ModuleWorkspace (src\components\workspaces\ModuleWorkspace.tsx:177:11)
    at ModulePage (src\app\(portal)\[module]\page.tsx:78:10)
  112 |         <p className="mt-2 text-xs text-[var(--muted)]">{M07_NON_CERTIFIED_DISCLAIMER}</p>
  113 |         {bootstrap ? (
> 114 |           <p className="mt-2 text-xs text-[var(--muted)]" role="status">
      |           ^
  115 |             Storage bootstrap · schema v9 · v9Ran={String(bootstrap.v9Ran ?? false)}
  116 |           </p>
  117 |         ) : null}
⨯ SyntaxError: Unexpected end of JSON input
    at JSON.parse (<anonymous>) {
  page: '/dashboard'
}
[browser] A tree hydrated but some attributes of the server rendered HTML didn't match the client properties. This won't be patched up. This can happen if a SSR-ed Client Component used:

- A server/client branch `if (typeof window !== 'undefined')`.
- Variable input such as `Date.now()` or `Math.random()` which changes each time it's called.
- Date formatting in a user's locale which doesn't match the server.
- External changing data without sending a snapshot of it along with the HTML.
- Invalid HTML tag nesting.

It can also happen if the client has a browser extension installed which messes with the HTML before React loaded.

https://react.dev/link/hydration-mismatch

  ...
    <PortalLayout params={Promise}>
      <PortalProvider>
        <ClinicContextProvider>
          <IdentityProvider>
            <PortalChrome>
              <CreateFormProvider>
                <div className="app flex m...">
                  <Sidebar>
                    <div>
                    <aside className="pulse-side..." data-premium-clinical-nav="true">
                      <div className="v33-nav-tools">
                        <label className="v33-nav-se...">
                          <Icon>
                          <input
                            type="search"
                            autoComplete="off"
                            placeholder="Find a module or section"
                            aria-label="Find a module or section"
                            value=""
                            onChange={function onChange}
                            onKeyDown={function onKeyDown}
-                           style={{caret-color:"transparent"}}
                          >
                      ...
                  <main className="main flex ...">
                    <Topbar>
                      <div className="pulse-top-...">
                        <div>
                        <div className="ribbon-cen...">
                          <label className="search-com...">
                            <Icon>
                            <input
                              type="search"
                              className="w-full border-0 bg-transparent text-[12px] font-semibold text-[var(--ink)] ou..."
                              placeholder="Search modules and sections..."
                              aria-label="Search modules and sections"
                              value=""
                              onChange={function onChange}
                              onKeyDown={function onKeyDown}
-                             style={{caret-color:"transparent"}}
                            >
                        ...
                    ...
                  ...
                ...
 
[browser] A tree hydrated but some attributes of the server rendered HTML didn't match the client properties. This won't be patched up. This can happen if a SSR-ed Client Component used:

- A server/client branch `if (typeof window !== 'undefined')`.
- Variable input such as `Date.now()` or `Math.random()` which changes each time it's called.
- Date formatting in a user's locale which doesn't match the server.
- External changing data without sending a snapshot of it along with the HTML.
- Invalid HTML tag nesting.

It can also happen if the client has a browser extension installed which messes with the HTML before React loaded.

https://react.dev/link/hydration-mismatch

  ...
    <SegmentViewNode type="page" pagePath="(portal)/[...">
      <SegmentTrieNode>
      <ModulePage>
        <ModuleWorkspace module={{id:"dashboard", ...}}>
          ...
            <ModuleBody module={{id:"dashboard", ...}}>
              <DashboardWorkspace>
                <div data-dashboard-hierarchy="executive-v2">
                  <CommandCentre>
                    <div className="cc-root">
                      <div>
                      <header>
                      <ControlBar locations={[...]} health={[...]} clinicGroups={[...]} ...>
                        <div className="sticky top...">
                          <div className="mx-auto w-...">
                            <div className="flex flex-...">
                              <div>
                              <div>
                              <select>
                              <div className="min-w-[180...">
                                <input
                                  value=""
                                  onChange={function onChange}
                                  placeholder="Search or Ask…"
                                  aria-label="Search or ask a question across the platform"
                                  className="cc-ctrl w-full font-semibold"
-                                 style={{caret-color:"transparent"}}
                                >
                              ...
                            ...
                      <div className="mx-auto gr...">
                        <SearchResultsPanel>
                        <div className="grid gap-3" data-dashboard-primary="executive">
                          <section>
                          <section aria-label="Priority a..." data-dashboard-area="priority-a...">
                            <FilterSentenceBar>
                            <div className="mt-2 flex ...">
                              <select>
                              <input
                                className="cc-ctrl"
                                placeholder="Assigned person…"
                                value=""
                                onChange={function onChange}
                                aria-label="Assigned person filter"
-                               style={{caret-color:"transparent"}}
                              >
                            ...
                              <div className="rounded-xl...">
                                <div className="flex flex-...">
                                  <input
                                    type="checkbox"
                                    checked={false}
                                    onChange={function onChange}
-                                   style={{caret-color:"transparent"}}
                                  >
                                  <div className="min-w-0 fl...">
                                    <div>
                                    <strong>
                                    <div>
                                    <div>
                                    <div className="mt-2 grid ...">
                                      <div className="flex flex-...">
                                        <input
                                          className="w-full rounded-xl border border-[var(--cc-card-line)] bg-[var(--c..."
                                          placeholder="Add comment…"
                                          value=""
                                          onChange={function onChange}
-                                         style={{caret-color:"transparent"}}
                                        >
                                        ...
                                      ...
                              <div className="rounded-xl...">
                                <div className="flex flex-...">
                                  <input
                                    type="checkbox"
                                    checked={false}
                                    onChange={function onChange}
-                                   style={{caret-color:"transparent"}}
                                  >
                                  <div className="min-w-0 fl...">
                                    <div>
                                    <strong>
                                    <div>
                                    <div>
                                    <div className="mt-2 grid ...">
                                      <div className="flex flex-...">
                                        <input
                                          className="w-full rounded-xl border border-[var(--cc-card-line)] bg-[var(--c..."
                                          placeholder="Add comment…"
                                          value=""
                                          onChange={function onChange}
-                                         style={{caret-color:"transparent"}}
                                        >
                                        ...
                                      ...
                              <div className="rounded-xl...">
                                <div className="flex flex-...">
                                  <input
                                    type="checkbox"
                                    checked={false}
                                    onChange={function onChange}
-                                   style={{caret-color:"transparent"}}
                                  >
                                  <div className="min-w-0 fl...">
                                    <div>
                                    <strong>
                                    <div>
                                    <div>
                                    <div className="mt-2 grid ...">
                                      <div className="flex flex-...">
                                        <input
                                          className="w-full rounded-xl border border-[var(--cc-card-line)] bg-[var(--c..."
                                          placeholder="Add comment…"
                                          value=""
                                          onChange={function onChange}
-                                         style={{caret-color:"transparent"}}
                                        >
                                        ...
                                      ...
                              <div className="rounded-xl...">
                                <div className="flex flex-...">
                                  <input
                                    type="checkbox"
                                    checked={false}
                                    onChange={function onChange}
-                                   style={{caret-color:"transparent"}}
                                  >
                                  <div className="min-w-0 fl...">
                                    <div>
                                    <strong>
                                    <div>
                                    <div>
                                    <div className="mt-2 grid ...">
                                      <div className="flex flex-...">
                                        <input
                                          className="w-full rounded-xl border border-[var(--cc-card-line)] bg-[var(--c..."
                                          placeholder="Add comment…"
                                          value=""
                                          onChange={function onChange}
-                                         style={{caret-color:"transparent"}}
                                        >
                                        ...
                                      ...
                              <div className="rounded-xl...">
                                <div className="flex flex-...">
                                  <input
                                    type="checkbox"
                                    checked={false}
                                    onChange={function onChange}
-                                   style={{caret-color:"transparent"}}
                                  >
                                  <div className="min-w-0 fl...">
                                    <div>
                                    <strong>
                                    <div>
                                    <div>
                                    <div className="mt-2 grid ...">
                                      <div className="flex flex-...">
                                        <input
                                          className="w-full rounded-xl border border-[var(--cc-card-line)] bg-[var(--c..."
                                          placeholder="Add comment…"
                                          value=""
                                          onChange={function onChange}
-                                         style={{caret-color:"transparent"}}
                                        >
                                        ...
                                      ...
                              <div className="rounded-xl...">
                                <div className="flex flex-...">
                                  <input
                                    type="checkbox"
                                    checked={false}
                                    onChange={function onChange}
-                                   style={{caret-color:"transparent"}}
                                  >
                                  <div className="min-w-0 fl...">
                                    <div>
                                    <strong>
                                    <div>
                                    <div>
                                    <div className="mt-2 grid ...">
                                      <div className="flex flex-...">
                                        <input
                                          className="w-full rounded-xl border border-[var(--cc-card-line)] bg-[var(--c..."
                                          placeholder="Add comment…"
                                          value=""
                                          onChange={function onChange}
-                                         style={{caret-color:"transparent"}}
                                        >
                                        ...
                                      ...
                              <div className="rounded-xl...">
                                <div className="flex flex-...">
                                  <input
                                    type="checkbox"
                                    checked={false}
                                    onChange={function onChange}
-                                   style={{caret-color:"transparent"}}
                                  >
                                  <div className="min-w-0 fl...">
                                    <div>
                                    <strong>
                                    <div>
                                    <div>
                                    <div className="mt-2 grid ...">
                                      <div className="flex flex-...">
                                        <input
                                          className="w-full rounded-xl border border-[var(--cc-card-line)] bg-[var(--c..."
                                          placeholder="Add comment…"
                                          value=""
                                          onChange={function onChange}
-                                         style={{caret-color:"transparent"}}
                                        >
                                        ...
                                      ...
                              <div className="rounded-xl...">
                                <div className="flex flex-...">
                                  <input
                                    type="checkbox"
                                    checked={false}
                                    onChange={function onChange}
-                                   style={{caret-color:"transparent"}}
                                  >
                                  <div className="min-w-0 fl...">
                                    <div>
                                    <strong>
                                    <div>
                                    <div>
                                    <div className="mt-2 grid ...">
                                      <div className="flex flex-...">
                                        <input
                                          className="w-full rounded-xl border border-[var(--cc-card-line)] bg-[var(--c..."
                                          placeholder="Add comment…"
                                          value=""
                                          onChange={function onChange}
-                                         style={{caret-color:"transparent"}}
                                        >
                                        ...
                                      ...
                              <div className="rounded-xl...">
                                <div className="flex flex-...">
                                  <input
                                    type="checkbox"
                                    checked={false}
                                    onChange={function onChange}
-                                   style={{caret-color:"transparent"}}
                                  >
                                  <div className="min-w-0 fl...">
                                    <div>
                                    <strong>
                                    <div>
                                    <div>
                                    <div className="mt-2 grid ...">
                                      <div className="flex flex-...">
                                        <input
                                          className="w-full rounded-xl border border-[var(--cc-card-line)] bg-[var(--c..."
                                          placeholder="Add comment…"
                                          value=""
                                          onChange={function onChange}
-                                         style={{caret-color:"transparent"}}
                                        >
                                        ...
                                      ...
                              <div className="rounded-xl...">
                                <div className="flex flex-...">
                                  <input
                                    type="checkbox"
                                    checked={false}
                                    onChange={function onChange}
-                                   style={{caret-color:"transparent"}}
                                  >
                                  <div className="min-w-0 fl...">
                                    <div>
                                    <strong>
                                    <div>
                                    <div>
                                    <div className="mt-2 grid ...">
                                      <div className="flex flex-...">
                                        <input
                                          className="w-full rounded-xl border border-[var(--cc-card-line)] bg-[var(--c..."
                                          placeholder="Add comment…"
                                          value=""
                                          onChange={function onChange}
-                                         style={{caret-color:"transparent"}}
                                        >
                                        ...
                                      ...
                          <section>
                          <details className="rounded-2x..." data-dashboard-area="secondary-...">
                            <summary>
                            <p>
                            <div className="mt-3 grid ...">
                              <AnnouncementCarousel>
                              ...
                                <div className="rounded-xl...">
                                  <div className="flex flex-...">
                                    <input
                                      type="checkbox"
                                      checked={false}
                                      onChange={function onChange}
-                                     style={{caret-color:"transparent"}}
                                    >
                                    <div className="min-w-0 fl...">
                                      <div>
                                      <strong>
                                      <div>
                                      <div>
                                      <div className="mt-2 grid ...">
                                        <div className="flex flex-...">
                                          <input
                                            className="w-full rounded-xl border border-[var(--cc-card-line)] bg-[var(-..."
                                            placeholder="Add comment…"
                                            value=""
                                            onChange={function onChange}
-                                           style={{caret-color:"transparent"}}
                                          >
                                          ...
                                        ...
                                <div className="rounded-xl...">
                                  <div className="flex flex-...">
                                    <input
                                      type="checkbox"
                                      checked={false}
                                      onChange={function onChange}
-                                     style={{caret-color:"transparent"}}
                                    >
                                    <div className="min-w-0 fl...">
                                      <div>
                                      <strong>
                                      <div>
                                      <div>
                                      <div className="mt-2 grid ...">
                                        <div className="flex flex-...">
                                          <input
                                            className="w-full rounded-xl border border-[var(--cc-card-line)] bg-[var(-..."
                                            placeholder="Add comment…"
                                            value=""
                                            onChange={function onChange}
-                                           style={{caret-color:"transparent"}}
                                          >
                                          ...
                                        ...
                              <CardStateFrame>
                              <CardStateFrame>
                              <CardStateFrame>
                              <CardStateFrame>
                              <CardStateFrame>
                              <CardStateFrame>
                              <CardStateFrame>
                              <CardStateFrame>
                              <PrivateNotesCard notes={[...]} onSave={function onSave} onDelete={function onDelete} ...>
                                <CcCard>
                                  <section className="rounded-2x..." style={undefined}>
                                    <CcCardHeader>
                                    <div className="grid gap-2...">
                                      <select>
                                      <textarea
                                        className="w-full rounded-xl border border-[var(--cc-card-line)] bg-[var(--cc-..."
                                        rows={2}
                                        value=""
                                        onChange={function onChange}
                                        placeholder="Personal reminder…"
-                                       style={{caret-color:"transparent"}}
                                      >
                                      ...
                              ...
                      ...
 
[browser] Uncaught SyntaxError: Unexpected end of JSON input
    at JSON.parse (<anonymous>)
⚠ Fast Refresh had to perform a full reload. Read more: https://nextjs.org/docs/messages/fast-refresh-reload
[browser] Uncaught Error: Hydration failed because the server rendered HTML didn't match the client. As a result this tree will be regenerated on the client. This can happen if a SSR-ed Client Component used:

- A server/client branch `if (typeof window !== 'undefined')`.
- Variable input such as `Date.now()` or `Math.random()` which changes each time it's called.
- Date formatting in a user's locale which doesn't match the server.
- External changing data without sending a snapshot of it along with the HTML.
- Invalid HTML tag nesting.

It can also happen if the client has a browser extension installed which messes with the HTML before React loaded.

https://react.dev/link/hydration-mismatch

  ...
    <SegmentViewNode type="page" pagePath="(portal)/[...">
      <SegmentTrieNode>
      <ModulePage>
        <ModuleWorkspace module={{id:"staffpay", ...}}>
          <PageHeader>
          ...
            <ModuleBody module={{id:"staffpay", ...}}>
              <StaffPayModule>
                <StaffPayWorkspace>
                  <StaffPayProvider>
                    <Suspense fallback={<div>}>
                      <DeepLinkSync>
                      <WorkspaceInner>
                        <div className="m07-shell ..." data-m07-shell="batch6-export" data-workspace-nav="horizontal">
                          <style>
                          <header className="rounded-2x...">
                            <p>
                            <p>
                            <p>
+                           <p className="mt-2 text-xs text-[var(--muted)]" role="status">
-                           <div className="mt-4">
                            ...
                          ...

    at <unknown> (https://react.dev/link/hydration-mismatch)
    at p (<anonymous>)
    at WorkspaceInner (src\modules\m07-staff-pay\StaffPayWorkspace.tsx:114:11)
    at StaffPayWorkspace (src\modules\m07-staff-pay\StaffPayWorkspace.tsx:140:9)
    at StaffPayModule (src\modules\m07-staff-pay\StaffPayModule.tsx:10:10)
    at resolveModuleEntry (src\components\workspaces\ModuleWorkspace.tsx:81:14)
    at ModuleBody (src\components\workspaces\ModuleWorkspace.tsx:122:17)
    at ModuleWorkspace (src\components\workspaces\ModuleWorkspace.tsx:177:11)
    at ModulePage (src\app\(portal)\[module]\page.tsx:78:10)
  112 |         <p className="mt-2 text-xs text-[var(--muted)]">{M07_NON_CERTIFIED_DISCLAIMER}</p>
  113 |         {bootstrap ? (
> 114 |           <p className="mt-2 text-xs text-[var(--muted)]" role="status">
      |           ^
  115 |             Storage bootstrap · schema v9 · v9Ran={String(bootstrap.v9Ran ?? false)}
  116 |           </p>
  117 |         ) : null}
